所在城市,所在省份,景点样本数,游客样本量,平均评分,平均消费金额,平均访问时长(小时),高频景点,高频季节,高频交通方式,高频游客来源省
上海市,上海,20,4693,4.32,281.72,4.53,上海辰山植物园(265) / 东方明珠(253) / 上海影视乐园(251) / 上海自然博物馆(248) / 上海博物馆(245),春季(1192) / 夏季(1186) / 秋季(1182),高铁+大巴(477) / 空调大巴(476) / 飞机+大巴(436),河南省(178) / 天津市(172) / 广东省(160) / 西藏自治区(159) / 安徽省(156)
北京市,北京,20,4553,4.4,222.06,4.5,古北水镇(265) / 北海公园(253) / 798艺术区(244) / 中国科技馆(242) / 北京欢乐谷(236),秋季(1173) / 冬季(1134) / 夏季(1131),高铁+大巴(452) / 飞机+大巴(447) / 空调大巴(429),辽宁省(152) / 陕西省(150) / 河南省(149) / 内蒙古自治区(147) / 浙江省(147)
西安市,陕西,9,2085,4.34,238.79,4.49,终南山(260) / 秦始皇兵马俑(250) / 西安钟鼓楼(239) / 华清宫(230) / 西安城墙(230),秋季(553) / 夏季(549) / 春季(499),高铁+大巴(215) / 空调大巴(200) / 飞机+大巴(181),甘肃省(87) / 浙江省(77) / 江苏省(75) / 湖南省(73) / 海南省(72)
成都市,四川,8,1833,4.19,236.08,4.48,宽窄巷子(244) / 武侯祠(240) / 青城山(237) / 杜甫草堂(233) / 成都大熊猫繁育基地(227),冬季(466) / 夏季(464) / 春季(456),高铁+大巴(218) / 飞机+大巴(191) / 空调大巴(159),北京市(65) / 贵州省(63) / 山西省(63) / 广东省(63) / 天津市(62)
洛阳市,河南,7,1573,4.39,241.37,4.59,关林(260) / 老君山(242) / 白马寺(235) / 龙门石窟(224) / 重渡沟(213),春季(408) / 冬季(405) / 秋季(401),高铁+大巴(163) / 空调大巴(147) / 飞机+大巴(146),内蒙古自治区(61) / 广东省(59) / 江苏省(57) / 浙江省(55) / 天津市(55)
哈尔滨市,黑龙江,6,1397,4.29,285.61,4.53,哈尔滨冰雪大世界(262) / 圣索菲亚教堂(241) / 东北虎林园(232) / 亚布力滑雪场(231) / 中央大街(219),秋季(365) / 春季(359) / 冬季(352),高铁+大巴(157) / 空调大巴(130) / 飞机+大巴(125),西藏自治区(59) / 内蒙古自治区(58) / 山西省(53) / 河南省(52) / 广东省(48)
苏州市,江苏,6,1383,4.56,240.81,4.51,金鸡湖(240) / 同里古镇(240) / 苏州虎丘(239) / 苏州园林(224) / 沙家浜(221),冬季(374) / 春季(340) / 秋季(336),飞机+大巴(167) / 空调大巴(134) / 高铁+大巴(129),云南省(57) / 香港特别行政区(53) / 湖南省(53) / 吉林省(47) / 江西省(47)
三亚市,海南,6,1380,4.51,274.86,4.55,天涯海角(244) / 三亚亚龙湾(239) / 蜈支洲岛(233) / 呀诺达雨林(228) / 南山文化旅游区(225),夏季(358) / 冬季(355) / 秋季(341),高铁+大巴(159) / 飞机+大巴(143) / 空调大巴(121),广东省(60) / 四川省(53) / 台湾省(51) / 福建省(49) / 西藏自治区(49)
黄山市,安徽,5,1192,4.49,300.54,4.54,黄山(260) / 花山谜窟(254) / 齐云山(244) / 古徽州文化旅游区(218) / 西递宏村(216),秋季(306) / 冬季(298) / 夏季(296),飞机+大巴(126) / 高铁+大巴(118) / 空调大巴(106),广东省(45) / 北京市(45) / 天津市(44) / 山西省(42) / 安徽省(42)
广州市,广东,5,1186,4.47,284.81,4.58,广州长隆旅游度假区(259) / 沙面岛(244) / 陈家祠(238) / 白云山(235) / 广州塔(210),冬季(304) / 春季(302) / 夏季(294),高铁+大巴(135) / 空调大巴(124) / 飞机+大巴(113),河南省(50) / 上海市(48) / 浙江省(44) / 天津市(43) / 广东省(43)
桂林市,广西,5,1173,4.43,277.97,4.6,桂林象鼻山(248) / 桂林两江四湖(240) / 阳朔西街(239) / 桂林漓江(232) / 龙脊梯田(214),春季(303) / 秋季(302) / 冬季(288),空调大巴(115) / 高铁+大巴(112) / 飞机+大巴(107),澳门特别行政区(48) / 河北省(45) / 四川省(44) / 海南省(43) / 湖南省(43)
晋中市,山西,5,1155,4.38,261.15,4.44,乔家大院(245) / 平遥古城(241) / 常家庄园(238) / 王家大院(223) / 绵山(208),春季(302) / 秋季(291) / 冬季(282),高铁+大巴(120) / 空调大巴(113) / 飞机+大巴(111),四川省(44) / 广东省(42) / 重庆市(41) / 香港特别行政区(40) / 台湾省(40)
长春市,吉林,4,973,4.48,232.96,4.36,长春电影制片厂(257) / 长春世界雕塑园(255) / 净月潭(233) / 伪满皇宫博物院(228),夏季(270) / 春季(266) / 冬季(224),高铁+大巴(100) / 空调大巴(95) / 飞机+大巴(91),河南省(39) / 台湾省(38) / 香港特别行政区(38) / 湖南省(36) / 陕西省(35)
上饶市,江西,4,951,4.54,266.7,4.43,龟峰(247) / 婺源(246) / 三清山(238) / 上饶集中营(220),冬季(256) / 春季(250) / 夏季(226),高铁+大巴(106) / 飞机+大巴(91) / 空调大巴(87),山东省(37) / 海南省(37) / 四川省(36) / 湖南省(36) / 河南省(35)
长沙市,湖南,4,951,4.48,203.5,4.47,岳麓山(251) / 长沙世界之窗(247) / 湖南省博物馆(235) / 橘子洲(218),夏季(243) / 秋季(241) / 冬季(236),空调大巴(93) / 高铁+大巴(91) / 飞机+大巴(87),安徽省(41) / 青海省(38) / 宁夏回族自治区(37) / 江苏省(36) / 江西省(34)
杭州市,浙江,4,949,4.58,321.02,4.53,杭州宋城(254) / 千岛湖(243) / 杭州西湖(232) / 杭州西溪湿地(220),冬季(253) / 夏季(237) / 春季(232),飞机+大巴(105) / 空调大巴(104) / 高铁+大巴(101),湖南省(38) / 山东省(37) / 香港特别行政区(37) / 山西省(36) / 天津市(36)
忻州市,山西,4,942,4.38,292.3,4.48,五台山(250) / 芦芽山(247) / 雁门关(233) / 万年冰洞(212),夏季(251) / 春季(250) / 冬季(229),空调大巴(99) / 高铁+大巴(89) / 飞机+大巴(72),江苏省(38) / 广东省(38) / 上海市(36) / 福建省(36) / 海南省(34)
迪庆州,云南,4,940,4.51,270.34,4.59,香格里拉(250) / 普达措国家公园(243) / 梅里雪山(225) / 虎跳峡(222),冬季(246) / 秋季(239) / 春季(232),高铁+大巴(98) / 飞机+大巴(80) / 空调大巴(72),广东省(36) / 宁夏回族自治区(36) / 浙江省(35) / 福建省(34) / 陕西省(34)
济南市,山东,4,937,4.31,203.67,4.44,千佛山(251) / 大明湖(244) / 天下第一泉(233) / 趵突泉(209),秋季(272) / 夏季(226) / 冬季(225),高铁+大巴(101) / 飞机+大巴(98) / 空调大巴(98),内蒙古自治区(41) / 广西壮族自治区(37) / 陕西省(36) / 江西省(35) / 甘肃省(33)
昆明市,云南,4,922,4.46,259.67,4.54,石林(244) / 昆明世博园(235) / 滇池(228) / 云南民族村(215),冬季(238) / 秋季(230) / 春季(228),空调大巴(94) / 飞机+大巴(92) / 高铁+大巴(88),河南省(44) / 澳门特别行政区(36) / 上海市(36) / 广东省(34) / 黑龙江省(32)
延边州,吉林,4,922,4.36,264.13,4.4,长白山(248) / 六鼎山(230) / 延边朝鲜族民俗园(225) / 防川风景区(219),冬季(248) / 春季(236) / 夏季(227),高铁+大巴(96) / 飞机+大巴(92) / 空调大巴(80),贵州省(36) / 广东省(35) / 宁夏回族自治区(35) / 西藏自治区(34) / 江苏省(34)
吉林市,吉林,4,919,4.26,278.54,4.55,雾凇岛(252) / 松花湖(236) / 北大壶滑雪场(227) / 吉林北山(204),秋季(234) / 冬季(233) / 春季(232),飞机+大巴(103) / 高铁+大巴(94) / 空调大巴(81),安徽省(36) / 湖南省(35) / 四川省(35) / 上海市(35) / 宁夏回族自治区(35)
大连市,辽宁,4,912,4.37,292.57,4.48,大连森林动物园(239) / 金石滩(235) / 大连星海广场(234) / 大连老虎滩海洋公园(204),冬季(232) / 秋季(229) / 夏季(229),空调大巴(104) / 高铁+大巴(102) / 飞机+大巴(95),台湾省(39) / 山东省(37) / 贵州省(35) / 安徽省(34) / 江苏省(32)
保定市,河北,4,888,4.51,305.53,4.57,清西陵(237) / 白石山(231) / 白洋淀(227) / 野三坡(193),夏季(242) / 春季(222) / 冬季(214),高铁+大巴(95) / 空调大巴(86) / 飞机+大巴(81),湖南省(39) / 吉林省(37) / 甘肃省(36) / 香港特别行政区(34) / 江西省(33)
无锡市,江苏,3,778,4.49,324.36,4.58,无锡影视基地(274) / 灵山大佛(265) / 鼋头渚(239),秋季(205) / 冬季(204) / 夏季(189),高铁+大巴(98) / 空调大巴(73) / 飞机+大巴(70),贵州省(34) / 河南省(34) / 江苏省(32) / 湖南省(28) / 甘肃省(28)
嘉兴市,浙江,3,753,4.57,283.97,4.52,乌镇(265) / 西塘古镇(248) / 嘉兴南湖(240),冬季(202) / 秋季(191) / 夏季(185),高铁+大巴(86) / 空调大巴(60) / 飞机+大巴(60),新疆维吾尔自治区(31) / 福建省(31) / 辽宁省(29) / 湖北省(28) / 澳门特别行政区(28)
湘西州,湖南,3,725,4.38,277.23,4.49,凤凰古城(253) / 芙蓉镇(243) / 德夯大峡谷(229),夏季(191) / 冬季(184) / 春季(179),高铁+大巴(81) / 空调大巴(71) / 飞机+大巴(54),广东省(33) / 海南省(33) / 江苏省(30) / 陕西省(29) / 福建省(26)
武汉市,湖北,3,718,4.52,230.44,4.48,东湖(249) / 木兰文化生态旅游区(240) / 黄鹤楼(229),冬季(189) / 夏季(186) / 秋季(178),飞机+大巴(84) / 高铁+大巴(75) / 空调大巴(65),安徽省(32) / 北京市(28) / 台湾省(27) / 甘肃省(26) / 澳门特别行政区(25)
沈阳市,辽宁,3,716,4.37,212.74,4.55,九一八历史博物馆(252) / 沈阳故宫(244) / 沈阳世博园(220),夏季(195) / 秋季(183) / 春季(171),空调大巴(75) / 飞机+大巴(72) / 高铁+大巴(71),云南省(37) / 江苏省(32) / 江西省(28) / 湖北省(27) / 陕西省(27)
咸阳市,陕西,3,696,4.29,261.7,4.53,乾陵(250) / 汉阳陵(230) / 茂陵(216),秋季(198) / 冬季(171) / 春季(166),高铁+大巴(81) / 飞机+大巴(64) / 空调大巴(62),安徽省(26) / 广东省(25) / 四川省(24) / 河南省(24) / 浙江省(24)
青岛市,山东,3,694,4.51,231.84,4.4,崂山(235) / 青岛海滨风景区(235) / 青岛啤酒博物馆(224),秋季(187) / 夏季(179) / 冬季(176),飞机+大巴(77) / 高铁+大巴(64) / 空调大巴(53),浙江省(34) / 香港特别行政区(30) / 山西省(29) / 台湾省(28) / 河南省(27)
大同市,山西,3,694,4.31,260.05,4.48,悬空寺(237) / 云冈石窟(232) / 大同火山群(225),夏季(195) / 春季(172) / 冬季(169),高铁+大巴(88) / 空调大巴(81) / 飞机+大巴(65),陕西省(32) / 香港特别行政区(27) / 广西壮族自治区(27) / 江苏省(27) / 重庆市(26)
厦门市,福建,3,691,4.19,212.65,4.48,厦门园林植物园(240) / 厦门曾厝垵(233) / 鼓浪屿(218),冬季(184) / 春季(178) / 秋季(171),飞机+大巴(66) / 空调大巴(63) / 高铁+大巴(62),河南省(29) / 四川省(27) / 福建省(26) / 西藏自治区(25) / 江苏省(25)
宜昌市,湖北,3,680,4.73,292.43,4.56,三峡大坝(242) / 清江画廊(225) / 三峡人家(213),秋季(189) / 冬季(176) / 夏季(166),高铁+大巴(80) / 空调大巴(65) / 飞机+大巴(64),河南省(29) / 江西省(28) / 西藏自治区(28) / 内蒙古自治区(26) / 湖北省(25)
泉州市,福建,3,677,4.43,223.56,4.61,泉州开元寺(241) / 泉州清境桃源(222) / 清源山(214),夏季(184) / 秋季(176) / 春季(167),高铁+大巴(79) / 飞机+大巴(71) / 空调大巴(69),河南省(28) / 广东省(27) / 台湾省(24) / 北京市(23) / 浙江省(23)
宁德市,福建,3,675,4.7,280.47,4.46,白水洋(235) / 太姥山(222) / 宁德鸳鸯溪(218),秋季(181) / 春季(175) / 夏季(162),高铁+大巴(77) / 空调大巴(62) / 飞机+大巴(61),浙江省(31) / 上海市(29) / 河南省(27) / 西藏自治区(27) / 广东省(24)
石家庄市,河北,3,674,4.57,216.88,4.5,西柏坡(243) / 正定隆兴寺(224) / 赵州桥(207),夏季(182) / 秋季(171) / 冬季(161),高铁+大巴(79) / 空调大巴(70) / 飞机+大巴(54),海南省(27) / 江苏省(27) / 河北省(26) / 青海省(26) / 江西省(25)
深圳市,广东,3,670,4.7,387.92,4.54,深圳世界之窗(238) / 深圳东部华侨城(218) / 深圳华侨城(214),秋季(177) / 夏季(177) / 春季(163),高铁+大巴(79) / 飞机+大巴(62) / 空调大巴(61),北京市(30) / 广西壮族自治区(28) / 青海省(25) / 山东省(25) / 西藏自治区(24)
阿坝州,四川,3,670,4.49,346.51,4.5,黄龙(236) / 四姑娘山(226) / 九寨沟(208),夏季(179) / 春季(171) / 秋季(160),高铁+大巴(79) / 空调大巴(70) / 飞机+大巴(58),河南省(27) / 山西省(27) / 安徽省(26) / 甘肃省(25) / 西藏自治区(24)
福州市,福建,3,670,4.38,193.58,4.5,福州三山两塔(232) / 三坊七巷(223) / 福州鼓山(215),春季(191) / 秋季(176) / 夏季(153),高铁+大巴(86) / 空调大巴(62) / 飞机+大巴(61),贵州省(29) / 河南省(28) / 安徽省(27) / 北京市(25) / 天津市(25)
延安市,陕西,3,667,4.5,227.57,4.51,延安革命纪念馆(249) / 黄帝陵(214) / 壶口瀑布(204),夏季(177) / 秋季(165) / 春季(163),高铁+大巴(63) / 飞机+大巴(62) / 空调大巴(52),四川省(33) / 湖南省(27) / 安徽省(26) / 天津市(26) / 西藏自治区(26)
丽江市,云南,3,666,4.56,268.08,4.42,玉龙雪山(244) / 丽江古城(217) / 泸沽湖(云南部分)(205),夏季(177) / 秋季(176) / 春季(159),空调大巴(69) / 飞机+大巴(65) / 高铁+大巴(60),浙江省(29) / 湖北省(27) / 福建省(26) / 山西省(26) / 新疆维吾尔自治区(24)
开封市,河南,3,665,4.48,257.06,4.63,龙亭公园(235) / 开封府(219) / 清明上河园(211),夏季(188) / 冬季(171) / 春季(155),高铁+大巴(65) / 飞机+大巴(59) / 空调大巴(58),河南省(32) / 辽宁省(27) / 贵州省(26) / 内蒙古自治区(26) / 重庆市(26)
安阳市,河南,3,655,4.27,271.67,4.43,红旗渠(226) / 太行大峡谷(222) / 殷墟(207),夏季(169) / 冬季(166) / 秋季(166),高铁+大巴(70) / 空调大巴(66) / 飞机+大巴(61),台湾省(29) / 陕西省(25) / 广东省(25) / 安徽省(24) / 内蒙古自治区(24)
南京市,江苏,3,649,4.37,176.89,4.43,南京博物院(223) / 中山陵(215) / 夫子庙秦淮风光带(211),春季(182) / 秋季(171) / 冬季(152),高铁+大巴(70) / 飞机+大巴(65) / 空调大巴(50),浙江省(28) / 海南省(28) / 澳门特别行政区(26) / 西藏自治区(24) / 安徽省(24)
九江市,江西,3,645,4.39,210.29,4.46,鄱阳湖(218) / 东林寺(214) / 庐山(213),春季(188) / 冬季(156) / 夏季(152),高铁+大巴(70) / 空调大巴(66) / 飞机+大巴(64),海南省(29) / 河南省(28) / 北京市(26) / 山西省(25) / 甘肃省(24)
合肥市,安徽,2,493,4.46,182.73,4.52,巢湖(248) / 三河古镇(245),夏季(139) / 秋季(125) / 春季(117),高铁+大巴(52) / 飞机+大巴(47) / 空调大巴(43),辽宁省(22) / 西藏自治区(19) / 江苏省(18) / 宁夏回族自治区(17) / 河南省(17)
承德市,河北,2,492,4.26,275.73,4.55,金山岭长城(254) / 承德避暑山庄(238),冬季(136) / 夏季(123) / 春季(117),飞机+大巴(46) / 空调大巴(44) / 高铁+大巴(34),天津市(22) / 广东省(21) / 台湾省(20) / 四川省(18) / 福建省(18)
大理州,云南,2,492,4.25,213.51,4.38,崇圣寺三塔(253) / 大理古城(239),冬季(142) / 春季(124) / 夏季(122),高铁+大巴(53) / 空调大巴(51) / 飞机+大巴(43),天津市(27) / 福建省(21) / 浙江省(20) / 内蒙古自治区(20) / 吉林省(19)
舟山市,浙江,2,488,4.69,304.22,4.47,舟山朱家尖(257) / 普陀山(231),春季(135) / 秋季(126) / 夏季(120),飞机+大巴(62) / 空调大巴(45) / 高铁+大巴(42),吉林省(25) / 陕西省(24) / 河南省(21) / 澳门特别行政区(21) / 湖南省(19)
甘孜州,四川,2,484,4.84,301.87,4.55,稻城亚丁(243) / 海螺沟(241),夏季(138) / 春季(131) / 冬季(114),飞机+大巴(66) / 高铁+大巴(56) / 空调大巴(50),浙江省(21) / 山东省(20) / 天津市(20) / 安徽省(20) / 广东省(19)
唐山市,河北,2,480,4.45,224.89,4.58,唐山南湖(241) / 清东陵(239),秋季(140) / 春季(122) / 夏季(113),飞机+大巴(55) / 高铁+大巴(51) / 空调大巴(43),宁夏回族自治区(22) / 山西省(21) / 上海市(20) / 台湾省(18) / 江苏省(18)
邯郸市,河北,2,477,4.43,256.09,4.51,广府古城(251) / 娲皇宫(226),春季(135) / 冬季(124) / 夏季(116),空调大巴(59) / 飞机+大巴(48) / 高铁+大巴(47),辽宁省(19) / 江西省(19) / 江苏省(18) / 甘肃省(18) / 山东省(18)
柳州市,广西,2,477,4.26,207.57,4.5,三江程阳八寨(245) / 柳州龙潭公园(232),秋季(125) / 夏季(120) / 冬季(117),空调大巴(57) / 高铁+大巴(52) / 飞机+大巴(46),河南省(24) / 上海市(20) / 湖北省(19) / 海南省(19) / 澳门特别行政区(19)
惠州市,广东,2,475,4.63,205.5,4.54,惠州西湖(246) / 罗浮山(229),夏季(137) / 春季(130) / 冬季(106),高铁+大巴(51) / 飞机+大巴(49) / 空调大巴(44),河南省(23) / 江西省(23) / 澳门特别行政区(21) / 湖南省(19) / 香港特别行政区(19)
景德镇市,江西,2,474,4.63,231.9,4.42,景德镇古窑(248) / 景德镇陶瓷博物馆(226),秋季(125) / 夏季(119) / 春季(115),高铁+大巴(52) / 飞机+大巴(48) / 空调大巴(45),香港特别行政区(22) / 澳门特别行政区(22) / 北京市(20) / 河北省(19) / 宁夏回族自治区(19)
郴州市,湖南,2,474,4.54,253.36,4.38,东江湖(242) / 莽山(232),秋季(125) / 冬季(119) / 春季(118),高铁+大巴(61) / 飞机+大巴(48) / 空调大巴(47),陕西省(21) / 广东省(21) / 江西省(20) / 吉林省(19) / 山东省(18)
郑州市,河南,2,473,4.55,260.99,4.52,少林寺(240) / 黄河风景区(233),春季(124) / 冬季(120) / 夏季(116),空调大巴(45) / 飞机+大巴(44) / 高铁+大巴(39),内蒙古自治区(22) / 重庆市(18) / 甘肃省(18) / 贵州省(18) / 香港特别行政区(17)
莆田市,福建,2,472,4.44,237.74,4.48,莆田九鲤湖(258) / 湄洲岛(214),夏季(139) / 冬季(114) / 春季(111),高铁+大巴(46) / 飞机+大巴(41) / 空调大巴(39),河南省(23) / 台湾省(21) / 香港特别行政区(20) / 浙江省(19) / 海南省(19)
威海市,山东,2,472,4.38,279.83,4.62,刘公岛(247) / 威海华夏城(225),夏季(125) / 春季(121) / 秋季(120),飞机+大巴(47) / 空调大巴(42) / 高铁+大巴(32),陕西省(26) / 湖南省(20) / 河北省(20) / 浙江省(19) / 香港特别行政区(18)
红河州,云南,2,472,4.2,212.12,4.59,建水古城(236) / 元阳梯田(236),春季(126) / 夏季(123) / 冬季(112),高铁+大巴(48) / 空调大巴(46) / 飞机+大巴(40),浙江省(23) / 湖南省(20) / 山西省(20) / 云南省(19) / 内蒙古自治区(19)
岳阳市,湖南,2,470,4.71,232.37,4.47,岳阳楼(242) / 岳阳君山岛(228),春季(136) / 夏季(132) / 秋季(104),高铁+大巴(53) / 飞机+大巴(33) / 空调大巴(30),内蒙古自治区(21) / 福建省(18) / 西藏自治区(18) / 甘肃省(17) / 云南省(17)
常德市,湖南,2,470,4.26,239.53,4.62,桃花源(248) / 柳叶湖(222),秋季(123) / 春季(117) / 夏季(116),高铁+大巴(58) / 飞机+大巴(56) / 空调大巴(46),广西壮族自治区(21) / 河南省(20) / 辽宁省(20) / 四川省(20) / 江西省(20)
太原市,山西,2,469,4.18,229.33,4.57,晋祠(247) / 太原汾河公园(222),春季(131) / 冬季(129) / 秋季(106),高铁+大巴(45) / 飞机+大巴(40) / 空调大巴(37),福建省(24) / 贵州省(20) / 湖南省(18) / 陕西省(18) / 广东省(17)
湖州市,浙江,2,467,4.63,266.15,4.5,莫干山(242) / 南浔古镇(225),春季(133) / 夏季(121) / 秋季(110),飞机+大巴(52) / 高铁+大巴(52) / 空调大巴(48),上海市(20) / 陕西省(19) / 黑龙江省(19) / 澳门特别行政区(18) / 吉林省(18)
海口市,海南,2,467,3.98,188.47,4.44,海口骑楼老街(235) / 海口火山口(232),春季(123) / 冬季(120) / 秋季(113),高铁+大巴(52) / 空调大巴(51) / 飞机+大巴(42),辽宁省(22) / 广东省(22) / 西藏自治区(21) / 湖南省(18) / 湖北省(18)
西双版纳州,云南,2,465,4.34,241.36,4.51,西双版纳野象谷(242) / 西双版纳热带植物园(223),春季(129) / 夏季(115) / 秋季(111),飞机+大巴(50) / 高铁+大巴(41) / 空调大巴(37),河南省(20) / 甘肃省(19) / 海南省(19) / 广东省(18) / 湖北省(18)
白山市,吉林,2,464,4.46,272.71,4.63,露水河国家森林公园(235) / 白山长白山大峡谷(229),夏季(132) / 冬季(120) / 春季(114),空调大巴(48) / 飞机+大巴(47) / 高铁+大巴(43),广东省(24) / 辽宁省(20) / 湖北省(19) / 吉林省(19) / 香港特别行政区(19)
萍乡市,江西,2,464,4.38,192.56,4.69,武功山(234) / 安源路矿工人运动纪念馆(230),春季(129) / 夏季(123) / 秋季(107),高铁+大巴(58) / 飞机+大巴(44) / 空调大巴(32),河南省(21) / 内蒙古自治区(19) / 广西壮族自治区(18) / 湖北省(18) / 福建省(18)
临汾市,山西,2,463,4.4,254.9,4.52,壶口瀑布(248) / 洪洞大槐树(215),秋季(125) / 春季(124) / 夏季(112),飞机+大巴(52) / 空调大巴(35) / 高铁+大巴(34),澳门特别行政区(23) / 福建省(19) / 山西省(18) / 重庆市(17) / 台湾省(17)
乐山市,四川,2,462,4.64,298.83,4.54,峨眉山(252) / 乐山大佛(210),秋季(130) / 夏季(124) / 冬季(111),高铁+大巴(64) / 空调大巴(43) / 飞机+大巴(41),安徽省(24) / 山西省(18) / 重庆市(18) / 北京市(18) / 贵州省(17)
烟台市,山东,2,462,4.44,248.71,4.52,烟台山(237) / 蓬莱阁(225),夏季(119) / 秋季(116) / 冬季(115),空调大巴(50) / 高铁+大巴(44) / 飞机+大巴(40),安徽省(20) / 陕西省(18) / 江苏省(18) / 广东省(18) / 西藏自治区(18)
龙岩市,福建,2,460,4.32,278.37,4.52,福建土楼(239) / 龙岩冠豸山(221),冬季(119) / 秋季(117) / 春季(114),飞机+大巴(59) / 高铁+大巴(51) / 空调大巴(38),辽宁省(20) / 台湾省(19) / 上海市(18) / 海南省(18) / 浙江省(18)
张家界市,湖南,2,459,4.63,426.1,4.47,天门山(236) / 张家界武陵源(223),秋季(123) / 夏季(117) / 春季(112),空调大巴(51) / 高铁+大巴(46) / 飞机+大巴(45),西藏自治区(24) / 安徽省(20) / 陕西省(18) / 甘肃省(18) / 河南省(18)
台州市,浙江,2,458,4.58,265.08,4.65,天台山(238) / 台州神仙居(220),秋季(136) / 春季(116) / 冬季(103),空调大巴(48) / 高铁+大巴(42) / 飞机+大巴(41),湖北省(23) / 内蒙古自治区(21) / 河北省(20) / 福建省(20) / 广东省(19)
温州市,浙江,2,455,4.74,260.33,4.59,温州楠溪江(236) / 雁荡山(219),冬季(117) / 夏季(114) / 秋季(114),飞机+大巴(56) / 空调大巴(45) / 高铁+大巴(37),陕西省(21) / 青海省(19) / 安徽省(18) / 山东省(18) / 台湾省(17)
北海市,广西,2,454,4.67,225.66,4.41,北海银滩(238) / 涠洲岛(216),春季(127) / 秋季(122) / 夏季(104),空调大巴(49) / 高铁+大巴(48) / 飞机+大巴(38),广东省(20) / 福建省(20) / 河南省(20) / 湖北省(19) / 香港特别行政区(18)
通化市,吉林,2,452,4.45,243.34,4.31,高句丽遗址(232) / 龙湾群国家森林公园(220),秋季(126) / 春季(113) / 夏季(108),高铁+大巴(57) / 飞机+大巴(41) / 空调大巴(38),贵州省(20) / 湖北省(20) / 浙江省(18) / 河南省(18) / 澳门特别行政区(18)
安庆市,安徽,2,451,4.56,246.63,4.62,安庆振风塔(229) / 天柱山(222),春季(123) / 秋季(111) / 夏季(110),空调大巴(47) / 高铁+大巴(42) / 飞机+大巴(40),河南省(22) / 浙江省(20) / 西藏自治区(19) / 湖南省(18) / 海南省(18)
宝鸡市,陕西,2,446,4.63,271.15,4.46,太白山(233) / 法门寺(213),秋季(113) / 夏季(112) / 春季(111),飞机+大巴(56) / 空调大巴(46) / 高铁+大巴(40),福建省(21) / 上海市(19) / 重庆市(18) / 江苏省(18) / 西藏自治区(18)
秦皇岛市,河北,2,445,4.42,192.11,4.55,山海关(228) / 北戴河(217),春季(114) / 秋季(112) / 冬季(110),飞机+大巴(48) / 高铁+大巴(45) / 空调大巴(40),江苏省(19) / 西藏自治区(19) / 甘肃省(18) / 上海市(17) / 安徽省(17)
黑河市,黑龙江,2,441,4.35,229.98,4.48,黑河瑷珲古城(225) / 五大连池(216),春季(127) / 夏季(117) / 冬季(104),飞机+大巴(55) / 高铁+大巴(42) / 空调大巴(35),河北省(22) / 湖北省(20) / 甘肃省(19) / 澳门特别行政区(19) / 天津市(18)
南昌市,江西,2,440,4.28,194.95,4.41,南昌八一起义纪念馆(233) / 滕王阁(207),夏季(124) / 冬季(110) / 秋季(106),高铁+大巴(51) / 空调大巴(45) / 飞机+大巴(41),海南省(23) / 四川省(19) / 陕西省(19) / 宁夏回族自治区(19) / 湖南省(18)
常州市,江苏,2,438,4.69,399.44,4.61,常州中华恐龙园(228) / 天目湖(210),秋季(121) / 冬季(111) / 夏季(105),高铁+大巴(50) / 空调大巴(40) / 飞机+大巴(39),黑龙江省(24) / 湖南省(20) / 河北省(20) / 宁夏回族自治区(19) / 北京市(17)
南平市,福建,2,438,4.41,278.54,4.57,武夷山(226) / 南平和平古镇(212),夏季(114) / 冬季(111) / 秋季(107),飞机+大巴(50) / 空调大巴(42) / 高铁+大巴(38),香港特别行政区(21) / 西藏自治区(20) / 湖北省(18) / 上海市(16) / 台湾省(16)
牡丹江市,黑龙江,2,434,4.53,288.25,4.37,镜泊湖(224) / 中国雪乡(210),冬季(119) / 秋季(112) / 夏季(105),高铁+大巴(44) / 飞机+大巴(41) / 空调大巴(40),西藏自治区(18) / 河南省(18) / 浙江省(18) / 上海市(18) / 澳门特别行政区(16)
丹东市,辽宁,2,434,4.2,237.86,4.43,鸭绿江断桥(228) / 丹东凤凰山(206),秋季(114) / 冬季(111) / 夏季(110),高铁+大巴(51) / 空调大巴(45) / 飞机+大巴(41),重庆市(20) / 广东省(17) / 安徽省(17) / 海南省(17) / 江苏省(16)
赣州市,江西,2,426,4.25,233.13,4.45,通天岩(216) / 瑞金共和国摇篮(210),秋季(116) / 春季(111) / 夏季(108),空调大巴(46) / 高铁+大巴(43) / 飞机+大巴(35),山西省(18) / 贵州省(18) / 河南省(18) / 海南省(17) / 安徽省(16)
保山市,云南,2,424,4.56,245.08,4.47,和顺古镇(216) / 腾冲热海(208),夏季(118) / 冬季(106) / 春季(103),空调大巴(44) / 飞机+大巴(41) / 高铁+大巴(34),广西壮族自治区(20) / 宁夏回族自治区(20) / 重庆市(19) / 陕西省(19) / 福建省(18)
滁州市,安徽,2,419,4.24,264.96,4.55,琅琊山(218) / 明皇陵(201),秋季(109) / 春季(106) / 夏季(103),空调大巴(49) / 高铁+大巴(46) / 飞机+大巴(33),安徽省(22) / 河北省(21) / 内蒙古自治区(18) / 台湾省(18) / 天津市(17)
安康市,陕西,1,259,4.4,235.17,4.37,瀛湖(259),秋季(71) / 夏季(71) / 春季(61),高铁+大巴(22) / 飞机+大巴(20) / 空调大巴(20),浙江省(14) / 海南省(13) / 西藏自治区(13) / 河南省(13) / 四川省(13)
百色市,广西,1,258,4.36,169.59,4.26,百色起义纪念馆(258),秋季(69) / 夏季(68) / 春季(65),飞机+大巴(27) / 高铁+大巴(26) / 空调大巴(21),湖北省(14) / 海南省(13) / 陕西省(12) / 浙江省(11) / 河南省(11)
衢州市,浙江,1,255,4.76,287.36,4.39,衢州江郎山(255),夏季(68) / 秋季(66) / 冬季(64),高铁+大巴(29) / 空调大巴(24) / 飞机+大巴(16),湖北省(15) / 澳门特别行政区(14) / 江苏省(12) / 浙江省(11) / 重庆市(11)
株洲市,湖南,1,255,4.46,240.57,4.45,炎帝陵(255),夏季(85) / 秋季(62) / 冬季(57),高铁+大巴(27) / 飞机+大巴(26) / 空调大巴(25),云南省(13) / 广西壮族自治区(12) / 福建省(12) / 西藏自治区(11) / 湖南省(11)
辽源市,吉林,1,255,4.39,197.43,4.49,辽源矿工墓(255),春季(74) / 夏季(69) / 冬季(63),空调大巴(25) / 高铁+大巴(21) / 飞机+大巴(21),北京市(13) / 山西省(12) / 河北省(12) / 福建省(11) / 广西壮族自治区(11)
抚顺市,辽宁,1,255,4.02,250.22,4.5,抚顺赫图阿拉城(255),秋季(69) / 冬季(67) / 春季(60),空调大巴(33) / 高铁+大巴(31) / 飞机+大巴(26),甘肃省(17) / 湖北省(13) / 重庆市(12) / 北京市(11) / 山东省(11)
连云港市,江苏,1,254,4.67,264.26,4.32,花果山(254),冬季(71) / 秋季(71) / 夏季(58),飞机+大巴(26) / 空调大巴(22) / 高铁+大巴(21),河南省(15) / 江西省(14) / 天津市(12) / 台湾省(11) / 浙江省(11)
金华市,浙江,1,252,4.52,496.26,4.47,横店影视城(252),冬季(67) / 秋季(64) / 春季(61),高铁+大巴(31) / 空调大巴(26) / 飞机+大巴(25),青海省(15) / 安徽省(12) / 陕西省(12) / 海南省(11) / 香港特别行政区(11)
十堰市,湖北,1,252,4.49,413.55,4.53,武当山(252),秋季(69) / 春季(65) / 夏季(64),空调大巴(29) / 飞机+大巴(26) / 高铁+大巴(26),重庆市(12) / 四川省(11) / 天津市(11) / 河南省(10) / 澳门特别行政区(10)
绥化市,黑龙江,1,251,4.3,236.66,4.29,绥化金龟山庄(251),春季(71) / 夏季(67) / 冬季(58),高铁+大巴(28) / 飞机+大巴(27) / 空调大巴(22),山西省(16) / 香港特别行政区(12) / 江苏省(12) / 宁夏回族自治区(11) / 吉林省(9)
潮州市,广东,1,250,3.98,187.77,4.48,潮州广济桥(250),夏季(71) / 秋季(68) / 春季(61),飞机+大巴(26) / 空调大巴(25) / 高铁+大巴(22),海南省(12) / 湖南省(12) / 江苏省(12) / 浙江省(11) / 广东省(11)
肇庆市,广东,1,248,4.83,248.22,4.4,肇庆星湖(248),冬季(70) / 春季(68) / 夏季(56),高铁+大巴(28) / 空调大巴(27) / 飞机+大巴(13),陕西省(13) / 青海省(11) / 浙江省(10) / 湖北省(10) / 甘肃省(9)
扬州市,江苏,1,247,4.56,324.62,4.54,瘦西湖(247),夏季(72) / 春季(69) / 冬季(55),高铁+大巴(27) / 空调大巴(26) / 飞机+大巴(19),内蒙古自治区(13) / 安徽省(11) / 四川省(11) / 西藏自治区(11) / 云南省(11)
池州市,安徽,1,247,4.51,335.68,4.6,九华山(247),春季(68) / 秋季(66) / 冬季(60),空调大巴(35) / 飞机+大巴(23) / 高铁+大巴(17),天津市(15) / 台湾省(13) / 甘肃省(12) / 江西省(11) / 吉林省(10)
江门市,广东,1,247,4.47,342.7,4.48,开平碉楼(247),秋季(74) / 冬季(59) / 春季(58),空调大巴(30) / 飞机+大巴(26) / 高铁+大巴(22),上海市(13) / 福建省(12) / 北京市(11) / 江西省(11) / 山西省(10)
六安市,安徽,1,246,4.88,306.2,4.43,天堂寨(246),夏季(69) / 春季(62) / 秋季(58),空调大巴(29) / 高铁+大巴(25) / 飞机+大巴(21),湖南省(15) / 贵州省(14) / 四川省(11) / 湖北省(10) / 河北省(10)
陵水县,海南,1,246,4.76,319.7,4.45,分界洲岛(246),春季(70) / 秋季(66) / 冬季(56),飞机+大巴(27) / 高铁+大巴(25) / 空调大巴(19),海南省(12) / 四川省(11) / 江西省(11) / 内蒙古自治区(10) / 山东省(10)
葫芦岛市,辽宁,1,246,4.42,224.14,4.51,葫芦岛兴城古城(246),夏季(66) / 秋季(61) / 春季(60),飞机+大巴(27) / 高铁+大巴(22) / 空调大巴(21),陕西省(13) / 青海省(13) / 湖南省(11) / 江西省(11) / 辽宁省(10)
镇江市,江苏,1,245,4.27,272.42,4.58,茅山(245),冬季(65) / 秋季(62) / 夏季(61),飞机+大巴(26) / 高铁+大巴(25) / 空调大巴(25),吉林省(16) / 香港特别行政区(12) / 河南省(11) / 甘肃省(11) / 湖北省(10)
长治市,山西,1,244,4.83,305.84,4.56,太行山大峡谷(244),秋季(65) / 夏季(65) / 春季(59),高铁+大巴(32) / 飞机+大巴(26) / 空调大巴(16),北京市(14) / 辽宁省(13) / 台湾省(12) / 黑龙江省(11) / 四川省(10)
宜春市,江西,1,244,4.4,249.18,4.33,明月山(244),秋季(68) / 夏季(65) / 春季(59),空调大巴(27) / 飞机+大巴(25) / 高铁+大巴(23),新疆维吾尔自治区(13) / 澳门特别行政区(12) / 甘肃省(11) / 江苏省(11) / 安徽省(11)
绍兴市,浙江,1,244,4.4,179.42,4.44,绍兴鲁迅故里(244),秋季(66) / 冬季(61) / 春季(59),空调大巴(26) / 飞机+大巴(23) / 高铁+大巴(21),江苏省(14) / 西藏自治区(12) / 贵州省(11) / 江西省(11) / 黑龙江省(10)
防城港市,广西,1,244,4.39,242.86,4.52,防城港十万大山(244),秋季(68) / 春季(61) / 夏季(59),空调大巴(25) / 高铁+大巴(21) / 飞机+大巴(19),陕西省(12) / 湖南省(12) / 安徽省(10) / 甘肃省(10) / 天津市(10)
娄底市,湖南,1,244,4.37,251.72,4.34,紫鹊界梯田(244),冬季(66) / 春季(63) / 夏季(59),飞机+大巴(30) / 空调大巴(25) / 高铁+大巴(25),福建省(14) / 安徽省(13) / 甘肃省(11) / 辽宁省(11) / 重庆市(11)
辽阳市,辽宁,1,244,4.3,216.86,4.61,辽阳广佑寺(244),春季(72) / 冬季(63) / 秋季(58),空调大巴(30) / 高铁+大巴(27) / 飞机+大巴(15),广西壮族自治区(13) / 台湾省(13) / 云南省(12) / 宁夏回族自治区(12) / 青海省(11)
德阳市,四川,1,244,4.13,258.99,4.76,三星堆遗址(244),冬季(66) / 春季(64) / 夏季(58),高铁+大巴(34) / 飞机+大巴(20) / 空调大巴(19),浙江省(11) / 四川省(11) / 湖南省(10) / 海南省(10) / 山西省(10)
鹰潭市,江西,1,243,4.69,343.4,4.83,龙虎山(243),春季(68) / 秋季(65) / 夏季(58),飞机+大巴(30) / 高铁+大巴(19) / 空调大巴(16),澳门特别行政区(13) / 上海市(12) / 台湾省(12) / 海南省(11) / 新疆维吾尔自治区(10)
渭南市,陕西,1,243,4.39,326.51,4.37,华山(243),秋季(69) / 夏季(68) / 春季(62),高铁+大巴(26) / 飞机+大巴(19) / 空调大巴(14),浙江省(12) / 湖南省(11) / 上海市(10) / 云南省(10) / 河南省(10)
驻马店市,河南,1,242,4.69,257.81,4.44,嵖岈山(242),秋季(68) / 春季(61) / 冬季(61),空调大巴(28) / 飞机+大巴(26) / 高铁+大巴(22),重庆市(13) / 江西省(13) / 河南省(11) / 台湾省(11) / 吉林省(11)
保亭县,海南,1,242,4.39,263.66,4.27,槟榔谷(242),夏季(71) / 秋季(61) / 春季(59),空调大巴(26) / 高铁+大巴(22) / 飞机+大巴(21),内蒙古自治区(14) / 四川省(12) / 重庆市(11) / 北京市(10) / 福建省(10)
来宾市,广西,1,242,4.37,233.17,4.29,来宾金秀圣堂山(242),冬季(66) / 秋季(65) / 春季(58),飞机+大巴(28) / 空调大巴(24) / 高铁+大巴(19),甘肃省(14) / 安徽省(13) / 广东省(13) / 天津市(12) / 湖南省(12)
钦州市,广西,1,241,4.52,215.82,4.44,钦州三娘湾(241),秋季(65) / 冬季(65) / 春季(64),空调大巴(23) / 高铁+大巴(20) / 飞机+大巴(19),河南省(15) / 内蒙古自治区(12) / 江西省(11) / 浙江省(11) / 西藏自治区(10)
潍坊市,山东,1,241,4.5,160.61,4.41,潍坊青州古城(241),冬季(68) / 夏季(62) / 秋季(56),飞机+大巴(29) / 高铁+大巴(21) / 空调大巴(17),安徽省(13) / 澳门特别行政区(11) / 四川省(11) / 重庆市(11) / 天津市(10)
宁波市,浙江,1,240,4.32,199.08,4.35,宁波天一阁(240),夏季(66) / 秋季(64) / 春季(56),空调大巴(25) / 高铁+大巴(24) / 飞机+大巴(14),福建省(11) / 山东省(10) / 辽宁省(10) / 陕西省(10) / 上海市(10)
四平市,吉林,1,239,4.13,178.04,4.42,四平战役纪念馆(239),夏季(64) / 冬季(63) / 春季(57),空调大巴(31) / 高铁+大巴(27) / 飞机+大巴(22),河南省(12) / 台湾省(10) / 广西壮族自治区(10) / 北京市(10) / 辽宁省(10)
淮南市,安徽,1,238,4.23,218.03,4.16,寿县古城(238),冬季(69) / 夏季(61) / 秋季(54),高铁+大巴(31) / 空调大巴(25) / 飞机+大巴(21),甘肃省(14) / 天津市(12) / 澳门特别行政区(11) / 山东省(11) / 宁夏回族自治区(11)
临沂市,山东,1,237,4.65,251.05,4.54,沂蒙山(237),秋季(63) / 夏季(62) / 春季(60),空调大巴(27) / 飞机+大巴(22) / 高铁+大巴(18),浙江省(14) / 江苏省(12) / 山西省(11) / 陕西省(11) / 天津市(10)
玉林市,广西,1,237,4.6,316.69,4.42,玉林云天文化城(237),夏季(75) / 秋季(58) / 冬季(54),飞机+大巴(25) / 空调大巴(22) / 高铁+大巴(18),江苏省(16) / 内蒙古自治区(12) / 香港特别行政区(11) / 台湾省(11) / 海南省(10)
聊城市,山东,1,237,4.58,185.87,4.43,聊城东昌湖(237),秋季(64) / 冬季(61) / 春季(58),飞机+大巴(31) / 空调大巴(25) / 高铁+大巴(14),山东省(12) / 四川省(12) / 山西省(12) / 西藏自治区(10) / 辽宁省(9)
佛山市,广东,1,236,4.71,250.71,4.5,西樵山(236),秋季(64) / 冬季(61) / 夏季(58),空调大巴(24) / 高铁+大巴(21) / 飞机+大巴(16),西藏自治区(14) / 山东省(10) / 四川省(10) / 甘肃省(10) / 上海市(10)
佳木斯市,黑龙江,1,236,4.59,186.86,4.43,佳木斯同江三江口(236),春季(67) / 秋季(60) / 冬季(59),飞机+大巴(33) / 高铁+大巴(22) / 空调大巴(17),澳门特别行政区(13) / 河北省(13) / 黑龙江省(10) / 福建省(10) / 甘肃省(9)
荆门市,湖北,1,236,4.41,216.62,4.55,荆门明显陵(236),春季(62) / 夏季(61) / 冬季(60),空调大巴(25) / 飞机+大巴(23) / 高铁+大巴(22),重庆市(15) / 湖南省(14) / 西藏自治区(11) / 江西省(11) / 云南省(10)
运城市,山西,1,236,4.31,206.04,4.47,运城盐湖(236),夏季(67) / 秋季(66) / 春季(56),高铁+大巴(27) / 飞机+大巴(25) / 空调大巴(25),云南省(14) / 山西省(11) / 安徽省(11) / 宁夏回族自治区(10) / 广东省(10)
衡阳市,湖南,1,235,4.3,287.5,4.5,南岳衡山(235),秋季(63) / 夏季(62) / 冬季(59),空调大巴(31) / 飞机+大巴(20) / 高铁+大巴(16),陕西省(11) / 湖南省(11) / 辽宁省(10) / 上海市(10) / 福建省(10)
湛江市,广东,1,235,4.29,227.32,4.48,湛江湖光岩(235),冬季(67) / 夏季(60) / 春季(58),高铁+大巴(28) / 空调大巴(20) / 飞机+大巴(18),江苏省(14) / 青海省(12) / 四川省(11) / 湖南省(11) / 云南省(11)
焦作市,河南,1,234,4.73,298.99,4.61,云台山(234),夏季(74) / 春季(60) / 冬季(55),高铁+大巴(31) / 飞机+大巴(25) / 空调大巴(21),四川省(12) / 内蒙古自治区(10) / 吉林省(10) / 澳门特别行政区(9) / 江苏省(9)
邢台市,河北,1,234,4.6,220.08,4.22,邢台大峡谷(234),秋季(68) / 冬季(62) / 春季(61),高铁+大巴(27) / 飞机+大巴(26) / 空调大巴(24),河北省(10) / 内蒙古自治区(10) / 湖北省(10) / 宁夏回族自治区(10) / 河南省(9)
日照市,山东,1,234,4.59,236.24,4.43,日照海滨国家森林公园(234),秋季(72) / 春季(59) / 夏季(54),高铁+大巴(30) / 飞机+大巴(25) / 空调大巴(22),湖南省(14) / 河南省(10) / 辽宁省(10) / 甘肃省(9) / 台湾省(9)
商洛市,陕西,1,234,4.4,271.87,4.24,金丝峡(234),夏季(61) / 秋季(61) / 春季(57),高铁+大巴(26) / 飞机+大巴(25) / 空调大巴(22),安徽省(11) / 河南省(11) / 甘肃省(11) / 广西壮族自治区(11) / 云南省(10)
鹤岗市,黑龙江,1,234,4.3,211.4,4.67,鹤岗萝北名山岛(234),夏季(67) / 秋季(60) / 春季(56),空调大巴(33) / 高铁+大巴(28) / 飞机+大巴(16),四川省(13) / 贵州省(13) / 香港特别行政区(11) / 山西省(10) / 北京市(10)
徐州市,江苏,1,233,4.76,179.45,4.35,徐州云龙湖(233),冬季(68) / 春季(59) / 秋季(57),高铁+大巴(25) / 飞机+大巴(22) / 空调大巴(21),甘肃省(14) / 安徽省(13) / 湖南省(10) / 江西省(9) / 宁夏回族自治区(9)
珠海市,广东,1,233,4.75,578.26,4.41,珠海长隆海洋王国(233),春季(70) / 夏季(62) / 秋季(54),高铁+大巴(29) / 飞机+大巴(23) / 空调大巴(22),湖北省(11) / 广西壮族自治区(11) / 内蒙古自治区(11) / 台湾省(10) / 湖南省(10)
枣庄市,山东,1,233,4.68,325.59,4.3,台儿庄古城(233),夏季(62) / 冬季(61) / 春季(61),空调大巴(25) / 高铁+大巴(24) / 飞机+大巴(19),陕西省(14) / 甘肃省(13) / 江苏省(11) / 西藏自治区(11) / 上海市(9)
双鸭山市,黑龙江,1,233,4.67,230.92,4.41,双鸭山七星峰(233),夏季(64) / 春季(57) / 冬季(57),高铁+大巴(29) / 飞机+大巴(23) / 空调大巴(17),上海市(14) / 甘肃省(13) / 浙江省(11) / 湖南省(10) / 重庆市(9)
神农架林区,湖北,1,233,4.49,293.42,4.63,神农架(233),春季(67) / 冬季(56) / 秋季(55),高铁+大巴(28) / 空调大巴(21) / 飞机+大巴(16),江苏省(13) / 宁夏回族自治区(12) / 重庆市(11) / 江西省(11) / 四川省(10)
大庆市,黑龙江,1,233,4.31,163.78,4.27,大庆铁人纪念馆(233),秋季(67) / 冬季(64) / 春季(52),空调大巴(31) / 高铁+大巴(27) / 飞机+大巴(22),湖北省(12) / 贵州省(11) / 内蒙古自治区(11) / 重庆市(10) / 辽宁省(9)
漳州市,福建,1,233,4.29,247.75,4.3,漳州东山岛(233),春季(66) / 冬季(60) / 夏季(56),飞机+大巴(22) / 空调大巴(21) / 高铁+大巴(21),广西壮族自治区(12) / 澳门特别行政区(12) / 山东省(12) / 河南省(11) / 河北省(9)
齐齐哈尔市,黑龙江,1,233,4.29,250.77,4.52,扎龙自然保护区(233),冬季(64) / 夏季(61) / 秋季(56),飞机+大巴(28) / 空调大巴(27) / 高铁+大巴(16),澳门特别行政区(14) / 四川省(13) / 上海市(12) / 台湾省(12) / 河南省(12)
宜宾市,四川,1,232,4.52,263.12,4.51,蜀南竹海(232),秋季(64) / 春季(57) / 冬季(56),高铁+大巴(28) / 空调大巴(24) / 飞机+大巴(18),江西省(12) / 天津市(12) / 香港特别行政区(12) / 陕西省(11) / 宁夏回族自治区(11)
万宁市,海南,1,232,4.47,234.25,4.47,万宁兴隆热带植物园(232),夏季(66) / 秋季(65) / 冬季(53),飞机+大巴(30) / 高铁+大巴(18) / 空调大巴(13),湖南省(12) / 西藏自治区(11) / 江苏省(11) / 宁夏回族自治区(11) / 北京市(10)
伊春市,黑龙江,1,232,4.4,229.1,4.45,伊春五营国家森林公园(232),秋季(65) / 夏季(58) / 冬季(56),空调大巴(24) / 飞机+大巴(24) / 高铁+大巴(24),贵州省(10) / 江苏省(10) / 西藏自治区(10) / 内蒙古自治区(10) / 重庆市(9)
梅州市,广东,1,232,4.38,278.7,4.34,梅州客天下(232),秋季(62) / 春季(62) / 夏季(54),高铁+大巴(26) / 飞机+大巴(25) / 空调大巴(25),陕西省(13) / 台湾省(13) / 广东省(11) / 贵州省(11) / 福建省(10)
文昌市,海南,1,232,4.01,148.67,4.63,文昌东郊椰林(232),夏季(66) / 冬季(61) / 春季(58),飞机+大巴(22) / 高铁+大巴(22) / 空调大巴(21),湖南省(13) / 上海市(12) / 天津市(12) / 香港特别行政区(11) / 河南省(10)
抚州市,江西,1,231,4.65,225.63,4.56,大觉山(231),秋季(64) / 冬季(60) / 夏季(59),高铁+大巴(32) / 飞机+大巴(19) / 空调大巴(18),福建省(13) / 安徽省(13) / 台湾省(12) / 海南省(12) / 江苏省(10)
衡水市,河北,1,231,4.4,187.67,4.64,衡水湖(231),夏季(62) / 春季(62) / 冬季(56),高铁+大巴(27) / 空调大巴(24) / 飞机+大巴(18),河南省(13) / 台湾省(12) / 北京市(10) / 福建省(10) / 山东省(9)
韶关市,广东,1,230,4.68,271.61,4.61,丹霞山(230),秋季(66) / 夏季(58) / 春季(54),高铁+大巴(30) / 飞机+大巴(23) / 空调大巴(22),河南省(13) / 天津市(13) / 安徽省(11) / 四川省(11) / 西藏自治区(11)
琼海市,海南,1,230,4.39,309.85,4.56,琼海博鳌亚洲论坛(230),秋季(63) / 春季(56) / 夏季(56),空调大巴(29) / 高铁+大巴(20) / 飞机+大巴(16),浙江省(12) / 安徽省(12) / 河南省(11) / 贵州省(11) / 广东省(11)
鸡西市,黑龙江,1,230,4.29,212.63,4.61,鸡西兴凯湖(230),夏季(69) / 秋季(59) / 春季(57),飞机+大巴(27) / 高铁+大巴(25) / 空调大巴(24),青海省(14) / 陕西省(13) / 新疆维吾尔自治区(12) / 广西壮族自治区(11) / 江苏省(10)
松原市,吉林,1,230,4.26,210.38,4.67,查干湖(230),春季(63) / 秋季(61) / 夏季(57),空调大巴(24) / 飞机+大巴(22) / 高铁+大巴(20),湖南省(12) / 陕西省(11) / 安徽省(11) / 福建省(11) / 天津市(10)
潜江市,湖北,1,230,4.25,168.11,4.81,潜江曹禺公园(230),夏季(66) / 秋季(64) / 冬季(52),高铁+大巴(22) / 空调大巴(19) / 飞机+大巴(14),陕西省(13) / 广西壮族自治区(11) / 浙江省(11) / 天津市(11) / 宁夏回族自治区(10)
南充市,四川,1,229,4.5,293.69,4.61,阆中古城(229),冬季(65) / 秋季(60) / 夏季(59),高铁+大巴(27) / 空调大巴(23) / 飞机+大巴(19),湖南省(11) / 广东省(11) / 江苏省(10) / 上海市(10) / 湖北省(10)
沧州市,河北,1,229,4.43,285.77,4.5,吴桥杂技大世界(229),秋季(60) / 冬季(57) / 夏季(56),高铁+大巴(24) / 飞机+大巴(17) / 空调大巴(16),天津市(12) / 云南省(11) / 内蒙古自治区(10) / 重庆市(10) / 湖北省(10)
梧州市,广西,1,229,4.4,172.84,4.27,梧州骑楼城(229),春季(64) / 秋季(59) / 夏季(58),空调大巴(30) / 高铁+大巴(25) / 飞机+大巴(18),山东省(13) / 西藏自治区(12) / 澳门特别行政区(11) / 江西省(11) / 山西省(10)
锦州市,辽宁,1,229,4.21,244.15,4.45,锦州笔架山(229),夏季(76) / 冬季(58) / 秋季(50),飞机+大巴(24) / 高铁+大巴(22) / 空调大巴(21),上海市(14) / 吉林省(10) / 新疆维吾尔自治区(10) / 福建省(9) / 山东省(9)
中山市,广东,1,228,4.51,179.15,4.45,中山孙中山故居(228),春季(65) / 夏季(63) / 冬季(54),高铁+大巴(23) / 飞机+大巴(21) / 空调大巴(20),湖南省(13) / 甘肃省(11) / 天津市(10) / 河南省(10) / 广东省(9)
邵阳市,湖南,1,228,4.5,327.88,4.67,崀山(228),秋季(63) / 春季(58) / 夏季(55),高铁+大巴(29) / 空调大巴(29) / 飞机+大巴(23),江西省(13) / 新疆维吾尔自治区(12) / 香港特别行政区(11) / 吉林省(10) / 上海市(9)
贵港市,广西,1,228,4.41,268.92,4.38,贵港桂平西山(228),秋季(61) / 夏季(56) / 春季(56),飞机+大巴(25) / 高铁+大巴(21) / 空调大巴(21),河北省(13) / 青海省(12) / 内蒙古自治区(11) / 黑龙江省(10) / 湖南省(10)
盘锦市,辽宁,1,227,4.79,272.57,4.61,红海滩(227),夏季(61) / 春季(58) / 秋季(56),高铁+大巴(30) / 飞机+大巴(21) / 空调大巴(19),内蒙古自治区(13) / 吉林省(12) / 青海省(12) / 宁夏回族自治区(11) / 澳门特别行政区(9)
恩施州,湖北,1,227,4.71,324.33,4.43,恩施大峡谷(227),春季(62) / 冬季(57) / 秋季(56),高铁+大巴(25) / 飞机+大巴(22) / 空调大巴(18),上海市(15) / 吉林省(13) / 湖南省(12) / 广东省(11) / 河北省(11)
芜湖市,安徽,1,227,4.61,461.39,4.48,方特欢乐世界(227),春季(72) / 夏季(56) / 秋季(51),飞机+大巴(36) / 空调大巴(20) / 高铁+大巴(15),广西壮族自治区(13) / 内蒙古自治区(12) / 山西省(12) / 新疆维吾尔自治区(11) / 陕西省(10)
玉溪市,云南,1,226,4.69,179.91,4.43,抚仙湖(226),春季(62) / 冬季(59) / 夏季(57),高铁+大巴(28) / 飞机+大巴(24) / 空调大巴(22),山西省(11) / 吉林省(11) / 云南省(10) / 安徽省(10) / 江西省(9)
三明市,福建,1,226,4.6,253.98,4.35,三明泰宁大金湖(226),夏季(68) / 秋季(57) / 春季(53),空调大巴(24) / 飞机+大巴(22) / 高铁+大巴(15),新疆维吾尔自治区(13) / 广西壮族自治区(12) / 黑龙江省(10) / 澳门特别行政区(10) / 山西省(10)
大兴安岭地区,黑龙江,1,226,4.4,246.87,4.5,大兴安岭漠河北极村(226),春季(59) / 夏季(59) / 秋季(55),飞机+大巴(26) / 空调大巴(17) / 高铁+大巴(15),内蒙古自治区(16) / 湖北省(13) / 浙江省(9) / 北京市(9) / 江苏省(9)
新乡市,河南,1,226,4.32,268.88,4.53,八里沟(226),冬季(59) / 春季(59) / 夏季(57),空调大巴(23) / 高铁+大巴(20) / 飞机+大巴(19),重庆市(14) / 湖南省(13) / 江苏省(12) / 新疆维吾尔自治区(10) / 北京市(9)
天门市,湖北,1,226,4.3,218.92,4.16,天门陆羽故里(226),夏季(64) / 春季(64) / 秋季(49),飞机+大巴(26) / 高铁+大巴(23) / 空调大巴(15),贵州省(12) / 四川省(11) / 西藏自治区(10) / 陕西省(10) / 山西省(9)
凉山州,四川,1,226,4.28,268.26,4.61,泸沽湖(226),冬季(67) / 秋季(57) / 夏季(53),高铁+大巴(34) / 空调大巴(23) / 飞机+大巴(19),青海省(13) / 云南省(12) / 江苏省(11) / 安徽省(11) / 河南省(10)
东莞市,广东,1,226,4.02,180.27,4.45,东莞可园(226),春季(65) / 秋季(58) / 冬季(54),空调大巴(27) / 飞机+大巴(24) / 高铁+大巴(20),宁夏回族自治区(12) / 澳门特别行政区(11) / 福建省(11) / 陕西省(11) / 浙江省(10)
晋城市,山西,1,225,4.6,294.89,4.56,皇城相府(225),秋季(67) / 冬季(58) / 夏季(51),高铁+大巴(25) / 飞机+大巴(24) / 空调大巴(20),天津市(12) / 广西壮族自治区(11) / 安徽省(11) / 甘肃省(10) / 福建省(10)
黄石市,湖北,1,225,4.5,235.56,4.77,黄石国家矿山公园(225),春季(62) / 夏季(59) / 冬季(59),飞机+大巴(26) / 空调大巴(20) / 高铁+大巴(18),湖北省(18) / 北京市(11) / 安徽省(11) / 贵州省(10) / 陕西省(10)
吉安市,江西,1,225,4.47,338.93,4.47,井冈山(225),春季(62) / 秋季(60) / 夏季(53),飞机+大巴(24) / 高铁+大巴(22) / 空调大巴(20),重庆市(12) / 山东省(11) / 浙江省(11) / 辽宁省(10) / 内蒙古自治区(10)
铁岭市,辽宁,1,225,4.32,180.8,4.41,铁岭龙首山(225),冬季(59) / 春季(58) / 夏季(56),飞机+大巴(22) / 空调大巴(21) / 高铁+大巴(20),河南省(12) / 黑龙江省(11) / 宁夏回族自治区(10) / 浙江省(10) / 青海省(10)
湘潭市,湖南,1,224,4.7,233.91,4.43,韶山(224),春季(67) / 秋季(64) / 夏季(53),飞机+大巴(25) / 高铁+大巴(23) / 空调大巴(19),河南省(12) / 海南省(11) / 西藏自治区(10) / 江苏省(10) / 浙江省(9)
荆州市,湖北,1,224,4.48,220.78,4.46,荆州古城(224),冬季(65) / 春季(62) / 夏季(51),飞机+大巴(26) / 高铁+大巴(22) / 空调大巴(20),湖南省(15) / 天津市(11) / 河南省(10) / 浙江省(10) / 台湾省(9)
朝阳市,辽宁,1,224,4.23,213.55,4.64,朝阳凤凰山(224),冬季(66) / 夏季(56) / 春季(51),高铁+大巴(26) / 飞机+大巴(24) / 空调大巴(19),广东省(10) / 江苏省(10) / 台湾省(10) / 贵州省(9) / 江西省(9)
廊坊市,河北,1,224,4.11,256.77,4.66,廊坊天下第一城(224),冬季(64) / 秋季(59) / 春季(54),飞机+大巴(30) / 高铁+大巴(28) / 空调大巴(21),福建省(13) / 江苏省(13) / 澳门特别行政区(12) / 河南省(11) / 台湾省(11)
淄博市,山东,1,222,4.36,228.48,4.82,淄博周村古商城(222),夏季(63) / 春季(58) / 秋季(53),空调大巴(22) / 飞机+大巴(19) / 高铁+大巴(19),山东省(11) / 广西壮族自治区(11) / 西藏自治区(11) / 湖南省(10) / 北京市(10)
随州市,湖北,1,222,4.19,246.72,4.49,随州炎帝故里(222),冬季(68) / 春季(63) / 夏季(46),飞机+大巴(26) / 高铁+大巴(22) / 空调大巴(21),宁夏回族自治区(13) / 海南省(12) / 澳门特别行政区(11) / 上海市(11) / 吉林省(10)
河池市,广西,1,222,4.09,181.18,4.47,河池巴马长寿村(222),春季(66) / 夏季(58) / 秋季(55),高铁+大巴(29) / 空调大巴(27) / 飞机+大巴(24),黑龙江省(12) / 贵州省(10) / 辽宁省(10) / 青海省(9) / 海南省(9)
南宁市,广西,1,221,4.66,187.93,4.33,南宁青秀山(221),冬季(60) / 秋季(57) / 春季(53),高铁+大巴(23) / 飞机+大巴(20) / 空调大巴(18),浙江省(15) / 上海市(14) / 西藏自治区(12) / 河北省(10) / 新疆维吾尔自治区(10)
襄阳市,湖北,1,221,4.61,248.56,4.57,襄阳古隆中(221),秋季(58) / 冬季(57) / 春季(57),高铁+大巴(26) / 飞机+大巴(24) / 空调大巴(20),贵州省(14) / 宁夏回族自治区(11) / 澳门特别行政区(11) / 广东省(11) / 西藏自治区(10)
咸宁市,湖北,1,221,4.33,234.82,4.57,咸宁九宫山(221),夏季(62) / 春季(58) / 秋季(51),空调大巴(24) / 飞机+大巴(21) / 高铁+大巴(18),台湾省(11) / 江苏省(10) / 湖北省(10) / 黑龙江省(10) / 广东省(10)
铜陵市,安徽,1,221,4.21,156.94,4.38,铜陵天井湖(221),夏季(68) / 冬季(60) / 秋季(49),飞机+大巴(22) / 空调大巴(20) / 高铁+大巴(18),上海市(12) / 西藏自治区(11) / 广东省(11) / 陕西省(10) / 青海省(10)
仙桃市,湖北,1,221,4.18,296.06,4.69,仙桃梦里水乡(221),春季(63) / 夏季(57) / 秋季(53),高铁+大巴(25) / 飞机+大巴(20) / 空调大巴(17),广东省(12) / 陕西省(10) / 内蒙古自治区(10) / 甘肃省(9) / 贵州省(9)
济宁市,山东,1,220,4.39,296.6,4.45,曲阜三孔(220),春季(64) / 秋季(55) / 夏季(51),飞机+大巴(25) / 空调大巴(24) / 高铁+大巴(21),陕西省(15) / 西藏自治区(12) / 内蒙古自治区(12) / 澳门特别行政区(10) / 安徽省(10)
吕梁市,山西,1,220,4.21,169.22,4.38,碛口古镇(220),秋季(58) / 夏季(57) / 春季(55),高铁+大巴(30) / 飞机+大巴(27) / 空调大巴(25),甘肃省(13) / 西藏自治区(12) / 青海省(11) / 湖南省(10) / 广东省(10)
信阳市,河南,1,220,4.19,233.88,4.33,鸡公山(220),春季(62) / 秋季(55) / 冬季(54),空调大巴(22) / 高铁+大巴(20) / 飞机+大巴(18),香港特别行政区(11) / 浙江省(10) / 河南省(10) / 安徽省(9) / 上海市(9)
本溪市,辽宁,1,219,4.68,284.84,4.57,本溪水洞(219),春季(58) / 秋季(57) / 冬季(56),高铁+大巴(24) / 空调大巴(23) / 飞机+大巴(20),山西省(13) / 香港特别行政区(11) / 福建省(9) / 陕西省(9) / 广东省(8)
广元市,四川,1,217,4.61,280.12,4.59,剑门关(217),冬季(59) / 秋季(59) / 夏季(50),高铁+大巴(27) / 空调大巴(27) / 飞机+大巴(23),辽宁省(12) / 河南省(11) / 甘肃省(9) / 海南省(9) / 西藏自治区(9)
鄂州市,湖北,1,217,4.58,188.31,4.55,鄂州梁子湖(217),秋季(59) / 夏季(56) / 春季(53),飞机+大巴(23) / 高铁+大巴(19) / 空调大巴(17),湖北省(13) / 海南省(10) / 甘肃省(10) / 安徽省(10) / 香港特别行政区(9)
亳州市,安徽,1,217,4.19,232.02,4.36,亳州花戏楼(217),春季(57) / 夏季(55) / 冬季(55),高铁+大巴(27) / 空调大巴(25) / 飞机+大巴(20),湖南省(10) / 浙江省(10) / 山西省(10) / 江西省(10) / 内蒙古自治区(9)
宣城市,安徽,1,216,4.38,237.8,4.76,太极洞(216),秋季(60) / 冬季(53) / 春季(52),飞机+大巴(23) / 空调大巴(21) / 高铁+大巴(21),辽宁省(10) / 广西壮族自治区(10) / 宁夏回族自治区(9) / 山东省(9) / 河南省(9)
贺州市,广西,1,216,4.11,286.71,4.52,贺州黄姚古镇(216),夏季(61) / 春季(56) / 冬季(51),飞机+大巴(22) / 空调大巴(19) / 高铁+大巴(18),陕西省(14) / 宁夏回族自治区(12) / 江西省(10) / 北京市(9) / 安徽省(8)
鞍山市,辽宁,1,215,4.5,253.7,4.56,千山(215),夏季(66) / 秋季(57) / 春季(49),空调大巴(24) / 飞机+大巴(19) / 高铁+大巴(17),澳门特别行政区(13) / 安徽省(12) / 湖南省(11) / 河南省(11) / 香港特别行政区(11)
商丘市,河南,1,215,4.42,255.8,4.69,芒砀山(215),冬季(58) / 秋季(56) / 春季(51),高铁+大巴(25) / 空调大巴(20) / 飞机+大巴(17),广东省(11) / 江苏省(11) / 河北省(10) / 香港特别行政区(10) / 台湾省(9)
德州市,山东,1,215,4.31,275.31,4.28,德州太阳谷(215),秋季(58) / 春季(56) / 冬季(51),空调大巴(25) / 飞机+大巴(22) / 高铁+大巴(19),北京市(13) / 海南省(13) / 河南省(11) / 黑龙江省(11) / 湖南省(11)
南通市,江苏,1,215,4.13,238.72,4.53,南通狼山(215),夏季(64) / 秋季(64) / 春季(47),飞机+大巴(20) / 空调大巴(19) / 高铁+大巴(19),青海省(12) / 陕西省(12) / 安徽省(11) / 澳门特别行政区(11) / 山东省(9)
阜新市,辽宁,1,212,4.19,237.98,4.59,阜新海棠山(212),春季(62) / 秋季(56) / 冬季(53),高铁+大巴(28) / 飞机+大巴(20) / 空调大巴(18),江西省(13) / 黑龙江省(10) / 广西壮族自治区(9) / 内蒙古自治区(9) / 广东省(9)
营口市,辽宁,1,211,4.61,190.39,4.64,营口鲅鱼圈(211),夏季(59) / 冬季(52) / 春季(51),空调大巴(23) / 高铁+大巴(23) / 飞机+大巴(22),安徽省(10) / 香港特别行政区(10) / 四川省(10) / 山西省(9) / 陕西省(8)
泰安市,山东,1,210,4.74,274.81,4.33,泰山(210),春季(62) / 冬季(53) / 夏季(49),高铁+大巴(26) / 空调大巴(25) / 飞机+大巴(16),海南省(13) / 广东省(12) / 香港特别行政区(12) / 湖南省(11) / 上海市(9)
白城市,吉林,1,210,4.29,245.33,4.49,向海自然保护区(210),春季(56) / 秋季(55) / 冬季(51),空调大巴(21) / 飞机+大巴(21) / 高铁+大巴(19),上海市(11) / 西藏自治区(10) / 湖北省(10) / 香港特别行政区(9) / 四川省(9)
张家口市,河北,1,210,4.2,198.5,4.5,张家口大境门(210),冬季(60) / 春季(53) / 夏季(51),飞机+大巴(22) / 空调大巴(19) / 高铁+大巴(18),安徽省(13) / 河北省(13) / 新疆维吾尔自治区(10) / 辽宁省(10) / 湖南省(8)
盐城市,江苏,1,209,4.52,233.35,4.47,盐城丹顶鹤湿地(209),冬季(67) / 夏季(50) / 秋季(47),高铁+大巴(31) / 飞机+大巴(22) / 空调大巴(13),澳门特别行政区(13) / 吉林省(11) / 西藏自治区(10) / 四川省(10) / 广东省(10)
阜阳市,安徽,1,207,4.8,263.79,4.35,八里河(207),冬季(58) / 秋季(52) / 春季(51),高铁+大巴(25) / 飞机+大巴(24) / 空调大巴(18),河南省(12) / 四川省(9) / 湖北省(9) / 山西省(8) / 上海市(8)
马鞍山市,安徽,1,207,4.51,256.94,4.57,采石矶(207),春季(58) / 冬季(52) / 秋季(49),高铁+大巴(27) / 空调大巴(19) / 飞机+大巴(17),四川省(12) / 湖北省(9) / 云南省(9) / 青海省(8) / 湖南省(8)
崇左市,广西,1,207,4.47,275.09,4.4,德天瀑布(207),夏季(59) / 冬季(54) / 春季(50),高铁+大巴(22) / 空调大巴(14) / 飞机+大巴(10),江苏省(10) / 湖南省(10) / 海南省(9) / 上海市(9) / 天津市(9)
七台河市,黑龙江,1,206,4.61,211.03,4.41,七台河勃利西大圈(206),春季(57) / 夏季(55) / 秋季(54),飞机+大巴(29) / 高铁+大巴(26) / 空调大巴(16),北京市(11) / 福建省(10) / 台湾省(10) / 河北省(8) / 广西壮族自治区(8)
丽水市,浙江,1,206,4.51,254.42,4.1,丽水云和梯田(206),秋季(58) / 春季(53) / 冬季(52),高铁+大巴(26) / 飞机+大巴(20) / 空调大巴(16),江苏省(11) / 浙江省(10) / 福建省(10) / 辽宁省(10) / 台湾省(10)
新余市,江西,1,205,4.4,252.3,4.39,仙女湖(205),夏季(55) / 秋季(53) / 冬季(52),空调大巴(28) / 飞机+大巴(21) / 高铁+大巴(10),甘肃省(11) / 四川省(10) / 天津市(10) / 西藏自治区(9) / 湖南省(8)
孝感市,湖北,1,201,4.21,212.99,4.6,孝感双峰山(201),冬季(55) / 秋季(53) / 夏季(47),高铁+大巴(23) / 飞机+大巴(19) / 空调大巴(18),安徽省(10) / 海南省(10) / 青海省(9) / 福建省(9) / 北京市(9)
