素材标题,素材类型,扩展名,标准名称,原文件路径,预览图路径,首页摘要
01中国旅游地图,图片素材,.jpg,01,D:\wzb\全部131个景点\01中国旅游地图.jpg,D:\wzb\codex\data\全国旅游数据整合_2026-03-24\previews\asset_001.jpg,
02中华人民共和国旅游景点地图,图片素材,.jpg,02中华人民共和国旅游,D:\wzb\全部131个景点\02中华人民共和国旅游景点地图.jpg,.,
三亚旅游攻略,PDF攻略,.pdf,三亚,D:\wzb\全部131个景点\三亚旅游攻略.pdf,D:\wzb\codex\data\全国旅游数据整合_2026-03-24\previews\asset_003.png,
三清山,PDF攻略,.pdf,三清山,D:\wzb\全部131个景点\三清山.pdf,D:\wzb\codex\data\全国旅游数据整合_2026-03-24\previews\asset_004.png,
上海旅游攻略,PDF攻略,.pdf,上海,D:\wzb\全部131个景点\上海旅游攻略.pdf,D:\wzb\codex\data\全国旅游数据整合_2026-03-24\previews\asset_005.png,
中国,图片素材,.jpg,中国,D:\wzb\全部131个景点\中国.jpg,D:\wzb\codex\data\全国旅游数据整合_2026-03-24\previews\asset_006.jpg,
中国国家地理可打印,PDF攻略,.pdf,,D:\wzb\全部131个景点\中国国家地理可打印.pdf,D:\wzb\codex\data\全国旅游数据整合_2026-03-24\previews\asset_007.png,
丽江攻略,PDF攻略,.pdf,丽江,D:\wzb\全部131个景点\丽江攻略.pdf,D:\wzb\codex\data\全国旅游数据整合_2026-03-24\previews\asset_008.png,
乌镇攻略,PDF攻略,.pdf,乌镇,D:\wzb\全部131个景点\乌镇攻略.pdf,D:\wzb\codex\data\全国旅游数据整合_2026-03-24\previews\asset_009.png,
乌鲁木齐,PDF攻略,.pdf,乌鲁木齐,D:\wzb\全部131个景点\乌鲁木齐.pdf,D:\wzb\codex\data\全国旅游数据整合_2026-03-24\previews\asset_010.png,
九华山旅游攻略,PDF攻略,.pdf,九华山,D:\wzb\全部131个景点\九华山旅游攻略.pdf,D:\wzb\codex\data\全国旅游数据整合_2026-03-24\previews\asset_011.png,
九寨沟,PDF攻略,.pdf,九寨沟,D:\wzb\全部131个景点\九寨沟.pdf,D:\wzb\codex\data\全国旅游数据整合_2026-03-24\previews\asset_012.png,
云南,PDF攻略,.pdf,云南,D:\wzb\全部131个景点\云南.pdf,D:\wzb\codex\data\全国旅游数据整合_2026-03-24\previews\asset_013.png,
云台山,PDF攻略,.pdf,云台山,D:\wzb\全部131个景点\云台山.pdf,D:\wzb\codex\data\全国旅游数据整合_2026-03-24\previews\asset_014.png,
五台山,PDF攻略,.pdf,五台山,D:\wzb\全部131个景点\五台山.pdf,D:\wzb\codex\data\全国旅游数据整合_2026-03-24\previews\asset_015.png,
兰州,PDF攻略,.pdf,兰州,D:\wzb\全部131个景点\兰州.pdf,D:\wzb\codex\data\全国旅游数据整合_2026-03-24\previews\asset_016.png,
凤凰,PDF攻略,.pdf,凤凰,D:\wzb\全部131个景点\凤凰.pdf,D:\wzb\codex\data\全国旅游数据整合_2026-03-24\previews\asset_017.png,
北京,PDF攻略,.pdf,北京,D:\wzb\全部131个景点\北京.pdf,D:\wzb\codex\data\全国旅游数据整合_2026-03-24\previews\asset_018.png,
北戴河旅游攻略,PDF攻略,.pdf,北戴河,D:\wzb\全部131个景点\北戴河旅游攻略.pdf,D:\wzb\codex\data\全国旅游数据整合_2026-03-24\previews\asset_019.png,
北海旅游攻略,PDF攻略,.pdf,北海,D:\wzb\全部131个景点\北海旅游攻略.pdf,D:\wzb\codex\data\全国旅游数据整合_2026-03-24\previews\asset_020.png,
北疆,PDF攻略,.pdf,北疆,D:\wzb\全部131个景点\北疆.pdf,D:\wzb\codex\data\全国旅游数据整合_2026-03-24\previews\asset_021.png,
千岛湖,PDF攻略,.pdf,千岛湖,D:\wzb\全部131个景点\千岛湖.pdf,D:\wzb\codex\data\全国旅游数据整合_2026-03-24\previews\asset_022.png,
华山,PDF攻略,.pdf,华山,D:\wzb\全部131个景点\华山.pdf,D:\wzb\codex\data\全国旅游数据整合_2026-03-24\previews\asset_023.png,
南京旅游攻略,PDF攻略,.pdf,南京,D:\wzb\全部131个景点\南京旅游攻略.pdf,D:\wzb\codex\data\全国旅游数据整合_2026-03-24\previews\asset_024.png,
南宁旅游攻略,PDF攻略,.pdf,南宁,D:\wzb\全部131个景点\南宁旅游攻略.pdf,D:\wzb\codex\data\全国旅游数据整合_2026-03-24\previews\asset_025.png,
南昌旅游攻略,PDF攻略,.pdf,南昌,D:\wzb\全部131个景点\南昌旅游攻略.pdf,D:\wzb\codex\data\全国旅游数据整合_2026-03-24\previews\asset_026.png,
厦门八日旅游攻略,PDF攻略,.pdf,厦门八日,D:\wzb\全部131个景点\厦门八日旅游攻略.pdf,D:\wzb\codex\data\全国旅游数据整合_2026-03-24\previews\asset_027.png,
厦门旅游攻略,PDF攻略,.pdf,厦门,D:\wzb\全部131个景点\厦门旅游攻略.pdf,D:\wzb\codex\data\全国旅游数据整合_2026-03-24\previews\asset_028.png,
台北旅游攻略,PDF攻略,.pdf,台北,D:\wzb\全部131个景点\台北旅游攻略.pdf,D:\wzb\codex\data\全国旅游数据整合_2026-03-24\previews\asset_029.png,
台湾12日旅游攻略,PDF攻略,.pdf,台湾,D:\wzb\全部131个景点\台湾12日旅游攻略.pdf,D:\wzb\codex\data\全国旅游数据整合_2026-03-24\previews\asset_030.png,
合肥旅游攻略,PDF攻略,.pdf,合肥,D:\wzb\全部131个景点\合肥旅游攻略.pdf,D:\wzb\codex\data\全国旅游数据整合_2026-03-24\previews\asset_031.png,
同里旅游攻略,PDF攻略,.pdf,同里,D:\wzb\全部131个景点\同里旅游攻略.pdf,D:\wzb\codex\data\全国旅游数据整合_2026-03-24\previews\asset_032.png,
周庄旅游攻略,PDF攻略,.pdf,周庄,D:\wzb\全部131个景点\周庄旅游攻略.pdf,D:\wzb\codex\data\全国旅游数据整合_2026-03-24\previews\asset_033.png,
呼伦贝尔,PDF攻略,.pdf,呼伦贝尔,D:\wzb\全部131个景点\呼伦贝尔.pdf,D:\wzb\codex\data\全国旅游数据整合_2026-03-24\previews\asset_034.png,
哈尔滨旅游攻略,PDF攻略,.pdf,哈尔滨,D:\wzb\全部131个景点\哈尔滨旅游攻略.pdf,D:\wzb\codex\data\全国旅游数据整合_2026-03-24\previews\asset_035.png,
四姑娘山,PDF攻略,.pdf,四姑娘山,D:\wzb\全部131个景点\四姑娘山.pdf,D:\wzb\codex\data\全国旅游数据整合_2026-03-24\previews\asset_036.png,
大同,PDF攻略,.pdf,大同,D:\wzb\全部131个景点\大同.pdf,D:\wzb\codex\data\全国旅游数据整合_2026-03-24\previews\asset_037.png,
大理,PDF攻略,.pdf,大理,D:\wzb\全部131个景点\大理.pdf,D:\wzb\codex\data\全国旅游数据整合_2026-03-24\previews\asset_038.png,
大连旅游攻略,PDF攻略,.pdf,大连,D:\wzb\全部131个景点\大连旅游攻略.pdf,D:\wzb\codex\data\全国旅游数据整合_2026-03-24\previews\asset_039.png,
天津,PDF攻略,.pdf,天津,D:\wzb\全部131个景点\天津.pdf,D:\wzb\codex\data\全国旅游数据整合_2026-03-24\previews\asset_040.png,
太原,PDF攻略,.pdf,太原,D:\wzb\全部131个景点\太原.pdf,D:\wzb\codex\data\全国旅游数据整合_2026-03-24\previews\asset_041.png,
威海旅游攻略,PDF攻略,.pdf,威海,D:\wzb\全部131个景点\威海旅游攻略.pdf,D:\wzb\codex\data\全国旅游数据整合_2026-03-24\previews\asset_042.png,
婺源,PDF攻略,.pdf,婺源,D:\wzb\全部131个景点\婺源.pdf,D:\wzb\codex\data\全国旅游数据整合_2026-03-24\previews\asset_043.png,
宁波攻略,PDF攻略,.pdf,宁波,D:\wzb\全部131个景点\宁波攻略.pdf,D:\wzb\codex\data\全国旅游数据整合_2026-03-24\previews\asset_044.png,
宏村旅游攻略,PDF攻略,.pdf,宏村,D:\wzb\全部131个景点\宏村旅游攻略.pdf,D:\wzb\codex\data\全国旅游数据整合_2026-03-24\previews\asset_045.png,
山海关旅游攻略,PDF攻略,.pdf,山海关,D:\wzb\全部131个景点\山海关旅游攻略.pdf,D:\wzb\codex\data\全国旅游数据整合_2026-03-24\previews\asset_046.png,
峨眉山旅游攻略,PDF攻略,.pdf,峨眉山,D:\wzb\全部131个景点\峨眉山旅游攻略.pdf,D:\wzb\codex\data\全国旅游数据整合_2026-03-24\previews\asset_047.png,
川藏旅游攻略,PDF攻略,.pdf,川藏,D:\wzb\全部131个景点\川藏旅游攻略.pdf,D:\wzb\codex\data\全国旅游数据整合_2026-03-24\previews\asset_048.png,
常州旅游攻略,PDF攻略,.pdf,常州,D:\wzb\全部131个景点\常州旅游攻略.pdf,D:\wzb\codex\data\全国旅游数据整合_2026-03-24\previews\asset_049.png,
平遥,PDF攻略,.pdf,平遥,D:\wzb\全部131个景点\平遥.pdf,D:\wzb\codex\data\全国旅游数据整合_2026-03-24\previews\asset_050.png,
广州旅游攻略,PDF攻略,.pdf,广州,D:\wzb\全部131个景点\广州旅游攻略.pdf,D:\wzb\codex\data\全国旅游数据整合_2026-03-24\previews\asset_051.png,
广西旅游攻略,PDF攻略,.pdf,广西,D:\wzb\全部131个景点\广西旅游攻略.pdf,D:\wzb\codex\data\全国旅游数据整合_2026-03-24\previews\asset_052.png,
庐山,PDF攻略,.pdf,庐山,D:\wzb\全部131个景点\庐山.pdf,D:\wzb\codex\data\全国旅游数据整合_2026-03-24\previews\asset_053.png,
康定旅游攻略,PDF攻略,.pdf,康定,D:\wzb\全部131个景点\康定旅游攻略.pdf,D:\wzb\codex\data\全国旅游数据整合_2026-03-24\previews\asset_054.png,
张家界,PDF攻略,.pdf,张家界,D:\wzb\全部131个景点\张家界.pdf,D:\wzb\codex\data\全国旅游数据整合_2026-03-24\previews\asset_055.png,
惠州旅游攻略,PDF攻略,.pdf,惠州,D:\wzb\全部131个景点\惠州旅游攻略.pdf,D:\wzb\codex\data\全国旅游数据整合_2026-03-24\previews\asset_056.png,
成都攻略,PDF攻略,.pdf,成都,D:\wzb\全部131个景点\成都攻略.pdf,D:\wzb\codex\data\全国旅游数据整合_2026-03-24\previews\asset_057.png,
扬州旅游攻略,PDF攻略,.pdf,扬州,D:\wzb\全部131个景点\扬州旅游攻略.pdf,D:\wzb\codex\data\全国旅游数据整合_2026-03-24\previews\asset_058.png,
拉萨旅游攻略,PDF攻略,.pdf,拉萨,D:\wzb\全部131个景点\拉萨旅游攻略.pdf,D:\wzb\codex\data\全国旅游数据整合_2026-03-24\previews\asset_059.png,
故宫,PDF攻略,.pdf,故宫,D:\wzb\全部131个景点\故宫.pdf,D:\wzb\codex\data\全国旅游数据整合_2026-03-24\previews\asset_060.png,
敦煌,PDF攻略,.pdf,敦煌,D:\wzb\全部131个景点\敦煌.pdf,D:\wzb\codex\data\全国旅游数据整合_2026-03-24\previews\asset_061.png,
新疆,PDF攻略,.pdf,新疆,D:\wzb\全部131个景点\新疆.pdf,D:\wzb\codex\data\全国旅游数据整合_2026-03-24\previews\asset_062.png,
无锡旅游攻略,PDF攻略,.pdf,无锡,D:\wzb\全部131个景点\无锡旅游攻略.pdf,D:\wzb\codex\data\全国旅游数据整合_2026-03-24\previews\asset_063.png,
日照旅游攻略.1,PDF攻略,.pdf,日照,D:\wzb\全部131个景点\日照旅游攻略.1.pdf,D:\wzb\codex\data\全国旅游数据整合_2026-03-24\previews\asset_064.png,
日照旅游攻略,PDF攻略,.pdf,日照,D:\wzb\全部131个景点\日照旅游攻略.pdf,D:\wzb\codex\data\全国旅游数据整合_2026-03-24\previews\asset_065.png,
昆明,PDF攻略,.pdf,昆明,D:\wzb\全部131个景点\昆明.pdf,D:\wzb\codex\data\全国旅游数据整合_2026-03-24\previews\asset_066.png,
普陀山,PDF攻略,.pdf,普陀山,D:\wzb\全部131个景点\普陀山.pdf,D:\wzb\codex\data\全国旅游数据整合_2026-03-24\previews\asset_067.png,
曲阜旅游攻略,PDF攻略,.pdf,曲阜,D:\wzb\全部131个景点\曲阜旅游攻略.pdf,D:\wzb\codex\data\全国旅游数据整合_2026-03-24\previews\asset_068.png,
束河,PDF攻略,.pdf,束河,D:\wzb\全部131个景点\束河.pdf,D:\wzb\codex\data\全国旅游数据整合_2026-03-24\previews\asset_069.png,
杭州攻略,PDF攻略,.pdf,杭州,D:\wzb\全部131个景点\杭州攻略.pdf,D:\wzb\codex\data\全国旅游数据整合_2026-03-24\previews\asset_070.png,
林芝旅游攻略,PDF攻略,.pdf,林芝,D:\wzb\全部131个景点\林芝旅游攻略.pdf,D:\wzb\codex\data\全国旅游数据整合_2026-03-24\previews\asset_071.png,
桂林旅游攻略,PDF攻略,.pdf,桂林,D:\wzb\全部131个景点\桂林旅游攻略.pdf,D:\wzb\codex\data\全国旅游数据整合_2026-03-24\previews\asset_072.png,感谢六零儿提供封面图片
横店攻略,PDF攻略,.pdf,横店,D:\wzb\全部131个景点\横店攻略.pdf,D:\wzb\codex\data\全国旅游数据整合_2026-03-24\previews\asset_073.png,
武夷山旅游攻略,PDF攻略,.pdf,武夷山,D:\wzb\全部131个景点\武夷山旅游攻略.pdf,D:\wzb\codex\data\全国旅游数据整合_2026-03-24\previews\asset_074.png,
武当山,PDF攻略,.pdf,武当山,D:\wzb\全部131个景点\武当山.pdf,D:\wzb\codex\data\全国旅游数据整合_2026-03-24\previews\asset_075.png,
武汉,PDF攻略,.pdf,武汉,D:\wzb\全部131个景点\武汉.pdf,D:\wzb\codex\data\全国旅游数据整合_2026-03-24\previews\asset_076.png,
沈阳旅游攻略,PDF攻略,.pdf,沈阳,D:\wzb\全部131个景点\沈阳旅游攻略.pdf,D:\wzb\codex\data\全国旅游数据整合_2026-03-24\previews\asset_077.png,
泰山旅游攻略,PDF攻略,.pdf,泰山,D:\wzb\全部131个景点\泰山旅游攻略.pdf,D:\wzb\codex\data\全国旅游数据整合_2026-03-24\previews\asset_078.png,
泸沽湖,PDF攻略,.pdf,泸沽湖,D:\wzb\全部131个景点\泸沽湖.pdf,D:\wzb\codex\data\全国旅游数据整合_2026-03-24\previews\asset_079.png,
洛阳,PDF攻略,.pdf,洛阳,D:\wzb\全部131个景点\洛阳.pdf,D:\wzb\codex\data\全国旅游数据整合_2026-03-24\previews\asset_080.png,
济南旅游攻略,PDF攻略,.pdf,济南,D:\wzb\全部131个景点\济南旅游攻略.pdf,D:\wzb\codex\data\全国旅游数据整合_2026-03-24\previews\asset_081.png,
浙江攻略,PDF攻略,.pdf,浙江,D:\wzb\全部131个景点\浙江攻略.pdf,D:\wzb\codex\data\全国旅游数据整合_2026-03-24\previews\asset_082.png,
海口旅游攻略,PDF攻略,.pdf,海口,D:\wzb\全部131个景点\海口旅游攻略.pdf,D:\wzb\codex\data\全国旅游数据整合_2026-03-24\previews\asset_083.png,
海螺沟,PDF攻略,.pdf,海螺沟,D:\wzb\全部131个景点\海螺沟.pdf,D:\wzb\codex\data\全国旅游数据整合_2026-03-24\previews\asset_084.png,
深圳旅游攻略,PDF攻略,.pdf,深圳,D:\wzb\全部131个景点\深圳旅游攻略.pdf,D:\wzb\codex\data\全国旅游数据整合_2026-03-24\previews\asset_085.png,
游遍中国可打印,PDF攻略,.pdf,,D:\wzb\全部131个景点\游遍中国可打印.pdf,D:\wzb\codex\data\全国旅游数据整合_2026-03-24\previews\asset_086.png,
湖南红色旅游地图,图片素材,.jpg,湖南红色旅游地图,D:\wzb\全部131个景点\湖南红色旅游地图.JPG,D:\wzb\codex\data\全国旅游数据整合_2026-03-24\previews\asset_087.jpg,
澳门旅游攻略,PDF攻略,.pdf,澳门,D:\wzb\全部131个景点\澳门旅游攻略.pdf,D:\wzb\codex\data\全国旅游数据整合_2026-03-24\previews\asset_088.png,
烟台旅游攻略.1,PDF攻略,.pdf,烟台,D:\wzb\全部131个景点\烟台旅游攻略.1.pdf,D:\wzb\codex\data\全国旅游数据整合_2026-03-24\previews\asset_089.png,
烟台旅游攻略,PDF攻略,.pdf,烟台,D:\wzb\全部131个景点\烟台旅游攻略.pdf,D:\wzb\codex\data\全国旅游数据整合_2026-03-24\previews\asset_090.png,
珠海旅游攻略,PDF攻略,.pdf,珠海,D:\wzb\全部131个景点\珠海旅游攻略.pdf,D:\wzb\codex\data\全国旅游数据整合_2026-03-24\previews\asset_091.png,
甘南,PDF攻略,.pdf,甘南,D:\wzb\全部131个景点\甘南.pdf,D:\wzb\codex\data\全国旅游数据整合_2026-03-24\previews\asset_092.png,
白洋淀旅游攻略,PDF攻略,.pdf,白洋淀,D:\wzb\全部131个景点\白洋淀旅游攻略.pdf,D:\wzb\codex\data\全国旅游数据整合_2026-03-24\previews\asset_093.png,
福州旅游攻略,PDF攻略,.pdf,福州,D:\wzb\全部131个景点\福州旅游攻略.pdf,D:\wzb\codex\data\全国旅游数据整合_2026-03-24\previews\asset_094.png,
秦皇岛旅游攻略,PDF攻略,.pdf,秦皇岛,D:\wzb\全部131个景点\秦皇岛旅游攻略.pdf,D:\wzb\codex\data\全国旅游数据整合_2026-03-24\previews\asset_095.png,
稻城亚丁,PDF攻略,.pdf,稻城亚丁,D:\wzb\全部131个景点\稻城亚丁.pdf,D:\wzb\codex\data\全国旅游数据整合_2026-03-24\previews\asset_096.png,
纳木错旅游攻略,PDF攻略,.pdf,纳木错,D:\wzb\全部131个景点\纳木错旅游攻略.pdf,D:\wzb\codex\data\全国旅游数据整合_2026-03-24\previews\asset_097.png,
绍兴,PDF攻略,.pdf,绍兴,D:\wzb\全部131个景点\绍兴.pdf,D:\wzb\codex\data\全国旅游数据整合_2026-03-24\previews\asset_098.png,
腾冲,PDF攻略,.pdf,腾冲,D:\wzb\全部131个景点\腾冲.pdf,D:\wzb\codex\data\全国旅游数据整合_2026-03-24\previews\asset_099.png,
舟山攻略,PDF攻略,.pdf,舟山,D:\wzb\全部131个景点\舟山攻略.pdf,D:\wzb\codex\data\全国旅游数据整合_2026-03-24\previews\asset_100.png,
苏州旅游攻略,PDF攻略,.pdf,苏州,D:\wzb\全部131个景点\苏州旅游攻略.pdf,D:\wzb\codex\data\全国旅游数据整合_2026-03-24\previews\asset_101.png,
荔波旅游攻略,PDF攻略,.pdf,荔波,D:\wzb\全部131个景点\荔波旅游攻略.pdf,D:\wzb\codex\data\全国旅游数据整合_2026-03-24\previews\asset_102.png,
蓬莱旅游攻略,PDF攻略,.pdf,蓬莱,D:\wzb\全部131个景点\蓬莱旅游攻略.pdf,D:\wzb\codex\data\全国旅游数据整合_2026-03-24\previews\asset_103.png,
蜀南竹海,PDF攻略,.pdf,蜀南竹海,D:\wzb\全部131个景点\蜀南竹海.pdf,D:\wzb\codex\data\全国旅游数据整合_2026-03-24\previews\asset_104.png,
衡山,PDF攻略,.pdf,衡山,D:\wzb\全部131个景点\衡山.pdf,D:\wzb\codex\data\全国旅游数据整合_2026-03-24\previews\asset_105.png,
西双版纳,PDF攻略,.pdf,西双版纳,D:\wzb\全部131个景点\西双版纳.pdf,D:\wzb\codex\data\全国旅游数据整合_2026-03-24\previews\asset_106.png,
西塘,PDF攻略,.pdf,西塘,D:\wzb\全部131个景点\西塘.pdf,D:\wzb\codex\data\全国旅游数据整合_2026-03-24\previews\asset_107.png,
西安,PDF攻略,.pdf,西安,D:\wzb\全部131个景点\西安.pdf,D:\wzb\codex\data\全国旅游数据整合_2026-03-24\previews\asset_108.png,
西溪湿地攻略,PDF攻略,.pdf,西溪湿地,D:\wzb\全部131个景点\西溪湿地攻略.pdf,D:\wzb\codex\data\全国旅游数据整合_2026-03-24\previews\asset_109.png,
西藏旅游攻略,PDF攻略,.pdf,西藏,D:\wzb\全部131个景点\西藏旅游攻略.pdf,D:\wzb\codex\data\全国旅游数据整合_2026-03-24\previews\asset_110.png,
贵阳旅游攻略,PDF攻略,.pdf,贵阳,D:\wzb\全部131个景点\贵阳旅游攻略.pdf,D:\wzb\codex\data\全国旅游数据整合_2026-03-24\previews\asset_111.png,
连云港旅游攻略.1,PDF攻略,.pdf,连云港,D:\wzb\全部131个景点\连云港旅游攻略.1.pdf,D:\wzb\codex\data\全国旅游数据整合_2026-03-24\previews\asset_112.png,
连云港旅游攻略,PDF攻略,.pdf,连云港,D:\wzb\全部131个景点\连云港旅游攻略.pdf,D:\wzb\codex\data\全国旅游数据整合_2026-03-24\previews\asset_113.png,
都江堰,PDF攻略,.pdf,都江堰,D:\wzb\全部131个景点\都江堰.pdf,D:\wzb\codex\data\全国旅游数据整合_2026-03-24\previews\asset_114.png,
重庆旅游攻略,PDF攻略,.pdf,重庆,D:\wzb\全部131个景点\重庆旅游攻略.pdf,D:\wzb\codex\data\全国旅游数据整合_2026-03-24\previews\asset_115.png,
野三坡旅游攻略,PDF攻略,.pdf,野三坡,D:\wzb\全部131个景点\野三坡旅游攻略.pdf,D:\wzb\codex\data\全国旅游数据整合_2026-03-24\previews\asset_116.png,
镇江旅游攻略,PDF攻略,.pdf,镇江,D:\wzb\全部131个景点\镇江旅游攻略.pdf,D:\wzb\codex\data\全国旅游数据整合_2026-03-24\previews\asset_117.png,
镇远旅游攻略,PDF攻略,.pdf,镇远,D:\wzb\全部131个景点\镇远旅游攻略.pdf,D:\wzb\codex\data\全国旅游数据整合_2026-03-24\previews\asset_118.png,
长岛旅游攻略,PDF攻略,.pdf,长岛,D:\wzb\全部131个景点\长岛旅游攻略.pdf,D:\wzb\codex\data\全国旅游数据整合_2026-03-24\previews\asset_119.png,
长沙,PDF攻略,.pdf,长沙,D:\wzb\全部131个景点\长沙.pdf,D:\wzb\codex\data\全国旅游数据整合_2026-03-24\previews\asset_120.png,
长白山旅游攻略,PDF攻略,.pdf,长白山,D:\wzb\全部131个景点\长白山旅游攻略.pdf,D:\wzb\codex\data\全国旅游数据整合_2026-03-24\previews\asset_121.png,
雁荡山攻略,PDF攻略,.pdf,雁荡山,D:\wzb\全部131个景点\雁荡山攻略.pdf,D:\wzb\codex\data\全国旅游数据整合_2026-03-24\previews\asset_122.png,
青城山,PDF攻略,.pdf,青城山,D:\wzb\全部131个景点\青城山.pdf,D:\wzb\codex\data\全国旅游数据整合_2026-03-24\previews\asset_123.png,
青岛旅游攻略,PDF攻略,.pdf,青岛,D:\wzb\全部131个景点\青岛旅游攻略.pdf,D:\wzb\codex\data\全国旅游数据整合_2026-03-24\previews\asset_124.png,
青海,PDF攻略,.pdf,青海,D:\wzb\全部131个景点\青海.pdf,D:\wzb\codex\data\全国旅游数据整合_2026-03-24\previews\asset_125.png,
青海湖,PDF攻略,.pdf,青海湖,D:\wzb\全部131个景点\青海湖.pdf,D:\wzb\codex\data\全国旅游数据整合_2026-03-24\previews\asset_126.png,
香格里拉,PDF攻略,.pdf,香格里拉,D:\wzb\全部131个景点\香格里拉.pdf,D:\wzb\codex\data\全国旅游数据整合_2026-03-24\previews\asset_127.png,
香格里拉9日,PDF攻略,.pdf,香格里拉,D:\wzb\全部131个景点\香格里拉9日.pdf,D:\wzb\codex\data\全国旅游数据整合_2026-03-24\previews\asset_128.png,
香港旅游攻略,PDF攻略,.pdf,香港,D:\wzb\全部131个景点\香港旅游攻略.pdf,D:\wzb\codex\data\全国旅游数据整合_2026-03-24\previews\asset_129.png,
香港离岛旅游攻略,PDF攻略,.pdf,香港离岛,D:\wzb\全部131个景点\香港离岛旅游攻略.pdf,D:\wzb\codex\data\全国旅游数据整合_2026-03-24\previews\asset_130.png,
香港购物旅游攻略,PDF攻略,.pdf,香港购物,D:\wzb\全部131个景点\香港购物旅游攻略.pdf,D:\wzb\codex\data\全国旅游数据整合_2026-03-24\previews\asset_131.png,
高雄旅游攻略,PDF攻略,.pdf,高雄,D:\wzb\全部131个景点\高雄旅游攻略.pdf,D:\wzb\codex\data\全国旅游数据整合_2026-03-24\previews\asset_132.png,
黄山,PDF攻略,.pdf,黄山,D:\wzb\全部131个景点\黄山.pdf,D:\wzb\codex\data\全国旅游数据整合_2026-03-24\previews\asset_133.png,
黄果树旅游攻略,PDF攻略,.pdf,黄果树,D:\wzb\全部131个景点\黄果树旅游攻略.pdf,D:\wzb\codex\data\全国旅游数据整合_2026-03-24\previews\asset_134.png,
黔东南旅游攻略.1,PDF攻略,.pdf,黔东南,D:\wzb\全部131个景点\黔东南旅游攻略.1.pdf,D:\wzb\codex\data\全国旅游数据整合_2026-03-24\previews\asset_135.png,
黔东南旅游攻略,PDF攻略,.pdf,黔东南,D:\wzb\全部131个景点\黔东南旅游攻略.pdf,D:\wzb\codex\data\全国旅游数据整合_2026-03-24\previews\asset_136.png,
鼓浪屿旅游攻略,PDF攻略,.pdf,鼓浪屿,D:\wzb\全部131个景点\鼓浪屿旅游攻略.pdf,D:\wzb\codex\data\全国旅游数据整合_2026-03-24\previews\asset_137.png,
