分类,景点,地理位置,景点介绍,参考票价,开放时间,玩法建议,风景图链接,主要来源
西安市内,秦始皇帝陵博物院(兵马俑),西安市临潼区秦陵北路,"世界文化遗产，西安东线核心景点，适合和华清宫串成一天。","旺季约150元/淡季约120元（参考价，出发前以官方售票页为准）","03/16-11/15 08:30-18:30；11/16-03/15 08:30-18:00","建议上午先去，避开团队高峰；可与华清宫、长恨歌联动。",https://dimg04.c-ctrip.com/images/0104012000f6rbl4996B9_W_640_10000.jpg,https://you.ctrip.com/sight/xian7/1444.html
西安市内,华清宫,陕西省西安市临潼区华清路38号,"唐代皇家温泉宫苑，兼有西安事变旧址；夜间《长恨歌》是高频搭配项目。","约120元起；《长恨歌》演出单独购票","01/01-12/31 07:00-18:40开放","和兵马俑同走最省时间；如果看《长恨歌》，建议白天先逛景区。",https://dimg04.c-ctrip.com/images/100510000000o6ke620CB_W_640_10000.jpg,https://you.ctrip.com/sight/xian7/1443.html
西安市内,西安城墙,陕西省西安市碑林区南大街2号,"西安城市地标，适合骑行、拍落日和夜景，从永宁门上墙体验最好。","成人票约54元","02/24-12/31 08:00-22:00（节假日部分时段延长）","建议傍晚登墙，白天历史感强，晚上灯光更出片。",https://dimg04.c-ctrip.com/images/1lo1s12000r9rt4237686_W_640_10000.jpg,https://you.ctrip.com/sight/xian7/1449.html
西安市内,陕西历史博物馆,西安市雁塔区小寨东路91号,"看周秦汉唐主线最省心的综合博物馆，适合作为西安城市历史的第一站。","免费不免票，需实名预约","2026-03-15至2026-11-14：本馆 08:30-19:00，秦汉馆 08:30-18:00","越早预约越好；先看基本陈列，再去大雁塔和不夜城会更有代入感。",https://www.sxhm.com/Uploads/Picture/2021/11/05/s6185032db4faf.png,https://www.sxhm.com/
西安市内,大唐不夜城,陕西省西安市雁塔区慈恩路46号,"夜游氛围最强的城市步行街区，适合夜景、演艺和唐风打卡。","免费","全年全天开放","建议日落后进入；白天可和大雁塔、陕历博放同一区域游玩。",https://dimg04.c-ctrip.com/images/100c1f000001gsxqd9E36_W_640_10000.jpg,https://you.ctrip.com/sight/xian7/130441.html
西安附近,华山,陕西省渭南市华阴市华山镇集灵路与华山路交叉口东南1000米,"西安周边最强硬核自然目的地，适合登山、索道和日出线路。","门票约160元，索道和景交另计","全年全天开放；索道旺季 07:00-19:00，淡季 08:00-18:00，步行登山 24 小时开放","西安北站到华山北站最快；想省体力可上北峰/西峰索道。",https://dimg04.c-ctrip.com/images/0106x12000ra20bqwE935_W_640_10000.jpg,https://you.ctrip.com/sight/huayin476/136698.html
西安附近,法门文化景区,陕西省宝鸡市扶风县城北10公里处的法门镇,"以法门寺与佛指舍利闻名，宗教文化辨识度很高。","旺季约100元/淡季约90元（参考价）","03/01-11/30 08:30-17:30；12/01-02/28 09:00-17:00","适合和乾陵、袁家村拼成西线；偏文化朝圣，不是纯娱乐景区。",https://dimg04.c-ctrip.com/images/010021200087cva5o911A_W_640_10000.jpg,https://you.ctrip.com/sight/fufengcounty1880/52660.html
西安附近,太白山国家森林公园,宝鸡市眉县汤峪镇中心大道与迎宾大道交叉口,"秦岭高山景观代表，适合避暑、看高山植被和索道上行。","门票约100元，景交和索道另计","全年 08:00-15:00售票；2026-03-21至2026-11-30 景交 08:00-19:00、索道 08:30-18:00","更适合春夏秋；看雪线和高山景观时要留足上下山时间。",https://dimg04.c-ctrip.com/images/0102i12000ff77888A4E8_W_640_10000.jpg,https://you.ctrip.com/sight/meicounty2776/52661.html
西安附近,牛背梁国家森林公园,商洛市柞水县营盘镇朱家湾村,"秦岭生态路线代表，山谷步道和森林景观强，适合轻徒步。","旺季约110元/淡季约90元","04/01-11/16 08:00-18:00；11/17-03/31 闭园","比华山轻松，适合亲子或想走森林线的人。",https://dimg04.c-ctrip.com/images/0100m12000f9s2yg92C3E_W_640_10000.jpg,https://you.ctrip.com/sight/zhashui2766/107542.html
乡村旅游,袁家村,陕西省咸阳市礼泉县烟霞镇袁家村,"陕西周边最成熟的乡村旅游样板，小吃密度高，适合吃、逛、住一晚。","免费","全年全天开放；小吃街和回民街常见营业时段约 08:00-20:00","适合西安出发一日游或周末轻松游，重点在美食和村落氛围。",https://you.ctrip.com/sight/xianyang475/1445117.html,https://you.ctrip.com/sight/xianyang475/1445117.html
乡村旅游,长安唐村·南堡古寨,陕西省西安市长安区王曲街办南堡寨村1号,"终南文化+古寨修复+农业公园，适合亲子和轻量乡村休闲。","近期以免费入园、部分项目收费为主（少量攻略整理为 30 元，建议以现场为准）","全年 10:00-18:00开放","更适合半日游，和秦岭脚下民宿/采摘/露营线路搭配。",https://dimg04.c-ctrip.com/images/0104d12000f6ugv7q4E5F_W_640_10000.jpg?proc=crop/m_c,w_2500,h_1666,x_0,y_0,A7E3,https://you.ctrip.com/sight/xian7/5708265.html
乡村旅游,白鹿原影视城,陕西省西安市蓝田县前卫镇107省道(将军岭隧道西1公里处),"影视场景和白鹿原题材辨识度高，适合汉服、街区拍照和轻演艺体验。","常见规则为 16:00 前免费入园，演艺/交通/体验项目单独收费","02/24-04/30 09:00-19:30；部分日期 08:00-22:00 或 09:00-19:00","更偏休闲拍照和家庭出游，不建议当成纯历史遗址型景点看。",https://dimg04.c-ctrip.com/images/0101v12000jzuxfv31AD9_W_640_10000.jpg?proc=crop/m_c,w_2500,h_1666,x_0,y_0,A7E3,https://you.ctrip.com/sight/lantian2755/1959853.html
