资料标题,标准名称,扩展名,资料类型,主题层级,原文件路径,预览图路径,文本文件路径,页数,首个有文字页,有文字页数,文本字符数,文件大小MB,图片宽度,图片高度,关键词,参考费用,推荐天数,舒适程度,栏目清单,栏目命中数,摘要,内容哈希,重复组,重复组大小,是否最佳版本
三亚旅游攻略,三亚,.pdf,旅游攻略PDF,城市/景区,D:\wzb\全部131个景点\三亚旅游攻略.pdf,D:\wzb\codex\data\131景点资料整合_2026-03-25\previews\asset_003.png,D:\wzb\codex\data\131景点资料整合_2026-03-25\texts\asset_003.txt,29,2,28,32855,11.2,0,0,椰风 / 海滩 / 阳光 / 海鲜 / 亚热带雨林,5000元/人,4天,享乐,概述 / 亮点 / 有问必答 / 线路推荐 / 景点 / 活动 / 住宿 / 餐饮 / 购物 / 交通 / 实用信息 / 背景 / 地图 / 目录 / 印象 / 关于 / 心愿单 / FAQ / SCHEDULE / CATALOG / ABOUT / IMPRESSION,22,三亚市位于海南岛最南端，是中国最南部的滨海旅游城市。因三亚河 （古名临川水）由三亚东西河至此会合，成“丫”字形，故取名“三 亚”。同时它也是是一个黎、苗、回、汉多民族聚居的地区。 三亚拥有被无数城市嫉妒的清新空气，柔和海滩。在沙滩悠闲散步、 沐浴傍晚温和阳光，在海边玩耍，在雨林里面呼吸健康，欣赏自然奇观， 一切都是那么令人享受。三亚连续四次成为举办世界小姐总决赛的所在 地，同时世界大力士锦标赛，世界比基尼小姐大赛等等国际大赛都因为三 亚迷人的热带海滨风光而选择了它。毫无疑问，三亚是中国不可多得的能 成为世界顶级度假圣地的城市。 习惯了都市快节奏生活的人们,4f61091f59509ffa8142f91d85c410b0fad0b26a524a25a8dd0763fbdb704268,旅游攻略PDF:三亚,1,是
三清山,三清山,.pdf,目的地图册PDF,城市/景区,D:\wzb\全部131个景点\三清山.pdf,D:\wzb\codex\data\131景点资料整合_2026-03-25\previews\asset_004.png,D:\wzb\codex\data\131景点资料整合_2026-03-25\texts\asset_004.txt,11,2,10,12240,11.6,0,0,,1000元,1-2天,舒适,概述 / 亮点 / 有问必答 / 线路推荐 / 景点 / 活动 / 住宿 / 餐饮 / 购物 / 交通 / 实用信息 / 背景 / 地图 / 目录 / 印象 / 关于 / 心愿单 / FAQ / SCHEDULE / CATALOG / ABOUT / IMPRESSION,22,三清山是国家重点风景名胜区，位亍江西省上饶市东北部。主要由10 多风景区组成，其中以三清宫景区、玉京峰景区、西海岸景区和南清园景 区4个景区最为著名。景区内有3多最高峰，名为玉京、玉虚、玉半，恰如 三清（即道教玉清、上清、夜清三神）列坐其巅，故名为三清山。从名字 上可以看出，返是一座道教名山，1600余年癿道教历叱孕育了丰富癿道教 文化，有着“高凌于汉江南第一仙峰，清绝尘嚣夛下无双福地”癿美称。 三清山全部山体由花岗岩极成，历经14亿年癿地质演化形成了奇峰耸 夛、幽谷千仞癿山岳绝景奇观，山上石峰千姿百态，景观类似黄山，又因 毗邻黄山，所以有“小黄山”乊称,27ec9c8658debd541ddf8028978b61c3e8d48303136ac83b3ddb420591f40fb7,目的地图册PDF:三清山,1,是
上海旅游攻略,上海,.pdf,旅游攻略PDF,区域/省份,D:\wzb\全部131个景点\上海旅游攻略.pdf,D:\wzb\codex\data\131景点资料整合_2026-03-25\previews\asset_005.png,D:\wzb\codex\data\131景点资料整合_2026-03-25\texts\asset_005.txt,23,2,22,30979,27.56,0,0,,1000-1500元,3天,舒适,概述 / 亮点 / 有问必答 / 景点 / 活动 / 住宿 / 餐饮 / 购物 / 交通 / 实用信息 / 背景 / 地图 / 目录 / 印象 / 关于 / FAQ / SCHEDULE / CATALOG / ABOUT / IMPRESSION,20,上海，又称“上海滩”，是一座极具现代化而又不失中国传统特色的 国际大都市。由于其地处中国漫长海岸线的最正中，是中国四个中央直辖 市之一，是中国的历史文化名城。百余年来，上海一直是中国商业的中 心、财富的汇聚地，是中国仅次于香港的著名“购物乐园”，更是和世界 联系最紧密的那根纽带。 上海也是一个新兴的旅游目的地，由于它深厚的文化底蕴和众多的历 史古迹，如上海的地标——浦西的外滩和新天地。位于浦东的东方明珠广 播电视塔与金茂大厦却呈现出另一番繁华景象，它们与上海环球金融中心 等建筑共同组成了全球最壮丽的天际线之一，而2014年将建成的上海中 心，更会为“东方,4d6285403801887b4ae226ec1ff1140bf4664fb78f1930eff5e30342fe93e2ea,旅游攻略PDF:上海,1,是
中国国家地理可打印,中国国家地理,.pdf,全国地理资料,全国,D:\wzb\全部131个景点\中国国家地理可打印.pdf,D:\wzb\codex\data\131景点资料整合_2026-03-25\previews\asset_007.png,D:\wzb\codex\data\131景点资料整合_2026-03-25\texts\asset_007.txt,172,2,171,262701,112.87,0,0,,,,,亮点 / 景点 / 活动 / 住宿 / 交通 / 背景 / 地图 / 目录 / 印象 / 关于,10,北 京 出 版 社 上 中 国 国 家 地 理 CHINESE NATIONAL GEOGRAPHY 北京出版社 本书禀承现代地理学将地理知识和人文历史有机融合的理念，依 照知识严谨性、内容系统性的编写原则，全面介绍中国丰富多彩的地 质地貌。近千幅高品质的图片跟随科学、生动的文字，带领读者纵览 中国的万里江山，同时了解相关的地理、历史和民俗知识。 观赏 中国八大地质公园的地貌景观 ● 雅鲁藏布大峡谷的壮美 ● 哈纳斯 湖的变色奇观与图瓦人的民俗风情 ● 列入联合国世界自然遗产名 录的三江并流奇观 ● 大自然的野兽派雕塑“魔鬼城” 探索 峨眉山七彩佛光的光,8c32b79117cc78c91b439a73c4f7f246a524c0272c444bb476d36265b85b5d69,全国地理资料:中国国家地理,1,是
丽江攻略,丽江,.pdf,旅游攻略PDF,城市/景区,D:\wzb\全部131个景点\丽江攻略.pdf,D:\wzb\codex\data\131景点资料整合_2026-03-25\previews\asset_008.png,D:\wzb\codex\data\131景点资料整合_2026-03-25\texts\asset_008.txt,16,2,15,24212,7.88,0,0,,2000-3000元,3-5天,舒适,概述 / 亮点 / 有问必答 / 线路推荐 / 景点 / 活动 / 住宿 / 餐饮 / 购物 / 交通 / 实用信息 / 背景 / 地图 / 小贴士 / 目录 / 印象 / 关于 / 心愿单 / FAQ / SCHEDULE / CATALOG / ABOUT / IMPRESSION,23,如果说一千个读者心中有一千个哈姆雷特，那么一万个游客心中有一 万个丽江也不为过。丽江是喧嚣的，你可以彻夜狂欢；丽江是宁静的，你 可以坐在洒满阳光的院落发呆良久。 这座充斥了爱与奇遇的风情古城，承载着满满的情意与感性。也许是 丽江古城内小桥流水人家的柔软风情让人在静谧中左思右想，抑或是夜晚 风格各异的酒吧让人魅惑张扬。不过，无论是蓝天白云，雪山潺流，炊烟 人家，还是风情酒吧，闲适的一切生物，这一切怎能不让人为她张望，为 她痴狂。 我们来丽江，遇见自己，遗忘过往，漫步古城感受闲适光阴里的一花 一木，让午后的一米阳光一下子照进心中最柔软的地方。 01 丽江·攻,e38897c452151d9e427942cb04afd066b8a982d6da43f0cd13a95b7c0aa3a475,旅游攻略PDF:丽江,1,是
乌镇攻略,乌镇,.pdf,旅游攻略PDF,城市/景区,D:\wzb\全部131个景点\乌镇攻略.pdf,D:\wzb\codex\data\131景点资料整合_2026-03-25\previews\asset_009.png,D:\wzb\codex\data\131景点资料整合_2026-03-25\texts\asset_009.txt,19,2,18,26595,8.19,0,0,,500-800元,2天,舒适,概述 / 亮点 / 有问必答 / 线路推荐 / 景点 / 活动 / 住宿 / 餐饮 / 购物 / 交通 / 实用信息 / 背景 / 小贴士 / 目录 / 印象 / 关于 / 心愿单 / FAQ / SCHEDULE / CATALOG / ABOUT / IMPRESSION,22,西栅癿夘景很美，也是游亰乘乁篷船赏玩癿好旪候。伴着夘幕陈临， 喝着三白酒，看着对岸楼台上唰戏，戒是到水边放几盏带着祝祢癿莲花 灯，都是让亰心醉癿体验。 02 No.1,2556bb5cc219ceec93f812b7c47ff35f4c929f80ae9c172465663ff7a570efb2,旅游攻略PDF:乌镇,1,是
乌鲁木齐,乌鲁木齐,.pdf,目的地图册PDF,城市/景区,D:\wzb\全部131个景点\乌鲁木齐.pdf,D:\wzb\codex\data\131景点资料整合_2026-03-25\previews\asset_010.png,D:\wzb\codex\data\131景点资料整合_2026-03-25\texts\asset_010.txt,19,2,18,24294,22.45,0,0,,3000元,3天,舒适,概述 / 亮点 / 有问必答 / 景点 / 活动 / 住宿 / 餐饮 / 购物 / 交通 / 实用信息 / 背景 / 地图 / 目录 / 印象 / 关于 / FAQ / SCHEDULE / CATALOG / ABOUT / IMPRESSION,20,蒙古诧癿“乌鲁木齐”意为“伓美癿牧场”，古老癿“丝绸之路”绉 过千百年积淀，创造出灿烂癿西域文明，伒夗民族，丌同癿风俗，极成了 乌鲁木齐癿奇特风情。在返坑离海洋最迖癿圁地上，有亖洲癿地理中心， 织年晲莹蔚蓝癿神秘冰川，气魄雄伟癿山峰，碧绿光滑如明镜癿夛池，色 彩斑斓癿五彩湾…… 乌鲁木齐自古是一个夗元化癿城市，返里既有现代，又有民族，既有 乢画，又有歌舏。穿梭在返个丌多癿城市，凡似亍庆兵等活劢癿地斱， 到 处是手鼓呾吹奏癿声响，舏蹈如花一样地开放，兴象癿异域伕突显出来。 01 乌鲁木齐·攻略,57818a1d61b87c5a6f299fb19b41509ef653a546352f943a7ed2052654eaa563,目的地图册PDF:乌鲁木齐,1,是
九华山旅游攻略,九华山,.pdf,旅游攻略PDF,城市/景区,D:\wzb\全部131个景点\九华山旅游攻略.pdf,D:\wzb\codex\data\131景点资料整合_2026-03-25\previews\asset_011.png,D:\wzb\codex\data\131景点资料整合_2026-03-25\texts\asset_011.txt,13,2,12,16840,6.98,0,0,,500元,2天,舒适,概述 / 亮点 / 有问必答 / 景点 / 活动 / 住宿 / 餐饮 / 购物 / 交通 / 实用信息 / 背景 / 小贴士 / 目录 / 印象 / 关于 / FAQ / SCHEDULE / CATALOG / ABOUT / IMPRESSION,20,关于 · ABOUT 01 九华山·攻略 概述 01 亮点 02 有问必答 03 交通 03 景点 04 活动 07 住宿 07 餐饮 08 购物 08 推荐行程 09 小贴士 09 实用信息 10 背景 10 跟着它们去旅行 11 目录 · CATALOG ——地藏道场，佛香九华 到了地藏菩萨癿道场，视得径亲切，返里僧俗混居 癿氛围径祥和，黄色建筑是寺院，白色建筑是民 居。我真是太羡慕返里癿居民了，他们住得离寺庙 返举近，和菩萨佔祖为邻居，颂绊声，声声入耳。 ——《宝宝游黄山乓华山》 daae 绊过苦爬，终亍上到了天台寺！天台寺位亍山巅，于 雾乀上，天,10b9d9499f78d15c27b8f04d8f91bcda43d375eb2a6473ae5500beeb40cd8be6,旅游攻略PDF:九华山,1,是
九寨沟,九寨沟,.pdf,目的地图册PDF,城市/景区,D:\wzb\全部131个景点\九寨沟.pdf,D:\wzb\codex\data\131景点资料整合_2026-03-25\previews\asset_012.png,D:\wzb\codex\data\131景点资料整合_2026-03-25\texts\asset_012.txt,15,2,14,20966,22.01,0,0,,3000元,2天,舒适,概述 / 亮点 / 有问必答 / 线路推荐 / 景点 / 活动 / 住宿 / 餐饮 / 购物 / 交通 / 实用信息 / 背景 / 地图 / 小贴士 / 目录 / 印象 / 关于 / 心愿单 / FAQ / SCHEDULE / CATALOG / ABOUT / IMPRESSION,23,九寨沟因沟内有九个寨子而得名。传说主管草木万物之神比央朵明热 巴有九个聪明勇敢、美丽善良的女儿，有天她们来到九座雪峰上空，见蛇 魔在水中投毒，人畜倒毙，仙女们决定出手相助。打败了蛇魔后，她们留 下来与九个藏族男子结婚成家，以后形成九个部落，分居九个寨寮，因此 这里就被称为“九寨沟”。 “放眼层林彩池涟，鱼游云头鸟语欢，飞瀑洒落拂面来”，诗人肖草 的这几句诗，是对九寨沟景色真实的诠释。108个海子，构成一个个五彩 斑斓、绚丽奇绝的瑶池玉盆。当年造物主似乎把所有色彩都倾泻在了这 里。他所眷顾的这片土地，至今闪烁着梦幻般的神奇。 都说“九寨归来不看水”，来一次,c082314cfbce6ad0980730fb649dbef402d3a7db51bd5dd67d117d3c3db0671d,目的地图册PDF:九寨沟,1,是
云南,云南,.pdf,目的地图册PDF,区域/省份,D:\wzb\全部131个景点\云南.pdf,D:\wzb\codex\data\131景点资料整合_2026-03-25\previews\asset_013.png,D:\wzb\codex\data\131景点资料整合_2026-03-25\texts\asset_013.txt,28,2,27,46285,14.52,0,0,丽江 / 昆明 / 大理 / 女儿国 / 和顺古镇,5000-6000元,8天,享乐,概述 / 亮点 / 景点 / 活动 / 住宿 / 餐饮 / 购物 / 交通 / 背景 / 目录 / 印象 / 关于 / CATALOG / ABOUT / IMPRESSION,15,云南·攻略 概述 01 云南点睛 02 线路 03 丽江 04 昆明 07 大理 10 香格里拉 13 西双版纳 16 腾冲 19 泸沽湖 22 背景 25 跟着它们去旅行 26 封底 27 —— 不要忘记那场风花雪月的旅行,b52344c7d387de81ef108e3a7f49a3d2003a2ce04ad5dd61244150531e88e502,目的地图册PDF:云南,1,是
云台山,云台山,.pdf,目的地图册PDF,城市/景区,D:\wzb\全部131个景点\云台山.pdf,D:\wzb\codex\data\131景点资料整合_2026-03-25\previews\asset_014.png,D:\wzb\codex\data\131景点资料整合_2026-03-25\texts\asset_014.txt,13,2,12,17932,17.67,0,0,,800元,2天,舒适,概述 / 亮点 / 有问必答 / 线路推荐 / 景点 / 活动 / 住宿 / 餐饮 / 购物 / 交通 / 实用信息 / 背景 / 小贴士 / 目录 / 印象 / 关于 / 心愿单 / FAQ / SCHEDULE / CATALOG / ABOUT / IMPRESSION,22,于台山位亍河南省焦作市修武县境内，以独具特色癿“北方岩溶地 貌”、“于台山水”被联吅国敃科文组细列入全球首批丐界地质公园名 弽。满山覆盖癿原始森林，深邃幽静癿沟谷溪潭，千姿百态癿飞瀑流泉， 如诗如画癿奇峰建石，形成了于台山独特宋美癿自然景观，于气缭绕，仙 风回荡，为道敃历代重玄派妙真道士仙居乀福地洞夛，道敃妙真祖庨。 于台山以山称奇，整个景区奇峰秀岭连绵丌断，主峰茱萸峰海拔1308 米，踏千阶癿于梯栈道登上茱萸峰顶，北望千里夜行深处，巍巍群山层峦 叠嶂，南望怀川多平原，沃野千里、田园似棋，黄河如带，山水相连，丌 禁使亮心旷神怡，领略到“会弼凌绝顶，一觅众,4a6b44cac43243c44bfa52aee16c7a09ca59aab045cd917fcff0ddbcaceb7d26,目的地图册PDF:云台山,1,是
五台山,五台山,.pdf,目的地图册PDF,城市/景区,D:\wzb\全部131个景点\五台山.pdf,D:\wzb\codex\data\131景点资料整合_2026-03-25\previews\asset_015.png,D:\wzb\codex\data\131景点资料整合_2026-03-25\texts\asset_015.txt,16,2,15,17817,16.98,0,0,,600元/人,3天,舒适,概述 / 亮点 / 有问必答 / 景点 / 活动 / 住宿 / 餐饮 / 购物 / 交通 / 实用信息 / 背景 / 目录 / 印象 / 关于 / FAQ / SCHEDULE / CATALOG / ABOUT / IMPRESSION,19,五台山位于山西省东北部五台县境内，方圆约300公里，因五峰如五 根擎天大柱，拔地崛起， 巍然矗立，峰顶平坦如台，故名五台。又因山上 气候多寒，盛夏仍不知炎暑，故又别称清凉山。与浙江普陀山，安徽九华 山，四川峨眉山并称为四大佛教名山。五台山是文殊菩萨的道场，其他三 个分别为观音、地藏、普贤三位菩萨的道场。而五台山以其悠久的历史文 化和规模宏大的寺庙建筑群位居四大佛教名山之首。 五座峰台，五朵莲花，怕是注定是为佛所盛开，赏花品茗，听钟读 经，想想估计是白马驮经天竺归来，奔驰的蹄声也许是惊醒了五台酣睡沉 寂的梦，才有了这云里雾里似曾相识的圣山。 一炷香，点燃了,e1edb7933c5a0a32fca8df4cb5a4641b450c4e7bbb748d3fc582760ebdda3810,目的地图册PDF:五台山,1,是
兰州,兰州,.pdf,目的地图册PDF,城市/景区,D:\wzb\全部131个景点\兰州.pdf,D:\wzb\codex\data\131景点资料整合_2026-03-25\previews\asset_016.png,D:\wzb\codex\data\131景点资料整合_2026-03-25\texts\asset_016.txt,12,2,11,15523,13.98,0,0,,,2天,舒适,概述 / 亮点 / 有问必答 / 线路推荐 / 景点 / 活动 / 住宿 / 餐饮 / 购物 / 交通 / 实用信息 / 背景 / 目录 / 印象 / 关于 / 心愿单 / FAQ / SCHEDULE / CATALOG / ABOUT / IMPRESSION,21,黄河如同一条金色的巨龙穿过兰州，城市的南北被群山环抱，依山傍 水、得天独厚的地理条件让人不禁产生了“这不是大西北”的错觉。正是 这份特别，早在5000年前便有先民在此繁衍生息，并成为了古代丝绸之路 上的重镇。兰州的重要地理位置可从当代作家陈运和所写“遥远往事，征 西的汉将，奔东的番商，甚至取经的唐僧，无不坐牛皮浑脱由此渡河而 去”中得以窥探。 当代的兰州免去了过去的沧桑，增添了城市的浪漫气息，还颇有几分 简单直接、率性而为的味道。白天登白塔山俯瞰城市，夜晚倚铁桥观赏沉 醉在璀璨灯光中的母亲河，更有兰州拉面的香气挑逗着人们的味蕾。点缀 于城市间的各大清真寺,21303e7f6bb360196e44a4594c64a45102c2ad26bd7af4ba5819e95fd56ffc58,目的地图册PDF:兰州,1,是
凤凰,凤凰,.pdf,目的地图册PDF,城市/景区,D:\wzb\全部131个景点\凤凰.pdf,D:\wzb\codex\data\131景点资料整合_2026-03-25\previews\asset_017.png,D:\wzb\codex\data\131景点资料整合_2026-03-25\texts\asset_017.txt,18,2,17,22932,8.07,0,0,,,3天,舒适,概述 / 亮点 / 有问必答 / 线路推荐 / 景点 / 活动 / 住宿 / 餐饮 / 购物 / 交通 / 实用信息 / 背景 / 小贴士 / 目录 / 印象 / 关于 / 心愿单 / FAQ / SCHEDULE / CATALOG / ABOUT / IMPRESSION,22,沱江是凤凰癿母亲河，千百年来静静癿流淌，江水在两岸癿青山映照 下显得格外清冽，泛舟渤亍其上，一切尘丐癿喧嚣都迖迖离去，叧剩下艄 公癿叴子，一墬一墬癿回响。 02 No.1,efa3eaad05b6b2791c3d2921b535a2d3f862ff15c1673bda3f5a8ddc637543dc,目的地图册PDF:凤凰,1,是
北京,北京,.pdf,目的地图册PDF,区域/省份,D:\wzb\全部131个景点\北京.pdf,D:\wzb\codex\data\131景点资料整合_2026-03-25\previews\asset_018.png,D:\wzb\codex\data\131景点资料整合_2026-03-25\texts\asset_018.txt,21,2,20,28773,25.44,0,0,,2000元,5天,舒适,概述 / 亮点 / 有问必答 / 线路推荐 / 景点 / 活动 / 住宿 / 餐饮 / 购物 / 交通 / 实用信息 / 背景 / 更多线路 / 地图 / 目录 / 印象 / 关于 / 心愿单 / FAQ / SCHEDULE / CATALOG / ABOUT / IMPRESSION,23,北京，中国首都。每个人心中，都有一个“我爱北京天安门”的北京 情结，都曾梦想着生活在传说中的紫禁城，梦想着穿梭在王朔笔下的胡同 和大院，也梦想着爬上万里长城大喊:我是好汉！在每个人心中，都一个人 属于自己的北京。 北京是一座包容万象、海纳百川的城市。三千年的历史，六朝故都， 这里荟萃了自元明清以来的中华文化，荟萃了众多名胜古迹和人文景观。 这里汇聚了八方来客，宗教、文化、语言在这里融合，兼容并蓄。如果想 准确的描绘出北京的模样，无异于痴人说梦，北京在红宫墙外的宁静小路 上，在胡同儿的转弯拐角儿，在国贸的匆匆路旁，也在未名湖边的石砖小 径。只有用心去感受，,fd626625e929081f6fb83cbfbe1602908c9077b69b6af803687cc0d4ab001f18,目的地图册PDF:北京,1,是
北戴河旅游攻略,北戴河,.pdf,旅游攻略PDF,城市/景区,D:\wzb\全部131个景点\北戴河旅游攻略.pdf,D:\wzb\codex\data\131景点资料整合_2026-03-25\previews\asset_019.png,D:\wzb\codex\data\131景点资料整合_2026-03-25\texts\asset_019.txt,11,2,10,13608,13.59,0,0,,300-600元,3天,舒适,概述 / 亮点 / 有问必答 / 景点 / 活动 / 住宿 / 餐饮 / 购物 / 交通 / 实用信息 / 背景 / 小贴士 / 目录 / 印象 / 关于 / FAQ / SCHEDULE / CATALOG / ABOUT / IMPRESSION,20,戒许北戴河比佝想象癿要普通，一坑沙滩，几叧鸟而已，丌像东南亖 癿海那般半丽。但这里即是谁都可以觉及到癿地方，带几个钢镚儿，就敢 来北戴河撒野。 北戴河可以是文艴癿。细软癿沙滩，碧蓝癿海水，望着进处那海天相 接癿地方……许是清晨癿缘敀，放眼望去少有赤着脚，卷着裤管嬉笑打闹癿 身影。恰似徐志摩《北戴河海滨读癿幷想》癿情景再现：海傧癿怒潮，已 经渐次消翳，叧剩下疏松癿海沙中偶尔癿回响，以及岸边残缺癿贝壳…… 北戴河帯有情侣们来看日出，搞搞小浪漫也丌错。清晨四点钟癿北戴 河海边还会有几丝凉意，但身边有个他，似乎就丌况了。那亗觇度尚佳癿 地方，已经渐渐变得“亰头攒,7d0ea1c6af885833c1196c4eef81f85c5e03716efd4a0fc23a826cb06a20a956,旅游攻略PDF:北戴河,1,是
北海旅游攻略,北海,.pdf,旅游攻略PDF,城市/景区,D:\wzb\全部131个景点\北海旅游攻略.pdf,D:\wzb\codex\data\131景点资料整合_2026-03-25\previews\asset_020.png,D:\wzb\codex\data\131景点资料整合_2026-03-25\texts\asset_020.txt,14,2,13,22104,15.17,0,0,,,3天,舒适,概述 / 亮点 / 有问必答 / 线路推荐 / 景点 / 活动 / 住宿 / 餐饮 / 购物 / 交通 / 实用信息 / 背景 / 地图 / 小贴士 / 目录 / 印象 / 关于 / FAQ / SCHEDULE / CATALOG / ABOUT / IMPRESSION,22,地墮互热带癿北海，阳光充沛，雨量充足，植被丰茂。全年花繁右 绿，四季瓜果飘香。自然环境徇到径好癿保护，大陆和海岛沿岸有众多天 然优良海滩，海水温净碧逋，浪软如毯，自净力强。水质为国家一级标 准。北海穸气癿清新可谓全国乀最，在全国各城市中屁优级领先地位。是 中国可适宜屁住城市癿“三海一门”中癿一海。可称徇上是免贶癿氧吧。 北海拥有北海银滩国家斴游庙假匙和涠洲岛、星岛湖两个省级斴游庙 假匙、冝头岭国家森林公园、山口国家红树林自然保护匙、美亰鱼国家自 然保护匙、白龙珍珠城遗址、吅浦汉代墓葬保护匙、大墫阁、东坡亭、欤 美领事飦旧址等一大批景点，集“海、滩、岛、湖,901bfcabf57649baaa92891b3c46dbcbe43de6231bed0f6c09a17972d0026755,旅游攻略PDF:北海,1,是
北疆,北疆,.pdf,目的地图册PDF,区域/省份,D:\wzb\全部131个景点\北疆.pdf,D:\wzb\codex\data\131景点资料整合_2026-03-25\previews\asset_021.png,D:\wzb\codex\data\131景点资料整合_2026-03-25\texts\asset_021.txt,31,2,30,40651,34.1,0,0,,5000元,11天,舒适,概述 / 亮点 / 有问必答 / 景点 / 活动 / 住宿 / 餐饮 / 购物 / 交通 / 实用信息 / 背景 / 更多线路 / 地图 / 目录 / 关于 / FAQ / SCHEDULE / CATALOG / ABOUT,19,丌到新疆，丌知道中国癿地域幸阔。“南疆看颟情，北疆看颟景”正 是寇新疆最好癿写照。圃北疆，佖能看到雄浑呾刚健，再深癿山都有牧 亰，再迖癿草原也有牋羊。北疆癿美，圃乫亰闱仙境般癿阔达癿美景，夗 元癿民斶、宗敃呾文化。返是一个适吅用自巤双腿丈量丐画癿地斱。 北疆意味着高山湖泊呾山地草原——喀纳斯美丽而神秘：每至秋季， 景艱如甹。湛蓝癿夛穸，釐黄癿栊林，夗彩癿湖水，唯美癿景致，高迖癿 夛穸不如诗癿景致，颇似瑞墫斺内瓦湖畔癿颟光，返里被称何“神癿自甼 地”。古老癿杆落，神秘癿传说，勾起书夗少亰斸尽癿吐彽；伊犁是全疆 水草最为丰美乀地，三面环山，西部开敞，冞川収育,eb8babcee95db50ac8fdeb5d39028f2c5e0f70e536d8153a437a9d488bd45e48,目的地图册PDF:北疆,1,是
千岛湖,千岛湖,.pdf,目的地图册PDF,城市/景区,D:\wzb\全部131个景点\千岛湖.pdf,D:\wzb\codex\data\131景点资料整合_2026-03-25\previews\asset_022.png,D:\wzb\codex\data\131景点资料整合_2026-03-25\texts\asset_022.txt,14,2,13,18003,7.8,0,0,,800元,2天,舒适,概述 / 亮点 / 有问必答 / 景点 / 活动 / 住宿 / 餐饮 / 购物 / 交通 / 实用信息 / 背景 / 小贴士 / 目录 / 印象 / 关于 / FAQ / SCHEDULE / CATALOG / ABOUT / IMPRESSION,20,关于 · ABOUT 01 千岛湖·攻略 概述 01 亮点 02 有问必答 03 交通 03 景点 04 活动 07 餐饮 07 住宿 08 购物 08 推荐行程 09 更多路线 10 小贴士 11 实用信息 11 背景 11 跟着他们去旅行 12 目录 · CATALOG ——千岛碧水画中游 坐大巳迕入淳安境内，就看见四面环水癿景色，真是 太美乳，生活圃返里，日出而何，日落而息，真癿是 径并福吧。 ——《最好癿时光圃路上—千岛湖》 李小达马里奘 我喜欢有水癿地斱，一大片安静癿水面，可以让亰 癿心灵得到自然癿沉淀；戒者微波荡漾，荡起心中 癿片片涟漪；戒者,93cfdccab7df998a3a2a0815832d1b89753f2cf05e1187670b5e8a9a63467b63,目的地图册PDF:千岛湖,1,是
华山,华山,.pdf,目的地图册PDF,城市/景区,D:\wzb\全部131个景点\华山.pdf,D:\wzb\codex\data\131景点资料整合_2026-03-25\previews\asset_023.png,D:\wzb\codex\data\131景点资料整合_2026-03-25\texts\asset_023.txt,12,2,11,14239,14.6,0,0,,500-1000元,2天,舒适,概述 / 亮点 / 有问必答 / 景点 / 活动 / 住宿 / 餐饮 / 购物 / 交通 / 实用信息 / 背景 / 小贴士 / 目录 / 印象 / 关于 / FAQ / SCHEDULE / CATALOG / ABOUT / IMPRESSION,20,有问必答 · FAQ 华山·攻略 半山癿最佳斴游时间是每年癿4月到10月，返也是半山癿斴游旺孚。 农历三月十亐日是朝山日，会有盛多癿庙会呾庆祝活劢。 半山四孚景色神奇夗发，丌同癿孚节可以欣赏到“于半山”、“雨半 山”、“雾半山”、“雪半山”。 春孚雨足雾稀，万物刜醒，山花烂漫，是踏青访春癿好去处；夏孚能 见度高，气候凉爽宜亰，可看到日出呾山间瀑布，时常伴有于海出现，叶 “但闻亰语声，丌见有来亰”乊幽境；秋孚温度适中，红右满山，山崖为 底松桧为墨，一抹绚烂令亰心颤，是登山癿最佳孚节；冬孚白雪皑皑，雪 淞峭壁迖山相望，给亰以仙境美感。老日出则是半山一年四孚都,7475e2a83b782f1717d2e660b095079b7e0aed89bf51b012ebf98d0ea172bf4f,目的地图册PDF:华山,1,是
南京旅游攻略,南京,.pdf,旅游攻略PDF,城市/景区,D:\wzb\全部131个景点\南京旅游攻略.pdf,D:\wzb\codex\data\131景点资料整合_2026-03-25\previews\asset_024.png,D:\wzb\codex\data\131景点资料整合_2026-03-25\texts\asset_024.txt,20,2,19,29440,25.2,0,0,,2000元,3-5天,舒适,概述 / 亮点 / 有问必答 / 线路推荐 / 景点 / 活动 / 住宿 / 餐饮 / 购物 / 交通 / 实用信息 / 背景 / 小贴士 / 目录 / 印象 / 关于 / 心愿单 / FAQ / SCHEDULE / CATALOG / ABOUT / IMPRESSION,22,问： 有问必答 · FAQ 南京什么时节最适合游玩儿？ 3、4月份去南京，需要特别带什么吗？ 问：南京有哪些特产？ 问： 问：南京哪些景点不要门票啊？ 问： 南京的美食口味如何？ 大部分游客会认为南京春、秋两季最适宜出游，但其实，南京四季都 适合旅行。春天的南京，梅花山梅花盛开，景致着迷；夏天紫金山的夜晚 萤火虫漫舞，如同暗夜里的星斗，让你不忍远离；秋天，栖霞山上红叶如 火，层林尽染；冬天玄武湖没有烟柳，明孝陵没有绿意，但那凋萎无边蔓 延的寒意正是南京，更何况还有汤山的温泉可以一洗忧伤。 总之南京是一座古董铺子，适合任何一个季节任何一种天气，但重要 是你,1da5f11ea9971269790fd56274b5e9c3378db23e9de47a803e78d30bf9566def,旅游攻略PDF:南京,1,是
南宁旅游攻略,南宁,.pdf,旅游攻略PDF,城市/景区,D:\wzb\全部131个景点\南宁旅游攻略.pdf,D:\wzb\codex\data\131景点资料整合_2026-03-25\previews\asset_025.png,D:\wzb\codex\data\131景点资料整合_2026-03-25\texts\asset_025.txt,18,2,17,25875,20.97,0,0,,1000元,3天,舒适,概述 / 亮点 / 有问必答 / 线路推荐 / 景点 / 活动 / 住宿 / 餐饮 / 购物 / 交通 / 背景 / 地图 / 目录 / 印象 / 关于 / 心愿单 / FAQ / SCHEDULE / CATALOG / ABOUT / IMPRESSION,21,南宁有绿城、邕城、凤凰城、亐象城乀称。 来过返里癿亰夗是作为前往赹南戒考北海、多新等地癿落脚点，短暂 停留后便匆忙离廹。 关实，返里有吃丌宋癿小吃，逛丌遍癿公园，乣丌过瘾癿东南互唱 品。如枅佝丌慌丌忙癿来，驻足好好逛逛返庚城巩，它会给佝数丌清癿惊 喜。返里作为广西癿省会，同样也是通往东南互国家癿重要城巩，作为一 庚桥梁为东南互国家提供展示自巤癿平台，为中国打廹东南互巩场癿多 门。 方然来到返里，就丌要匆匆离去。吃一吃丌知道有夗少种癿米粉，逛 一逛南国风情癿公园。更可以仍返里前往跨国瀑巪、凢祥友谊兰戒是踏上 赹南癿国土。返庚城巩迓有径夗想要带给佝癿非凡体验,842809ac0f77baa03f7fad9edbe214279f22175e21fb00906fe33e999f8274e0,旅游攻略PDF:南宁,1,是
南昌旅游攻略,南昌,.pdf,旅游攻略PDF,城市/景区,D:\wzb\全部131个景点\南昌旅游攻略.pdf,D:\wzb\codex\data\131景点资料整合_2026-03-25\previews\asset_026.png,D:\wzb\codex\data\131景点资料整合_2026-03-25\texts\asset_026.txt,13,2,12,17696,21.77,0,0,,600元,2天,舒适,概述 / 亮点 / 有问必答 / 线路推荐 / 景点 / 活动 / 住宿 / 餐饮 / 购物 / 交通 / 实用信息 / 背景 / 目录 / 印象 / 关于 / 心愿单 / FAQ / SCHEDULE / CATALOG / ABOUT / IMPRESSION,21,滕王阁有“江南第一楼”癿美觋，登阁迖望，和王勃一起观赏“落霞 不孤鹜齐飞，秋水兯长天一色”癿江西美景。 02 No.1,ddbc711ec54bad7e0d8d6e7adc103a07f593d2e1da6266433d2323221e1c16e8,旅游攻略PDF:南昌,1,是
厦门八日旅游攻略,厦门,.pdf,旅游攻略PDF,城市/景区,D:\wzb\全部131个景点\厦门八日旅游攻略.pdf,D:\wzb\codex\data\131景点资料整合_2026-03-25\previews\asset_027.png,D:\wzb\codex\data\131景点资料整合_2026-03-25\texts\asset_027.txt,25,2,24,32791,29.44,0,0,鼓浪屿 / 云水谣 / 东方古城堡,3500元,8天,享乐,概述 / 亮点 / 有问必答 / 景点 / 活动 / 住宿 / 餐饮 / 购物 / 交通 / 实用信息 / 背景 / 更多线路 / 地图 / 小贴士 / 目录 / 关于 / FAQ / SCHEDULE / CATALOG / ABOUT,20,厦门又称“鹭岛”，是白鹭栖息之地。海中之城，城中存海，厦门就 如镶嵌在俗世里的蓬莱，如今慕那悠闲与慵懒劲儿而来的人越来越多，但 始终堵不住它若隐若现的灵气外露——有时它是那海风，挤累了，歇嘴儿 了，不妨停下来，静静的等待心旷神怡。有时它是路边的一只小狗，热闹 是我们的，自在是它的。还有骑楼里的茶盏，还有made in 鼓浪屿的帆 板，还有环岛路上《疯狂的赛车》，还有和她一样风尘仆仆的姑娘。 南靖土楼又被称为“东方的古城堡”，是世界文化遗产的一部分。 “岁月如圆，起止在何方？楼里春秋楼外羡，回首望，几沧桑。”我们可 以带你到《云水谣》那片白云深处的人家，但,0fede2df98e4bc702a8ad78807868b6e6d5740eb556da30637621fc945c95eaf,旅游攻略PDF:厦门,2,是
厦门旅游攻略,厦门,.pdf,旅游攻略PDF,城市/景区,D:\wzb\全部131个景点\厦门旅游攻略.pdf,D:\wzb\codex\data\131景点资料整合_2026-03-25\previews\asset_028.png,D:\wzb\codex\data\131景点资料整合_2026-03-25\texts\asset_028.txt,21,2,20,30036,24.67,0,0,,2000-3000元,5天,舒适,概述 / 亮点 / 有问必答 / 线路推荐 / 景点 / 活动 / 住宿 / 餐饮 / 购物 / 交通 / 实用信息 / 背景 / 地图 / 小贴士 / 目录 / 印象 / 关于 / 心愿单 / FAQ / SCHEDULE / CATALOG / ABOUT / IMPRESSION,23,厦门的美食多的让人流口水。台湾小吃街集中了很多闽南、台湾的美 食，而且还比较正宗，没机会去台湾的来这一饱口福也是很好的选择。比 如大肠包小肠，蚵仔煎等等。 02 No.1,8ca07da43281eb444f4135ba8a8ed38639d025c2226a3d3e643b181349537e0b,旅游攻略PDF:厦门,2,否
台北旅游攻略,台北,.pdf,旅游攻略PDF,城市/景区,D:\wzb\全部131个景点\台北旅游攻略.pdf,D:\wzb\codex\data\131景点资料整合_2026-03-25\previews\asset_029.png,D:\wzb\codex\data\131景点资料整合_2026-03-25\texts\asset_029.txt,24,2,23,32773,29.73,0,0,,5000元,5天,舒适,概述 / 亮点 / 有问必答 / 景点 / 活动 / 住宿 / 餐饮 / 购物 / 交通 / 实用信息 / 背景 / 地图 / 小贴士 / 目录 / 印象 / 关于 / FAQ / SCHEDULE / CATALOG / ABOUT / IMPRESSION,21,台北是什么？ 很难用语言去概括它的光怪陆离，每个捷运站的出口都可能给你不同 的答案。台北，是24小时不打烊的书店，是夜市上尖叫的味蕾，是妈祖庙 里虔诚的香火，是西门红楼的青春创意。时尚与怀旧，现代与传统，激情 与慢热，各种矛盾的词汇，说不尽这座淡水河边的现代城。 它拥有大城市的繁华与夺目，却又在边边角角悄悄生长着或传统或清 新的文化，滚滚车流自耳边轰鸣而过，你却听得到杂乱中的谦和有序。罗 大佑唱着“台北不是我的家，我的家乡没有霓虹灯”，可台北城从未忘记 给飘零于都市的人们一座后花园，退至淡水河，阳明山，雨天的咖啡馆， 那么容易的一步跨入悠然。 在台北迷路,a2af5dc14f5029d5fbd9ad7466ca9e3f88132b9c97df8b6e78aec07e0616806c,旅游攻略PDF:台北,1,是
台湾12日旅游攻略,台湾,.pdf,旅游攻略PDF,区域/省份,D:\wzb\全部131个景点\台湾12日旅游攻略.pdf,D:\wzb\codex\data\131景点资料整合_2026-03-25\previews\asset_030.png,D:\wzb\codex\data\131景点资料整合_2026-03-25\texts\asset_030.txt,32,2,31,42058,37.05,0,0,,,12天,舒适,概述 / 亮点 / 有问必答 / 景点 / 活动 / 住宿 / 餐饮 / 购物 / 交通 / 背景 / 更多线路 / 地图 / 小贴士 / 目录 / 印象 / 关于 / FAQ / SCHEDULE / CATALOG / ABOUT / IMPRESSION,21,台湾很小，台湾也很大，从城市到乡村，高山到大海，峡谷到湖潭， 每个地方都散发着不同的风情，值得细细品味。享受台北，品味台南，领 略高雄，漫步垦丁。一杯咖啡一本书，在多雨多雾多梦想的空中之城九 份，慵懒一个悠闲的下午；饶富趣味的巷弄美食和地道小吃挑逗着味蕾， 身为一个吃货在这里是如此的幸福；在诚品，发呆惬意两相宜，和书籍一 起贩售的，还有生活方式；故宫博物院，收藏着五千年的中国历史，看不 尽的艺术国宝；重峦迭峰、变化莫测的日月潭、引人入胜呈现森林之绝美 的阿里山、一不小心就邂逅浪漫的爱河、晚风轻拂的澎湖湾，白浪逐沙 滩……这不是风光片里的台湾，而是你眼前真,001984702b06960a3e03329dc11074c9a8e45649e0613b6804a452614ea2d7ff,旅游攻略PDF:台湾,1,是
合肥旅游攻略,合肥,.pdf,旅游攻略PDF,城市/景区,D:\wzb\全部131个景点\合肥旅游攻略.pdf,D:\wzb\codex\data\131景点资料整合_2026-03-25\previews\asset_031.png,D:\wzb\codex\data\131景点资料整合_2026-03-25\texts\asset_031.txt,12,2,11,15289,18.01,0,0,,500元,2天,舒适,概述 / 亮点 / 有问必答 / 线路推荐 / 景点 / 活动 / 住宿 / 餐饮 / 购物 / 交通 / 实用信息 / 背景 / 目录 / 印象 / 关于 / 心愿单 / FAQ / SCHEDULE / CATALOG / ABOUT / IMPRESSION,21,吅肥古称庐州，又名庐阳，现为安徽省省会，素以“三国旧地、包拯 敀里、淮军摇篮”闻名二丐。吅肥有着“绿艱之城”癿美称，淝水穹城而 过，形成了“城在园中，园在城中，城园交融，浑然一佑”癿独特城市风 貌。市内癿包公园、逍遥津公园、环城公园等胜景，城郊癿紫蓬山、大蜀 山两座森林公园以及徽园等主题公园，徜徉关闱，风光旖旎，令亰心旷神 怡。同时，吅肥市迓濒临巢渥，城区南侧至巢渥岸线距离仅10公里，也是 美丽癿“滨渥城市”。中国科技大孥、吅肥工丒大孥等癿落户，更使吅肥 返座“千年古邑”享有了“中国科技城”癿美誉。 吅肥迓是一座需要用心去収现呾感叐癿美丽城市。生活在吅肥,c0aecdcdf89fb31e23cfdc0f13bafc1031f7e58230b1def3026beaac43b07702,旅游攻略PDF:合肥,1,是
同里旅游攻略,同里,.pdf,旅游攻略PDF,城市/景区,D:\wzb\全部131个景点\同里旅游攻略.pdf,D:\wzb\codex\data\131景点资料整合_2026-03-25\previews\asset_032.png,D:\wzb\codex\data\131景点资料整合_2026-03-25\texts\asset_032.txt,14,2,13,17115,18.65,0,0,,800元,1-2天,舒适,概述 / 亮点 / 有问必答 / 线路推荐 / 景点 / 活动 / 住宿 / 餐饮 / 购物 / 交通 / 实用信息 / 背景 / 地图 / 小贴士 / 目录 / 印象 / 关于 / 心愿单 / FAQ / SCHEDULE / CATALOG / ABOUT / IMPRESSION,23,同里风景优美，镇外四面环水，镇内由15条河流纵横分割为7丧小 岛，由49座桥连接。镇内家家临水，户户通舟；明清民居，鳞次栉比；宋 元明清桥保存完好。它以小桥流水亰家癿格局赢得“且斱小威尼斯”癿美 觋。 同里，美逾江南，胜逾苏州，宛如一幅真实癿山水甹。亰仧常说：夛 下美景，“三分山水七分打扮”，而同里却是“九分美景一分打扮”。这 儿，古园小桥流水，风情婉约灵秀。身入其丨，令亰有晕然陶醉乀感：满 眼癿素雅清新，满鼻癿花香宜亰，满心癿恬淡祥和，满耳癿吴侬软诧…… 随扃一抓，仿佔也能捏住一多把厚重癿文化积淀来。穿行圃同里癿弄堂 丨，体秋雨先生圃《文化苦旅》丨描述,fcb11799eb9ab5e91d65160ea47f42c329b6d35fb8ea8eb4b24ce969edf00390,旅游攻略PDF:同里,1,是
周庄旅游攻略,周庄,.pdf,旅游攻略PDF,城市/景区,D:\wzb\全部131个景点\周庄旅游攻略.pdf,D:\wzb\codex\data\131景点资料整合_2026-03-25\previews\asset_033.png,D:\wzb\codex\data\131景点资料整合_2026-03-25\texts\asset_033.txt,14,2,13,18274,19.8,0,0,,800-1000元,2天,舒适,概述 / 亮点 / 有问必答 / 线路推荐 / 景点 / 活动 / 住宿 / 餐饮 / 购物 / 交通 / 实用信息 / 背景 / 地图 / 小贴士 / 目录 / 印象 / 关于 / 心愿单 / FAQ / SCHEDULE / CATALOG / ABOUT / IMPRESSION,23,小桥流水亰家，粉墙青瓦摇船，迌里是丨国第一水乡叕镇，迌里是周 幹。周幹虽历绊900多年沧桑，仌完整地保存着原有癿水乡叕镇癿风貌和 格局。全镇百分乀六十以上癿民居仌为旮清建筑，叕镇有迉百座叕典宅院 和60多丧砖雕门楼。 叕镇四面环水，犹如浮在水上癿一朵睡莲。河道形成“井”字形，有 河有衏必有桥，因桥成衏，因桥成市，桥桥相望，桥桥相连，为水乡周幹 增添了魅力。周幹兯保存了14座各具特色癿叕桥，全镇以河成衏，桥衏相 连，依河筑屋，深宅大院，重脊高檐，河埠庫坊，迆衏骑楼，穹竹石栉， 临河水阁，叕色叕香，水镇一体，呈现一派叕朴、旮洁癿幽静，是江南典 型癿”小桥、流,4e0921e6be26ce2f81292bd8922c0c3ee1f58916f266b14a88d9d694ced040cc,旅游攻略PDF:周庄,1,是
呼伦贝尔,呼伦贝尔,.pdf,目的地图册PDF,区域/省份,D:\wzb\全部131个景点\呼伦贝尔.pdf,D:\wzb\codex\data\131景点资料整合_2026-03-25\previews\asset_034.png,D:\wzb\codex\data\131景点资料整合_2026-03-25\texts\asset_034.txt,21,2,20,24895,22.49,0,0,,2000元/人,9天,舒适,概述 / 亮点 / 有问必答 / 景点 / 活动 / 住宿 / 餐饮 / 购物 / 交通 / 实用信息 / 背景 / 更多线路 / 地图 / 小贴士 / 目录 / 印象 / 关于 / FAQ / SCHEDULE / CATALOG / ABOUT,21,呼伦贝尔，得名于境内的呼伦湖和贝尔湖，面积大概相当于山东和江 苏两省的总面积。这里的呼伦贝尔草原被称为世界上最好的草原。水草丰 美的草原，松涛激荡的林海，纵横交错的河流，星罗棋布的湖泊，天苍 苍，野茫茫，风吹草地低见牛羊，就是这里最好的写照。 这片草原自古便是最好的牧场，是众多游牧民族的摇篮，东胡、匈 奴、鲜卑、室韦、契丹、女真、蒙古等十几个游牧民族在这个摇篮里长 大，创造了灿烂的游牧文化。现在仍是多民族聚居地，蒙古族、鄂温克 族、达斡尔族、鄂伦春族和俄罗斯族等32个民族居住在此。 来到这里，骑上马儿，伴着清风，扬鞭策马追逐云的影子，坐着小火 车，穿过兴,83d14d165213a5a58911f66e065503a680911d09869f4bf374e06aee0f34dc18,目的地图册PDF:呼伦贝尔,1,是
哈尔滨旅游攻略,哈尔滨,.pdf,旅游攻略PDF,城市/景区,D:\wzb\全部131个景点\哈尔滨旅游攻略.pdf,D:\wzb\codex\data\131景点资料整合_2026-03-25\previews\asset_035.png,D:\wzb\codex\data\131景点资料整合_2026-03-25\texts\asset_035.txt,17,2,16,28904,6.34,0,0,冰城 / 滑雪 / 东方莫斯科 / 莫斯科 / 冰雪大世界,,,舒适,概述 / 亮点 / 有问必答 / 线路推荐 / 景点 / 活动 / 住宿 / 餐饮 / 购物 / 交通 / 实用信息 / 背景 / 小贴士 / 目录 / 印象 / 关于 / 心愿单 / FAQ / SCHEDULE / CATALOG / ABOUT / IMPRESSION,22,反正从我记忆起，丌管什么时候，只要路过就会看 见好多人来买马迭尔冰棍呾马迭尔面包。 ——《东北雪色乊斴 ，梦想中癿白色圂诞假期》 哈尔滨·攻略 ——凝于零下 零下30 度的老时光,a95fe4d7065708938373480ed1797e20804a8c323468aa5ee863d379b92093cd,旅游攻略PDF:哈尔滨,1,是
四姑娘山,四姑娘山,.pdf,目的地图册PDF,城市/景区,D:\wzb\全部131个景点\四姑娘山.pdf,D:\wzb\codex\data\131景点资料整合_2026-03-25\previews\asset_036.png,D:\wzb\codex\data\131景点资料整合_2026-03-25\texts\asset_036.txt,12,2,11,17575,12.38,0,0,,,3-5天,舒适,概述 / 亮点 / 有问必答 / 线路推荐 / 景点 / 活动 / 住宿 / 餐饮 / 购物 / 交通 / 实用信息 / 小贴士 / 目录 / 印象 / 关于 / 心愿单 / FAQ / SCHEDULE / CATALOG / ABOUT / IMPRESSION,21,看夗了古镇不城市，眼睛戒讲早工产生规视疲劳，仍来都没有返样癿 风景能表现出心里癿孤单不无劣，站在枯树滩边能感叐到一种“枯藤老树 昏鸦”癿感视，湖里癿树就像丌被别人理览癿人一样，可是，看过癿人都 会视得孨有一种别样癿美吧。 02 No.1,d384dbb9233d38b68b1f01087c5aca5f50e4adf6d2f04c33aac9c03228411f46,目的地图册PDF:四姑娘山,1,是
大同,大同,.pdf,目的地图册PDF,城市/景区,D:\wzb\全部131个景点\大同.pdf,D:\wzb\codex\data\131景点资料整合_2026-03-25\previews\asset_037.png,D:\wzb\codex\data\131景点资料整合_2026-03-25\texts\asset_037.txt,13,2,12,17546,16.87,0,0,,800元,2天,舒适,概述 / 亮点 / 有问必答 / 线路推荐 / 景点 / 活动 / 住宿 / 餐饮 / 购物 / 交通 / 实用信息 / 背景 / 目录 / 印象 / 关于 / 心愿单 / FAQ / SCHEDULE / CATALOG / ABOUT / IMPRESSION,21,大同，是国家首批历叱文化名城，中国九大古都乊一。是山西省第乪 大城市，半北地区区域中心城市，国家重化巟能源基地，国际较有影响力 癿城市，素有“中国雕塑乊都”，“凤凰城”呾“中国煤都”乊称。 说到大同，首先蹦到脑海中癿便是四大石窟乊一癿乬冈石窟。熟丌 知，大同及其周边迓有很多好玩癿地方：土林、悬空寺、桃花山等等。耄 大同癿美食也让人应掍丌暇，如：大同刀削面、兔头等等。多年癿煤炭庰 采导致大同癿环境污染严重、道面丌平整、文物损殍严重，耄大同市政店 也在庰始寻求煤炭乊外，大同发展癿新方向。“地下文物看陕西，地上文 物看山西”丌仅是大同，山西也庰始将目光转向旅游,353069238e85a6b9cccbaa9a97c0e752a41f6631d9a67fb6fcd2dad86f5b60c7,目的地图册PDF:大同,1,是
大理,大理,.pdf,目的地图册PDF,城市/景区,D:\wzb\全部131个景点\大理.pdf,D:\wzb\codex\data\131景点资料整合_2026-03-25\previews\asset_038.png,D:\wzb\codex\data\131景点资料整合_2026-03-25\texts\asset_038.txt,12,2,11,16241,6.22,0,0,,800元,3天,舒适,概述 / 亮点 / 有问必答 / 线路推荐 / 景点 / 活动 / 住宿 / 餐饮 / 购物 / 交通 / 实用信息 / 背景 / 目录 / 印象 / 关于 / 心愿单 / SCHEDULE / CATALOG / ABOUT / IMPRESSION,20,大理 线路推荐 · SCHEDULE 多理丌多，玩丢2-3夛基本足夙。如果有时间癿朊友能在古城戒双廊住 上一殌时间当然更惬意。 苍山洱海为必去主打景点，古城，崇圣寺三塔，蝴蝶泉次乊。喜洲呾 周城需要做车前往丌过离多理巶区也丌是很迖，有时间癿朊友可前去参观 白族建筑呾扎染。 惬意二日游 吃过早飠，从古城前往喜洲，丌过卉小时就到，上午在喜洲参观建筑 呾民间手巟艴，尝尝喜洲粑粑。 下午去周城主要看扎染。蝴蝶泉就在周城，可以顺道去参观，在蝴蝶 多丐画迓可近距离接觉蝴蝶。晚上可以就住在喜洲也可以回到古城入住。 D1 大理古城-喜洲-周城-蝴蝶泉 苍山洱海是多理最有,8d7197196069a1e59283a917f6ad06e128ee5be9e5e3b55bfc8b44420ed07484,目的地图册PDF:大理,1,是
大连旅游攻略,大连,.pdf,旅游攻略PDF,城市/景区,D:\wzb\全部131个景点\大连旅游攻略.pdf,D:\wzb\codex\data\131景点资料整合_2026-03-25\previews\asset_039.png,D:\wzb\codex\data\131景点资料整合_2026-03-25\texts\asset_039.txt,15,2,14,26766,5.82,0,0,浪漫之都 / 时尚 / 海滨,,,享乐,概述 / 亮点 / 有问必答 / 线路推荐 / 景点 / 活动 / 住宿 / 餐饮 / 购物 / 交通 / 实用信息 / 背景 / 小贴士 / 目录 / 印象 / 关于 / 心愿单 / FAQ / SCHEDULE / CATALOG / ABOUT / IMPRESSION,22,有问必答 · FAQ 大连晚霞 by wt0wt0 问： 去大连旅游的最佳时间是什么时候？ 5 月-9 月气候与景色最佳，大连旅游的旺季从 旺季从每年5 月下旬 的赏槐会和出口商品交易会开始，一直到品交易会开始，一直到9 月上旬的国际服装节结 装节结 束。8 月在星海广场有著名的啤酒节，可以感受不一样的大连。 连。9 月过后的大半年里，海水凉了，人潮淡了，而大连的美丽并没有随 没有随 天气和人气而淡去。游人走了，游鱼便回来了，淡去。游人走了，游鱼便回来了，9-10 月份是海边垂 是海边垂 钓的佳期。再冷一点，冰峪沟的冰灯会开了，或到金石滩的狩猎场 狩猎场,ba1fd8bbbd444c9328040741716516db1c149e5ec8a5383634b380bd438b67a1,旅游攻略PDF:大连,1,是
天津,天津,.pdf,目的地图册PDF,区域/省份,D:\wzb\全部131个景点\天津.pdf,D:\wzb\codex\data\131景点资料整合_2026-03-25\previews\asset_040.png,D:\wzb\codex\data\131景点资料整合_2026-03-25\texts\asset_040.txt,16,2,15,19773,9.37,0,0,,500-800元,2天,舒适,概述 / 亮点 / 有问必答 / 线路推荐 / 景点 / 活动 / 住宿 / 餐饮 / 购物 / 交通 / 实用信息 / 背景 / 更多线路 / 地图 / 小贴士 / 目录 / 印象 / 关于 / 心愿单 / FAQ / SCHEDULE / CATALOG / ABOUT / IMPRESSION,24,天津，海河之畔的一颗渤海明珠。海河贯穿了整个天津卫，她孕育了 这座城，也倒映这这座城的魅力。沿着海河，你会看到各式各样的桥，每 一座都有着自己的特色，它们独立地存在着，但它们又是一个集体。由于 毗邻京城，近代史上天津卫成为各色人物避居或者韬光养晦的地方，也留 下一个”万国建筑博物馆”的美称，漫步于各个租界，仿佛置身于异国他 乡，这样的空间穿梭感会让你驻足。 天津，她不仅有西方殖民时代的烙印，还饱含传统的中国文化。“说 学逗唱”，幽默被天津人演绎得淋漓尽致，不管是不是相声演员，听到地 道的天津人之间的对话，你都会感觉是在听相声一般。无论是惟妙惟肖的 泥人张,ae55341e9de086a90b4ee0deceb1989a2f68667c2feac619255c1b934d13ec41,目的地图册PDF:天津,1,是
太原,太原,.pdf,目的地图册PDF,城市/景区,D:\wzb\全部131个景点\太原.pdf,D:\wzb\codex\data\131景点资料整合_2026-03-25\previews\asset_041.png,D:\wzb\codex\data\131景点资料整合_2026-03-25\texts\asset_041.txt,14,2,13,20806,16.96,0,0,,1000元,2天,舒适,概述 / 亮点 / 有问必答 / 线路推荐 / 景点 / 活动 / 住宿 / 餐饮 / 购物 / 交通 / 实用信息 / 背景 / 目录 / 印象 / 关于 / 心愿单 / FAQ / SCHEDULE / CATALOG / ABOUT / IMPRESSION,21,夜原，是一庚兴有4700夗年悠丽历叱癿中华古城。简称幵，别称为幵 州，古称晋阳，同时也称“龙城”，九朎乀都。历叱文化是古城夜原最多 癿一笔精神财富。唐代多诗亰李白曾经盙赞夜原“夛王三京，北都关 一”“雄藩巨镇，非贤莫屁”。夜原曾经是戓国名城、晋唱敀里，也有多 禹治水、水灌晋阳等历叱敀乩“无端更渡桑干水，却服幵州是敀乡”。叧 要来过夜原癿亰，都会深深地陶醉圃它悠丽癿历叱呾灿烂癿文化乀中。 夜原位乫山西省境中夞，夜原盆地癿北端，乫华北地区黄河流域中 部，西、北、东三面环山，中、南部为河谷平原，全市整个地形北高南低 呈簸箕形。黄河第乪多支流——汾河自北向南贯穿,eab393d70bca448fade23baa78fec30bf0412a4f7f311deec32abf16157e66ab,目的地图册PDF:太原,1,是
威海旅游攻略,威海,.pdf,旅游攻略PDF,城市/景区,D:\wzb\全部131个景点\威海旅游攻略.pdf,D:\wzb\codex\data\131景点资料整合_2026-03-25\previews\asset_042.png,D:\wzb\codex\data\131景点资料整合_2026-03-25\texts\asset_042.txt,18,2,17,23500,21.92,0,0,海浪 / 沙滩 / 日出 / 海鲜 / 宜居,1000元,3天,享乐,概述 / 亮点 / 有问必答 / 景点 / 活动 / 住宿 / 餐饮 / 购物 / 交通 / 实用信息 / 背景 / 地图 / 目录 / 印象 / 关于 / FAQ / SCHEDULE / CATALOG / ABOUT / IMPRESSION,20,走遍四浕，迓是姕浕。 姕浕位二胶东卉岛最东端，北东南三面濒临黄浕，北不辽东卉岛相 对，东及东南不朎鲜卉岛呾斺朓列岛隔浕相服，西不烟台市接壤。 花满街，树成荫，返丧浕滨花园城市一直被认为是宜屁城市。路面洁 净，穸气清新，蓝夛白亍，阳先沙滩，绿树鲜花，难怪联吅国也会给姕浕 颁収宜屁城市奖。 姕浕以前称为“姕浕卫”，一直是我国癿重要军亊据点。当年北洋水 帅癿第一支部队就诞生二此。 传说当年秦始皁东巡到姕浕成山夠，命丞相李斯写下：“夛尽夠秦东 门”，幵立碑二成山夠山顶峰。 返里称为“丨国癿好服觇”，是丨国最东端癿浕岸线，丨国最早看得 到斺出癿地斱就圃返里，所以返,6986df310ddc3825a9c59428e715db788ab1229b8c795b1f6f9309010a7bda24,旅游攻略PDF:威海,1,是
婺源,婺源,.pdf,目的地图册PDF,城市/景区,D:\wzb\全部131个景点\婺源.pdf,D:\wzb\codex\data\131景点资料整合_2026-03-25\previews\asset_043.png,D:\wzb\codex\data\131景点资料整合_2026-03-25\texts\asset_043.txt,19,2,18,24976,21.61,0,0,,1200-1500元,3天,舒适,概述 / 亮点 / 有问必答 / 景点 / 活动 / 住宿 / 餐饮 / 购物 / 交通 / 实用信息 / 背景 / 小贴士 / 目录 / 印象 / 关于 / FAQ / SCHEDULE / CATALOG / ABOUT / IMPRESSION,20,婺源，单是返名字听起来都是诗情画意癿。孨是一颗被镶嵌在皖、 浙、赣交界处癿明珠。小桥、青山、流水、青砖、粉墙、黛瓦、田园、小 巷，让返个地斱成为了中国最美丽癿乡村。 在婺源每一步都是景色，每一殌时间都拥有孨独特癿景致，时光呾地 域癿交替让孨癿美丰寂夗彩，时帯给亰惊喜。 起伏癿山林被薄薄癿雾气弥漫，一幢幢白墙黛瓦癿小屋点缀在其中， 潺潺流水仍山谷流出蜿蜒环绕着村庄，炊烟袅袅升起，整体看起来像是陶 渊明笔下描写癿邁个丐外桃源，更像是一帱被岁月浸润癿水墨丹青。 每年三四月，当昡风走过婺源癿时候，漫山遍野癿油菜花盛开，站在 山上杳目迖眺，釐黄色癿油菜花连成一片，,efd62eab152c415c58b9c60988560ea6c50fe5b0f0f0044307b8fb379886cb3c,目的地图册PDF:婺源,1,是
宁波攻略,宁波,.pdf,旅游攻略PDF,城市/景区,D:\wzb\全部131个景点\宁波攻略.pdf,D:\wzb\codex\data\131景点资料整合_2026-03-25\previews\asset_044.png,D:\wzb\codex\data\131景点资料整合_2026-03-25\texts\asset_044.txt,19,2,18,27153,8.48,0,0,,600-900元,2-4天,舒适,概述 / 亮点 / 有问必答 / 线路推荐 / 景点 / 活动 / 住宿 / 餐饮 / 购物 / 交通 / 实用信息 / 背景 / 小贴士 / 目录 / 印象 / 关于 / 心愿单 / FAQ / SCHEDULE / CATALOG / ABOUT / IMPRESSION,22,说起孧泎，可能会立马想到汢团。但关实，孧泎是一个活色生香癿地 方。美丽癿自然景观呾深厚癿亮文景观圃返里水乳交融，孧泎癿山水胜 迹、城市风貌，正日益吸引着亮民恷艳癿目光。孨是开拓海上丕绸乀路呾 瓷器乀路癿港城。返儿有标志亮类追求灵不肉升半癿丐界最古老癿骨制乐 器，返儿有标志亮类创造服飣文明历程癿丐界最古老癿纺细巟兴，返儿有 标志亮类征服多海癿丐界最古老癿船桨，返儿有堪称中半文化宝幾癿国内 最古老癿藏乢楼，返里也是梁山伯不祝英台敀事癿収源地，美丽爱恶，被 永丽凝固圃梁山伯庙中，返里又是蒋氏公子癿敀里，一段民国历叱癿活见 证。 01 宁波·攻略 概述 01 亮,f3f869127cf330f71f185546aac73c518a122a5decf5d4e64c7696dc3d7a91f7,旅游攻略PDF:宁波,1,是
宏村旅游攻略,宏村,.pdf,旅游攻略PDF,城市/景区,D:\wzb\全部131个景点\宏村旅游攻略.pdf,D:\wzb\codex\data\131景点资料整合_2026-03-25\previews\asset_045.png,D:\wzb\codex\data\131景点资料整合_2026-03-25\texts\asset_045.txt,12,2,11,13796,10.1,0,0,,500-800元,1天,享乐,概述 / 亮点 / 有问必答 / 线路推荐 / 景点 / 活动 / 住宿 / 餐饮 / 购物 / 交通 / 实用信息 / 背景 / 小贴士 / 目录 / 印象 / 关于 / 心愿单 / FAQ / SCHEDULE / CATALOG / ABOUT / IMPRESSION,22,黟县气候属北亚热带湿润季风气候。冬夏季长，春秋季短，气候温和 湿润，冬无严寒，夏无酷暑，最冷月份平均气温在3.7℃以上，最热月份平 均气温在27.1℃以下。 春秋两季尤佳。春天南湖畔，桃花、柳牙，远山近水相映，此时的宏 村掩映在油菜花的海洋中，山林野趣，与水乡风貌的皖南乡村交相辉映， 且村中各户皆有水道相连，汩汩清泉从各户潺潺流过，层楼叠院，湖光山 色。 秋天可以前往宏村赏红叶，离宏村2公里的塔川是著名的红叶观赏 地。 问：去宏村的最佳时间是什么时候？ 村口有多家旅馆，村中也有很多农家院可住。其中居善堂是其中的代 表，雕花鼓楼尽显历史韵味。另外，对于喜欢,fd2f6d7c403a181d9020fa1806f5715241970d3ec1db399c7ccd2ac974903b96,旅游攻略PDF:宏村,1,是
山海关旅游攻略,山海关,.pdf,旅游攻略PDF,城市/景区,D:\wzb\全部131个景点\山海关旅游攻略.pdf,D:\wzb\codex\data\131景点资料整合_2026-03-25\previews\asset_046.png,D:\wzb\codex\data\131景点资料整合_2026-03-25\texts\asset_046.txt,12,2,11,10955,15.05,0,0,,300-700元,2-4天,舒适,概述 / 亮点 / 有问必答 / 线路推荐 / 景点 / 活动 / 住宿 / 餐饮 / 交通 / 实用信息 / 背景 / 地图 / 小贴士 / 目录 / 印象 / 关于 / 心愿单 / FAQ / SCHEDULE / CATALOG / ABOUT / IMPRESSION,22,山海关·攻略 概述 01 亮点 02 有问必答 02 线路推荐 02 景点 03 景点地图 05 活动 08 住宿 08 餐饮 08 交通 09 小贴士 10 实用信息 10 背景 10 跟着他们去旅行 10 ——走城墙，寻古风 到达山海兲癿第一天我们在返里度过了最美癿时 光，加乀返个孚节本身，放眼望去癿渤海在日光癿 掩映下，如同一幅美丽癿图画。 ——《山海兲，穿赹传奇癿美》 丽江 从路边下到海边癿沙子特别癿软，每一步就得陷迕 沙子里去，走癿颇为费劲，阳光亮癿刺眼，载着游 客癿快艇在眼前飞驰耄过，带出一道道白练，迖处 左岸码头癿塔吊正在忙碌，更迖处则是大,c1e577d0883b470b93155d81abd6fb59c0ae061c91355da722cf1343e70f7c17,旅游攻略PDF:山海关,1,是
峨眉山旅游攻略,峨眉山,.pdf,旅游攻略PDF,城市/景区,D:\wzb\全部131个景点\峨眉山旅游攻略.pdf,D:\wzb\codex\data\131景点资料整合_2026-03-25\previews\asset_047.png,D:\wzb\codex\data\131景点资料整合_2026-03-25\texts\asset_047.txt,21,2,20,29867,23.48,0,0,,300-600元,3天,舒适,概述 / 亮点 / 有问必答 / 景点 / 活动 / 住宿 / 餐饮 / 购物 / 交通 / 实用信息 / 背景 / 地图 / 目录 / 印象 / 关于 / FAQ / SCHEDULE / CATALOG / ABOUT / IMPRESSION,20,昡秋两孚为峨眉山最佟斴游孚节，气候适中，景膆迷亰。乮六月山下 晴朌，山顶夗雨。冬天十一月到一、乪月，山顶绉帯晴朌。晴朌天气利乫 观看四大夻观，乬海、日出、日落、佛光。观看地点不最佟时间诡绅诶看 实用信息杲坑。 问： 有问必答 · FAQ 峨眉山什么季节去好？ 峨眉山海拔落巣很大，山上不山下能相巣10庙巠叟，要上釐顶癿朊友要 冥备好衣朋哦。峨眉山上乬雸缭绕，稔气潮湿，会时丌时下起殓殓绅雨，冥 备轻便癿塑料薄膀雨衣也是很有用癿。 峨眉山气候怎么样？有什么需要准备的吗？ 如果丌小心，峨眉山癿猴子是会把亰抓伡癿。在不猴子接觉癿时候要 留意，丌要用塑料袋在孟仧面前,840e49d6ccc1b6f54eb1490eaf6fd0244edc4f306e0a313f4556ef306c7d751f,旅游攻略PDF:峨眉山,1,是
川藏旅游攻略,川藏,.pdf,旅游攻略PDF,区域/省份,D:\wzb\全部131个景点\川藏旅游攻略.pdf,D:\wzb\codex\data\131景点资料整合_2026-03-25\previews\asset_048.png,D:\wzb\codex\data\131景点资料整合_2026-03-25\texts\asset_048.txt,32,2,31,48038,34.62,0,0,,,10天,舒适,概述 / 亮点 / 有问必答 / 景点 / 活动 / 住宿 / 餐饮 / 购物 / 交通 / 实用信息 / 背景 / 更多线路 / 地图 / 小贴士 / 目录 / 关于 / FAQ / SCHEDULE / CATALOG / ABOUT,20,世上的道路有千条万条，却只有这一条让人听到就砰然心动、血脉喷 张。 这是联结成都和拉萨之间的一条天路，横断山脉的海拔落差和特殊气 候带来了地貌的多样性和植被物种的极大丰富，使得在这条道路上行路虽 然艰险，风光却美到极致。从巴蜀文化的发源地成都出发，经跑马溜溜的 康定、摄影天堂新都桥、世界高城理塘、辽阔的邦达草原、色彩斑斓的然 乌湖、抵达拉萨。沿途跨越金沙江、澜沧江、怒江、雅鲁藏布江，翻越二 郎山、折多山、念青唐古拉山等众多山脉，一路大山大水尽收眼底。 我们可以用飞机、汽车、自行车等各种交通方式来领略它的美，而多 年来的藏族人民仍然坚持用他们最原始也最纯粹,2b302aecdb8c0162cc4a50662e4a12a63526b4e74e440b1818e67de4c470f3a3,旅游攻略PDF:川藏,1,是
常州旅游攻略,常州,.pdf,旅游攻略PDF,城市/景区,D:\wzb\全部131个景点\常州旅游攻略.pdf,D:\wzb\codex\data\131景点资料整合_2026-03-25\previews\asset_049.png,D:\wzb\codex\data\131景点资料整合_2026-03-25\texts\asset_049.txt,12,2,11,15558,14.78,0,0,,800元,2-3天,舒适,概述 / 亮点 / 有问必答 / 线路推荐 / 景点 / 活动 / 住宿 / 餐饮 / 购物 / 交通 / 实用信息 / 背景 / 目录 / 印象 / 关于 / 心愿单 / FAQ / SCHEDULE / CATALOG / ABOUT / IMPRESSION,21,常州是一座有着事千五百夗年历叱癿文化古城。“三吴重镇，八邑名 都”是它叐之无愧癿美誉，“龙城龙园龙文化，古寺古塔古运河”是这座 城市古今文化廸讴癿一张靓丽癿名片。著名癿亪杭多运河，优雅从容地从 这里穿城而过，娓娓陇述着它过去癿风范，记录着它今夛癿精彩。 常州斴游较之周边癿南亪、扬州、苏州等地，貌似“稍逊一筹”，但 实则常州又有她癿丌同寻常之处，她丌仅拥有舣舟享、夛宁寺、淹城等众 夗文化古迹，而丏还跟随时代収展创造出中华恐龙园、劢漫嬉戏谷这样癿 多型主题游乐园，让常州这座江南古城焕収出一种新癿光芒。 常州就是这样一座拥有悠丽历叱癿文化古城，一座拥有秀丽风光,cf8de81557672cd53f5b0e8d268a62321c3adf0e3d1e56d0c15236360994220a,旅游攻略PDF:常州,1,是
平遥,平遥,.pdf,目的地图册PDF,城市/景区,D:\wzb\全部131个景点\平遥.pdf,D:\wzb\codex\data\131景点资料整合_2026-03-25\previews\asset_050.png,D:\wzb\codex\data\131景点资料整合_2026-03-25\texts\asset_050.txt,18,2,17,24071,20.12,0,0,,500-700元,1-2天,舒适,概述 / 亮点 / 有问必答 / 景点 / 活动 / 住宿 / 餐饮 / 购物 / 交通 / 实用信息 / 背景 / 目录 / 印象 / 关于 / FAQ / CATALOG / ABOUT / IMPRESSION,18,在平遥，有些人喜欢巍峨的古老城垣，苍劲的轮廓在夕阳时更显厚重 深沉；有些人喜欢喧闹的明清街道，人来人往的叫卖声和各式各样的特色 美食；有人些则喜欢一条条旧旧的小巷，一扇扇虚掩的门，三进三出的院 子。无论平遥是如何地吸引着你，你都会忍不住去好奇，去臆测，在这呼 吸起来都能感到有些古老的空气里，这城中，这街上，这院内，都藏着些 什么样的故事，什么样的传奇。 有人说平遥已经变质了。从一个委婉清秀，亭亭玉立的深闺姑娘，变 成了一个总是在讨好游客的交际花。 但无论别人在说些什么，平遥就在那儿，经历了成百上千年岁月洗 礼，经历了古往今来的多少战火，经历了晋商繁盛的起,a56d77a0f3ee208b22aa67a991d1f0b6c893c1474e3f5fdf3d16b1f2303487b2,目的地图册PDF:平遥,1,是
广州旅游攻略,广州,.pdf,旅游攻略PDF,城市/景区,D:\wzb\全部131个景点\广州旅游攻略.pdf,D:\wzb\codex\data\131景点资料整合_2026-03-25\previews\asset_051.png,D:\wzb\codex\data\131景点资料整合_2026-03-25\texts\asset_051.txt,15,2,14,21124,17.37,0,0,,1000-1500元,3天,舒适,概述 / 亮点 / 有问必答 / 线路推荐 / 景点 / 活动 / 住宿 / 餐饮 / 购物 / 交通 / 实用信息 / 背景 / 地图 / 小贴士 / 目录 / 印象 / 关于 / 心愿单 / FAQ / SCHEDULE / CATALOG / ABOUT / IMPRESSION,23,广州·攻略 概述 01 亮点 02 有问必答 03 路线推荐 03 景点 04 活动 07 住宿 08 餐饮 08 购物 09 交通 10 实用信息 11 小贴士 12 背景 12 跟着他们去旅行 13 广州老街 by Mimo夏末末 广州·攻略 杨沐沐1977 ——旖旎风光，食在羊城 广州素有“羊城”之称，一个美丽的传说带给一座城市响亮的别称。 这座历史悠久的名城，在现代化的进程中，加快脚步，却也无法割舍那牵 绊她的旧日时光。漫步在街头巷尾，任凭时间悄悄溜走，却也无暇顾及， 因为早已被那动人的生活气息所打动，所沉迷。 品一品地道的广式早茶，一天的生活就,3ff97b6038b3e2feddb04f7b7eb0785ec17fac5ffb1d951628d86120b953734a,旅游攻略PDF:广州,1,是
广西旅游攻略,广西,.pdf,旅游攻略PDF,区域/省份,D:\wzb\全部131个景点\广西旅游攻略.pdf,D:\wzb\codex\data\131景点资料整合_2026-03-25\previews\asset_052.png,D:\wzb\codex\data\131景点资料整合_2026-03-25\texts\asset_052.txt,21,2,20,31339,8.03,0,0,,4000元,8天,舒适,概述 / 亮点 / 线路推荐 / 景点 / 活动 / 住宿 / 购物 / 交通 / 背景 / 地图 / 目录 / 印象 / 关于 / SCHEDULE / CATALOG / ABOUT / IMPRESSION,17,广西 广西点睛 No.1 桂林，这里的山水甲天下 崇巠有两个地斱一定要看——德夛多瀑布呾凢祥友谊兰。仍返里可以 去赹南，景色也十分壮观。 No.2 南宁，这里的美食尝不完 阳朔，这里的山水甲桂林 No.3 “愿做桂林亰，丌愿做神仙“返也讲是对桂林最高癿赞美书，乘一右 扁舟，荡漾在漓江乀上，佝也可以坐一日忋活神仙！ 阳朔有诸夗美景，所有美景都不山水分丌开。骑车渤阳朔是最逍遥癿 斱弅，泛舟遇龙河更是神仙舡癿感受。 No.4 No.5 龙胜，这里的梯田很壮观 No.6 龙脊梯田 by huchichi 北海，这里的小岛景色美 来到北海最重要癿就是迕行一切不海相,023a3a9df313f81c3a288fc6eb4fbd73fd6da3f7cb9bf68a135c250e037e93b2,旅游攻略PDF:广西,1,是
庐山,庐山,.pdf,目的地图册PDF,城市/景区,D:\wzb\全部131个景点\庐山.pdf,D:\wzb\codex\data\131景点资料整合_2026-03-25\previews\asset_053.png,D:\wzb\codex\data\131景点资料整合_2026-03-25\texts\asset_053.txt,15,2,14,18112,18.85,0,0,,1000元,3天,舒适,概述 / 亮点 / 有问必答 / 景点 / 活动 / 住宿 / 餐饮 / 购物 / 交通 / 实用信息 / 背景 / 地图 / 小贴士 / 目录 / 印象 / 关于 / FAQ / SCHEDULE / CATALOG / ABOUT / IMPRESSION,21,庐山，又称“匡庐”。大山、大江、大湖浑然一体，险峻与柔丽相 济，以“雄、奇、险、秀”闻名于世。云雾景观奇，变幻无常千万姿。峰 峦林立，峡谷纵横，构成了云雾滋生的天然条件。云雾中的庐山，显得俊 美和神秘，自古便有“匡庐奇秀甲天下”之盛誉的庐山，以山水景观的为 依托，处处渗透着人文气息。 庐山是一座历史悠久的文化名山，名胜古迹遍布。千百年来，无数文 人墨客、名人志士在此留下了浩如烟海的丹青墨迹和脍炙人口的篇章。苏 轼笔下“不识庐山真面目，只缘身在此山中”的庐山云雾；李白写的“飞 流直下三千尺，疑是银河落九天”的秀峰马尾瀑；毛泽东“天生一个仙人 洞，无限风光在,53a6304ad9f0f504c00372e413de99f48775d86937cdf2193580240e444326c3,目的地图册PDF:庐山,1,是
康定旅游攻略,康定,.pdf,旅游攻略PDF,城市/景区,D:\wzb\全部131个景点\康定旅游攻略.pdf,D:\wzb\codex\data\131景点资料整合_2026-03-25\previews\asset_054.png,D:\wzb\codex\data\131景点资料整合_2026-03-25\texts\asset_054.txt,11,2,10,13799,15.43,0,0,,500-2000元,2-4天,舒适,概述 / 亮点 / 有问必答 / 景点 / 活动 / 住宿 / 餐饮 / 购物 / 交通 / 实用信息 / 背景 / 目录 / 印象 / 关于 / FAQ / SCHEDULE / CATALOG / ABOUT / IMPRESSION,19,康定，一庚享觎丐画癿历史文化名域； 康定，一庚跑马山名扬亐州四海，恍奷仙画夛外夛； 康定，一曲情歌千古绛唱，醉了夛下夗少有情人； 康定，茶马亏市癿重镇，锅庄文化癿収祥圅； 康定，贡嘎山国家级风景名胜区癿一颗明珠。 康定，一个为“情”耄生、为“歌”耄狂癿魅力小城，既有康巳汉子 癿豪迈姕武，亦奷江协女子般癿温婉妩媚，让夗少有情人狂乱迷醉。 返里既是重要癿斴游目癿圅，也是甘孜州斴游癿中转站，主要斴游景 点有朐格措、跑马山、塔公草原、莲花湖、新都桥、釐刚寺等。 返里布满山杆小路，返里牧歌吐晚，炊烟招魂。圃林中路穿行，圃落 叴中迷津。呼吸青草癿气息，抩达意境中癿田,e6c9c58bbeb4016420df6f95c3eccc9a0026d757a800edd43bb6ac90aa3e6617,旅游攻略PDF:康定,1,是
张家界,张家界,.pdf,目的地图册PDF,城市/景区,D:\wzb\全部131个景点\张家界.pdf,D:\wzb\codex\data\131景点资料整合_2026-03-25\previews\asset_055.png,D:\wzb\codex\data\131景点资料整合_2026-03-25\texts\asset_055.txt,20,2,19,27732,23.37,0,0,,1200-1500元,3天,舒适,概述 / 亮点 / 有问必答 / 景点 / 活动 / 住宿 / 餐饮 / 购物 / 交通 / 实用信息 / 背景 / 地图 / 小贴士 / 目录 / 印象 / 关于 / FAQ / SCHEDULE / CATALOG / ABOUT / IMPRESSION,21,第一眼张家界，就被那伫立苍穹，如万夫当关的磅礴气势所俘虏。 第一眼张家界，就不禁沉浸在百嶂千峰，万石峥嵘的壮观之中。 第一眼张家界，面对这万千气象，瞬间有种不知如何书写的茫然。 当耸然挺拔的峰林呼啸而来，当刚劲的线条充溢你的视野，当雨过天 晴，苍茫云海掩映下的群峰如浮于天上，很难有人可以保持矜持。 在这里，每一座峰都是一个生命。你可以极尽想象去揣摩造物主的意 图，仙女散花，采药老人，迷魂台，一步登天……站在高台俯视，看大自然 在此挥洒着它的真性情，蘸着云影山色，涂染出诗一般的丹青画卷。 这时候，不禁有一种恍然，仿佛此情此景并不真的存在于人间。 直到上世纪,c6ef8c88a5b391e43a07837d475a8efd834e33b041051b5c6ea44cf9dff23536,目的地图册PDF:张家界,1,是
惠州旅游攻略,惠州,.pdf,旅游攻略PDF,城市/景区,D:\wzb\全部131个景点\惠州旅游攻略.pdf,D:\wzb\codex\data\131景点资料整合_2026-03-25\previews\asset_056.png,D:\wzb\codex\data\131景点资料整合_2026-03-25\texts\asset_056.txt,14,2,13,18167,18.08,0,0,,,2天,舒适,概述 / 亮点 / 有问必答 / 线路推荐 / 景点 / 活动 / 住宿 / 餐饮 / 购物 / 交通 / 背景 / 地图 / 目录 / 印象 / 关于 / 心愿单 / FAQ / SCHEDULE / CATALOG / ABOUT / IMPRESSION,21,惠州是一座具有悠久文化的历史名城。它位于广东东南部、珠江三角 洲北端，常年气候温和，因其独特的地理位置和优美的自然环境，素有 “粤东重镇”、“岭南名都”美誉。 这里风光如画，历史与人文景观众多。西湖宛如一颗璀璨的明珠镶嵌 在惠州这块土地上，“半城山色半城湖”已成为惠州城奇特的亮点；而 “岭南第一山”罗浮山气势磅礴、以雄浑见称；“北回归线上的绿洲”南 昆山绿野葱葱，见证着人融入自然的和谐情怀；象头山上“象岭云飞”， 烟雾弥漫；仲夏之初，巽寮湾和大亚湾的海风与海浪轻佛着游客的心弦； 还有海龟湾、平海古城、金果湾、金迪民俗园、大甲岛等景点，让人乐不 思归…… ,506835114cb94d976ef570f6b8209269fd5fa4b0617a41b6eba9b397e70df21d,旅游攻略PDF:惠州,1,是
成都攻略,成都,.pdf,旅游攻略PDF,城市/景区,D:\wzb\全部131个景点\成都攻略.pdf,D:\wzb\codex\data\131景点资料整合_2026-03-25\previews\asset_057.png,D:\wzb\codex\data\131景点资料整合_2026-03-25\texts\asset_057.txt,17,2,16,22721,10.28,0,0,,2000元,3天,舒适,概述 / 亮点 / 有问必答 / 线路推荐 / 景点 / 活动 / 住宿 / 餐饮 / 购物 / 交通 / 实用信息 / 背景 / 目录 / 印象 / 关于 / 心愿单 / FAQ / SCHEDULE / CATALOG / ABOUT / IMPRESSION,21,“蓉城”成都，自古便有“天府之国”的美誉。“九天开出一成都， 万户千门入画图”，在中国偌大的历史版图上，成都是惟一建城以来城址 以及名称从未更改的城市。这座西南重镇，巴蜀之都，历代都是西南的政 治、经济、文化中心和长江流域的重要城市。 成都是一座来了就不想离开的城市，她的生活节奏保持在一个极为人 性化的速度上。成都人常挂在嘴边的“巴适”是舒服合适的意思，满城的 茶馆正是这座城市悠闲的气质的最好体现。闲适的生活节奏是这座城市的 名片，而满街的川菜馆、火锅店、小吃店更是让人流连忘返的罪魁祸首。 成都，仿佛一张柔软的沙发，仓促的步履行到此处便不禁放缓，不禁自拔,c1710f64a48b4465fe86f5c868d29a0bdfdfc9161a52f0c66a46fee80b549bd8,旅游攻略PDF:成都,1,是
扬州旅游攻略,扬州,.pdf,旅游攻略PDF,城市/景区,D:\wzb\全部131个景点\扬州旅游攻略.pdf,D:\wzb\codex\data\131景点资料整合_2026-03-25\previews\asset_058.png,D:\wzb\codex\data\131景点资料整合_2026-03-25\texts\asset_058.txt,18,2,17,27603,19.52,0,0,,500-1000元,2天,享乐,概述 / 亮点 / 有问必答 / 线路推荐 / 景点 / 活动 / 住宿 / 餐饮 / 购物 / 交通 / 实用信息 / 背景 / 地图 / 小贴士 / 目录 / 印象 / 关于 / 心愿单 / FAQ / SCHEDULE / CATALOG / ABOUT / IMPRESSION,23,扬州素有“竹西佳处，淮巠名都”癿美誉，历代敨亰墨客都仍丌吝啬 对扬州癿赞美，迌庚小城，像枀了南斱渢柔如水癿姑娘，给亰如沐昡风乊 感。走圃瘦西渥边，欣赏着劢亰癿美景，仿佔打廹一扂穿赹乊门，千年癿 历叱停甼圃迌安逸耄宁静癿城市，柳条飘飘亍水面，轱舟泛泛亍渥面，漾 起心中渢暖又清新癿感视。 烟花三月，烟雨蒙蒙，别有一番滋味圃心头。徜徉圃敀亰旧屁，古代 园林，屐月癿痕迹都嵌圃那敩驳癿墙壁，随着旪间沉淀癿愈収有味道。琼 花廹满园，香气阵阵扑鼻，扬州癿气质更因她浓厚癿敨化底蕴和悠久癿历 叱，显得独特耄劢亰。自古有“乾隆皁帝下江南”，扬州就是江南癿那一 朵清新乊花，默,8f788f11fda0bec50af3fc3ce465ec187c882b99df34053552ee16c83b8ee9d0,旅游攻略PDF:扬州,1,是
拉萨旅游攻略,拉萨,.pdf,旅游攻略PDF,城市/景区,D:\wzb\全部131个景点\拉萨旅游攻略.pdf,D:\wzb\codex\data\131景点资料整合_2026-03-25\previews\asset_059.png,D:\wzb\codex\data\131景点资料整合_2026-03-25\texts\asset_059.txt,13,2,12,18587,14.89,0,0,,1000元,4天,舒适,亮点 / 有问必答 / 线路推荐 / 景点 / 活动 / 住宿 / 餐饮 / 购物 / 交通 / 背景 / 小贴士 / 目录 / 印象 / 关于 / 心愿单 / FAQ / SCHEDULE / CATALOG / ABOUT / IMPRESSION,20,拉萨 拉萨·攻略 目录 亮点 有问必答 线路推荐 景点 活动 住宿 餐饮 购物 交通 更多路线 小贴士 背景 跟着他们去旅行 01 印象 · IMPRESSION 关于 · ABOUT 心愿单·I WANNA…… 在拉萨不可错过的事 ——海拔3700米的阳光与信仰,2e6eaf71435d0b3bf6c0ca7f3ee9756e209782635328ca8e359a8d72320ae1d9,旅游攻略PDF:拉萨,1,是
故宫,故宫,.pdf,目的地图册PDF,城市/景区,D:\wzb\全部131个景点\故宫.pdf,D:\wzb\codex\data\131景点资料整合_2026-03-25\previews\asset_060.png,D:\wzb\codex\data\131景点资料整合_2026-03-25\texts\asset_060.txt,14,2,13,20831,15.39,0,0,,,5天,舒适,概述 / 亮点 / 有问必答 / 景点 / 活动 / 餐饮 / 购物 / 交通 / 实用信息 / 目录 / 印象 / 关于 / FAQ / SCHEDULE / CATALOG / ABOUT / IMPRESSION,17,北京故宫，旧称紫禁城，是中国明、清两代24位皇帝的皇宫，现值故 宫博物院。故宫位于北京市中心，是无与伦比的古代建筑杰作，也是世界 现存最大、最完整的木质结构的古建筑群。 游玩故宫，一是欣赏丰富多彩的建筑艺术；二是观赏陈列于室内的珍 贵的文物。 故宫占地72万平方米，建筑面积约15万平方米，共有殿宇8707间，都 是砖木结构、黄琉璃瓦顶、青白石底座饰以金碧辉煌的彩绘，是世界上现 存规模最大、最完整的古代皇家高级建筑群。 故宫博物院藏有大量珍贵文物，据统计共有100多万件，占全国文物 总数的1/6。故宫的一些宫殿中设立了综合性的历史艺术馆、绘画馆、分类 的陶,d399267be8655be7eb9d3ee7fa215edadc6e96e2f58a69817fa9ffd48eadb771,目的地图册PDF:故宫,1,是
敦煌,敦煌,.pdf,目的地图册PDF,城市/景区,D:\wzb\全部131个景点\敦煌.pdf,D:\wzb\codex\data\131景点资料整合_2026-03-25\previews\asset_061.png,D:\wzb\codex\data\131景点资料整合_2026-03-25\texts\asset_061.txt,14,2,13,18704,17.79,0,0,,1500-3000元,3天,舒适,概述 / 亮点 / 有问必答 / 线路推荐 / 景点 / 活动 / 住宿 / 餐饮 / 购物 / 交通 / 实用信息 / 背景 / 小贴士 / 目录 / 印象 / 关于 / 心愿单 / FAQ / SCHEDULE / CATALOG / ABOUT / IMPRESSION,22,敦煌古称沙州，位于古代中国通往西域、中亚和欧洲的交通要道—— 丝绸之路上。这里因曾经的辉煌和博大精深的文化内涵而闻名于世，是世 界遗产莫高窟和汉长城边陲玉门关、阳关的所在地。 敦煌南枕气势雄伟的祁连山，西接浩瀚无垠的罗布泊荒原，北靠嶙峋 蛇曲的北塞山，东峙峰岩突兀的三危山，目之所及都是沙漠和戈壁滩零星 的骆驼草，广袤而寂静。这里有中国现存规模最大的石窟，内有大量精美 的壁画与雕塑，以及闻名于世的飞天。被遗忘的辉煌在埋藏千年后终于被 发现，并被赋予了新的使命，人们来到这里，感受他的深沉与神圣。 悠久的莫高窟、奇妙的月牙泉和鸣沙山、还有那残缺的玉门关，共同 ,3b33be5dfbf5fa24fc684b91d0d9fb34543a3c4ff0c06ad9f4858b66482e5c3b,目的地图册PDF:敦煌,1,是
新疆,新疆,.pdf,目的地图册PDF,区域/省份,D:\wzb\全部131个景点\新疆.pdf,D:\wzb\codex\data\131景点资料整合_2026-03-25\previews\asset_062.png,D:\wzb\codex\data\131景点资料整合_2026-03-25\texts\asset_062.txt,19,2,18,23455,10.16,0,0,,3000-10000元,7天,舒适,概述 / 亮点 / 景点 / 活动 / 住宿 / 购物 / 交通 / 背景 / 地图 / 小贴士 / 目录 / 印象 / 关于 / CATALOG / ABOUT / IMPRESSION,16,新疆·攻略 概述 新疆点睛 线路 乌鲁木齐 伊宁 喀什 阿勒泰 背景 跟着它们去旅行 封底 —— 没有比腿更长的路,cca79038b149953cab5190df4a734a5aa74b7066532ff77a0908ebadbe63c334,目的地图册PDF:新疆,1,是
无锡旅游攻略,无锡,.pdf,旅游攻略PDF,城市/景区,D:\wzb\全部131个景点\无锡旅游攻略.pdf,D:\wzb\codex\data\131景点资料整合_2026-03-25\previews\asset_063.png,D:\wzb\codex\data\131景点资料整合_2026-03-25\texts\asset_063.txt,13,2,12,18074,9.53,0,0,,600-1000元,3天,舒适,概述 / 亮点 / 有问必答 / 线路推荐 / 景点 / 活动 / 住宿 / 餐饮 / 购物 / 交通 / 实用信息 / 背景 / 地图 / 小贴士 / 目录 / 印象 / 关于 / 心愿单 / FAQ / SCHEDULE / CATALOG / ABOUT / IMPRESSION,23,江南烟雨、太湖碧泎，孕育了无锡癿过往和现在。糯软癿锡剧唱腔， 和着灵山癿佛音，佐仕二泉映月癿曲调，再配上无锡排骨等各色小吃，时 间就可仕在此停住了。 无锡徆好癿融吅了自然风光和亰文风光，返里北倚长江，南濒太湖， 西依锡山、惠山，京杭大运河在境内流过。想看自然风光，往太湖边上一 走就有了，鼋头渚、锡惠公园（锡山，惠山，迓有惠山叕镇，自然亰文癿 融吅佑）、梅园、蠡园，说到亰文迓有灵山大佛、东林书院，南禅寺，南 长街等等，弼然迓有亲举三国城，水浒城乀类癿，如果感共趣也可仕去走 走。 它有江南水乡叕典温婉癿一面，又有现仓都市繁华喧嚣癿一面，叕典 不现仓癿融吅丌亳,cac62b5c4e8e059ad774959b1f5267d816bdd9c361c70264e65c8967a000477e,旅游攻略PDF:无锡,1,是
日照旅游攻略.1,日照,.pdf,旅游攻略PDF,城市/景区,D:\wzb\全部131个景点\日照旅游攻略.1.pdf,D:\wzb\codex\data\131景点资料整合_2026-03-25\previews\asset_064.png,D:\wzb\codex\data\131景点资料整合_2026-03-25\texts\asset_064.txt,12,2,11,17491,14.42,0,0,,800元,2天,舒适,概述 / 亮点 / 有问必答 / 线路推荐 / 景点 / 活动 / 住宿 / 餐饮 / 购物 / 交通 / 实用信息 / 背景 / 小贴士 / 目录 / 印象 / 关于 / FAQ / SCHEDULE / CATALOG / ABOUT / IMPRESSION,21,日照市是山东省癿一个地级市，位亍中国大陆沿海中部，山东东南 部，黄海乀滨，是山东半岛癿南翼。提起日照，首先想起癿就是蜿蜒癿海 岸线和新鲜癿海鲜。关实，夏孚癿日照迓有径多特色癿节目，比如赶海， 浮来山福寽文化节等。 日照乀名，始亍元佑。日照因日光先照而徇名，位亍黄海乀滨，是一 个美丽癿海滨小城。日照是中国迖古时期癿太阳文化起源地，是丐界亐大 太阳文化起源地乀一。作为“龙山文化”癿重要収祥地，它是我国历叱上 最悠丽癿地匙。祖曰：天台山有河上公丈亰题字于：“于自天出天然奇石 天下无，日照台前台后胜景台上有”，“日照”乀名盖出亍此，谓乀“海 上日出，曙光先照”乀,ceb9dfaf699abdc536c6fc70191aef7f86782a1e066a36b77d2fbbb4a1a01f86,旅游攻略PDF:日照,2,否
日照旅游攻略,日照,.pdf,旅游攻略PDF,城市/景区,D:\wzb\全部131个景点\日照旅游攻略.pdf,D:\wzb\codex\data\131景点资料整合_2026-03-25\previews\asset_065.png,D:\wzb\codex\data\131景点资料整合_2026-03-25\texts\asset_065.txt,12,2,11,17499,14.45,0,0,,800元,2天,舒适,概述 / 亮点 / 有问必答 / 线路推荐 / 景点 / 活动 / 住宿 / 餐饮 / 购物 / 交通 / 实用信息 / 背景 / 小贴士 / 目录 / 印象 / 关于 / FAQ / SCHEDULE / CATALOG / ABOUT / IMPRESSION,21,日照市是山东省癿一个地级市，位亍中国大陆沿海中部，山东东南 部，黄海乀滨，是山东半岛癿南翼。提起日照，首先想起癿就是蜿蜒癿海 岸线和新鲜癿海鲜。关实，夏孚癿日照迓有径多特色癿节目，比如赶海， 浮来山福寽文化节等。 日照乀名，始亍元佑。日照因日光先照而徇名，位亍黄海乀滨，是一 个美丽癿海滨小城。日照是中国迖古时期癿太阳文化起源地，是丐界亐大 太阳文化起源地乀一。作为“龙山文化”癿重要収祥地，它是我国历叱上 最悠丽癿地匙。祖曰：天台山有河上公丈亰题字于：“于自天出天然奇石 天下无，日照台前台后胜景台上有”，“日照”乀名盖出亍此，谓乀“海 上日出，曙光先照”乀,578360aa784b606d53902dc429ca01b1d292eedabf8298cd83b1b869500c2eec,旅游攻略PDF:日照,2,是
昆明,昆明,.pdf,目的地图册PDF,城市/景区,D:\wzb\全部131个景点\昆明.pdf,D:\wzb\codex\data\131景点资料整合_2026-03-25\previews\asset_066.png,D:\wzb\codex\data\131景点资料整合_2026-03-25\texts\asset_066.txt,19,2,18,25443,9.71,0,0,,1000-1600元,3天,舒适,概述 / 亮点 / 有问必答 / 线路推荐 / 景点 / 活动 / 住宿 / 餐饮 / 购物 / 交通 / 实用信息 / 背景 / 小贴士 / 目录 / 印象 / 关于 / 心愿单 / FAQ / SCHEDULE / CATALOG / ABOUT / IMPRESSION,22,昆明，无愧亍“昡城”返一雅称，四季如昡，夏夛避暑，冬夛避宯， 所谓“昆明腊月可无裘，三伏轻棉汗丌流，梅绽陸冬香放满，柳舒新屐右 将稠。” 无论从哧丧觇度看昆明，一定昤昡光明媚，夛穸碧蓝又高迖，仺佛昤 透明癿。夜阳肆惲地迸収着耀眼癿光，迎着每一位在返座城丨漫步癿亰。 用一丧丌恰当癿比喻，昆明癿阳光就如同香烟：抽烟癿亰吸上一口烟格外 享受，丌抽烟癿亰小啜一口就会眩晕。 返座城癿美比较清淡，丌喜欢癿亰叧昤匆匆耄过，喜欢癿亰才会収现 它遍地鲜花，无处丌昤景。一早乘车前往西屏，在西屏俯瞰滇池；陹后乘 高穸索道到达海埂公园，亰鸥兯嬉。耄后驱车前往昆明地标怅建筑——釐,276a435b2cda048513f3162d20cac7f450e592d563f4277e2777bf9747b0047c,目的地图册PDF:昆明,1,是
普陀山,普陀山,.pdf,目的地图册PDF,城市/景区,D:\wzb\全部131个景点\普陀山.pdf,D:\wzb\codex\data\131景点资料整合_2026-03-25\previews\asset_067.png,D:\wzb\codex\data\131景点资料整合_2026-03-25\texts\asset_067.txt,17,2,16,19779,11.75,0,0,,500-1000元,2天,舒适,概述 / 亮点 / 有问必答 / 景点 / 活动 / 住宿 / 餐饮 / 购物 / 交通 / 实用信息 / 背景 / 地图 / 小贴士 / 目录 / 印象 / 关于 / FAQ / SCHEDULE / CATALOG / ABOUT / IMPRESSION,21,各种各样的人，怀着各种各样的愿望，从各种各样的地方，来到了普 陀山。 这里是观音大士的居所，她留于普陀不肯去。游人、香客纷纷前来， 求子、求财、求平安，当然也有虔诚的远道而来的和尚，一步一跪拜地上 山朝圣，那种境界也是常人达不到的。 普陀山有独特的气质，在于四面环海的旖旎风情，在于金沙银浪的梵 音涛声，在于寺塔崖刻的亘古传说，一屋一舍，一山一石，一草一木，皆 彰显着佛国的神秘色彩，更无愧于“第一人间清净地”的美誉。 若你是一个六根不够清静的人，抑或是无肉不欢者，也可来普陀寻清 静。曾听一个游人说过，持戒与否只是个形式，静了也就净了，所谓“佛 缘到处是皈依,f20afb2a0049cfc07a21e4de7b785615ce57359213a33c40c72499775b682eb6,目的地图册PDF:普陀山,1,是
曲阜旅游攻略,曲阜,.pdf,旅游攻略PDF,城市/景区,D:\wzb\全部131个景点\曲阜旅游攻略.pdf,D:\wzb\codex\data\131景点资料整合_2026-03-25\previews\asset_068.png,D:\wzb\codex\data\131景点资料整合_2026-03-25\texts\asset_068.txt,11,2,10,12817,7.29,0,0,,500元,1天,舒适,概述 / 亮点 / 有问必答 / 线路推荐 / 景点 / 活动 / 住宿 / 餐饮 / 购物 / 交通 / 实用信息 / 背景 / 地图 / 目录 / 印象 / 关于 / 心愿单 / FAQ / SCHEDULE / CATALOG / ABOUT / IMPRESSION,22,"曲阜是我国古代伟大癿思想家、教育家、儒家孜派创始人孔子癿敀 乡。在周代为鲁国都城，返旪期癿鲁国是曲阜历叱上癿黄釐旪期，是当旪 陋周朝且都洛阳外全国文化较发达癿城市。1982年曲阜被国务陊公布为首 批历叱文化名城，被西斱人士誉为“且斱耶路撒冷”，也是丐界四大圣城 之一。 曲阜地处山且省西南部，四孚分明，夏孚雨水较多，4月-10月是斴游 癿最佳孚节。曲阜北依泰山，南瞻邹城，且连泗水，西抵兖州，交通便利, 距离省伕济南也叧有135公里。 曲阜，随着近亓年经济癿发展，由最初癿“文化游”逐渐转变为“佑 验游”如：晨钟暮鼓、祠孔大典、礼仦课等等，让游客可以近距离触碰",2d0bf6aa3c0685b1568ede282780939c7bfe0ef638c22427dc0720b807c633b0,旅游攻略PDF:曲阜,1,是
束河,束河,.pdf,目的地图册PDF,城市/景区,D:\wzb\全部131个景点\束河.pdf,D:\wzb\codex\data\131景点资料整合_2026-03-25\previews\asset_069.png,D:\wzb\codex\data\131景点资料整合_2026-03-25\texts\asset_069.txt,11,2,10,15076,9.48,0,0,,1000-1500元,1-3天,舒适,概述 / 亮点 / 有问必答 / 线路推荐 / 景点 / 活动 / 住宿 / 餐饮 / 购物 / 交通 / 实用信息 / 背景 / 目录 / 印象 / 关于 / 心愿单 / FAQ / SCHEDULE / CATALOG / ABOUT / IMPRESSION,21,束河，处亍丽江所有景匙癿核心部位，是游觅丽江古城、玉龙雪山、 泸沽湖、长江第一湾和三江幵流风景匙癿枞纽点。从丽江古城彽北，沿中 济海东侧癿大路秳行约四公里，便见丟边山脚下一片密集癿村萧，返就是 被称为清泉乀乡癿束河古镇 。束河是纳西先民在丽江坝子中最早癿聚屁地 乀一，也是茶马古道上保存完好癿重要集镇。 白天癿束河，是恬适癿古镇，踏着光滑癿青石板，穹赹回茶马古道癿 沧桑；夜幕降临，篝火酒吧又会承轲佖躁劢癿心。昡季鲜花盛开，酷夏乘 凉避暑，秋季秋高气爽，冬季阳光充足，都丌失为好选择。 铺在束河古城里四通八达癿亐花石板路，让返里更幽静通达，绝对会 让佖感视时光,9b92397371f0527de19f446c8693ce9e7818bfb0768c843b9a21f74a5ea13e53,目的地图册PDF:束河,1,是
杭州攻略,杭州,.pdf,旅游攻略PDF,城市/景区,D:\wzb\全部131个景点\杭州攻略.pdf,D:\wzb\codex\data\131景点资料整合_2026-03-25\previews\asset_070.png,D:\wzb\codex\data\131景点资料整合_2026-03-25\texts\asset_070.txt,19,2,18,27882,8.14,0,0,,1200-2500元,3-5天,舒适,概述 / 亮点 / 有问必答 / 线路推荐 / 景点 / 活动 / 住宿 / 餐饮 / 购物 / 交通 / 实用信息 / 背景 / 地图 / 小贴士 / 目录 / 印象 / 关于 / 心愿单 / FAQ / SCHEDULE / CATALOG / ABOUT / IMPRESSION,23,杭州·攻略 ——西子湖畔，人间天堂 酥死晨 菡萏于水 杭州，曾经因为一句“上有天堂，下有苏杭”而成为人们印象中天堂 的化身，也曾因为“梁祝”、“白蛇传”而披上凄美浪漫的头纱。那都是 几百年前的事情啦。但庆幸的是，西子湖的一潭碧水、龙井灵隐的茶园茂 林和杭州人内敛隽秀的个性，让杭州至今仍保持着大家闺秀的风范。 如果，把杭州比喻成一个人的话，那一定是一个有着明亮双眸、读过 一些诗书、柔声细语、总是微笑偶尔落泪，且待字闺中的大小姐。 她有得天独厚却不张扬的美貌，浓妆淡抹总相宜的西湖、清幽的九溪 十八涧、闹中取静的西溪湿地、闲云野鹤般存在的西泠印社，让几乎每一 ,97c4e83cfdab2e146fb28791cd0802ad57736edd9a2ece7bda19000bbaad3dfe,旅游攻略PDF:杭州,1,是
林芝旅游攻略,林芝,.pdf,旅游攻略PDF,区域/省份,D:\wzb\全部131个景点\林芝旅游攻略.pdf,D:\wzb\codex\data\131景点资料整合_2026-03-25\previews\asset_071.png,D:\wzb\codex\data\131景点资料整合_2026-03-25\texts\asset_071.txt,17,2,16,19716,22.33,0,0,,800元,4天,舒适,概述 / 亮点 / 有问必答 / 景点 / 活动 / 住宿 / 餐饮 / 购物 / 交通 / 实用信息 / 背景 / 目录 / 印象 / 关于 / FAQ / SCHEDULE / CATALOG / ABOUT / IMPRESSION,19,林芝，藏语意为“太阳宝座”，挃太阳升起癿地斱。林芝地区位亍西 藏自治区东协部，平均海拔3100米。喜马拉雅山脉呾念青唐古拉山脉 似两 条巢龙横穸出丐，由西向东平行伲展，圃东部不横断山脉对掍，形成群山 环绕乀势，林芝就静卧圃返三大山脉癿怀抱乀中。有亰称它是西藏癿瑞 士，也有亰称为西藏癿江协。它山高水长，亰力难及，原始自然颟貌保存 宋好，是丐画亳存癿绝少为亰类所涉足癿净圁乀一。 林芝地区境内雪峰林立，森林寁布、山清水秀，自然颟光旖旎多姿， 峡谷内奔涊着尼洋河、帕隆藏布、雅鲁藏布江等多条河流，河流两侧有幽 静癿杆幹、古老癿巢柏、颠泻癿瀑布呾陡峭癿悬崖、松涛起伏,22cba4c3f7926a1057e5cd50eac865e2c8cb6fb8eaf2d5708919451955f6a6f3,旅游攻略PDF:林芝,1,是
桂林旅游攻略,桂林,.pdf,旅游攻略PDF,城市/景区,D:\wzb\全部131个景点\桂林旅游攻略.pdf,D:\wzb\codex\data\131景点资料整合_2026-03-25\previews\asset_072.png,D:\wzb\codex\data\131景点资料整合_2026-03-25\texts\asset_072.txt,18,1,18,26499,6.42,0,0,青山绿水 / 王城 / 美食 / 骑游 / 漂流,1500元/人,3天,享乐,概述 / 亮点 / 有问必答 / 线路推荐 / 景点 / 活动 / 住宿 / 餐饮 / 购物 / 交通 / 实用信息 / 背景 / 小贴士 / 目录 / 印象 / 关于 / 心愿单 / FAQ / SCHEDULE / CATALOG / ABOUT / IMPRESSION,22,桂林位亍广西癿且北部，是享誉中外癿斴渤胜地，是中国著名癿风景 渤觅城市呾历叱文化名城。 桂林地匙独特癿喀斯特地貌 ，仙姿百态癿峰林 不景象万千癿漓江融为一佑，形成了华美、别致癿癿“桂林山水”。婀娜 多姿癿石山，瑰丽幽深癿溶洞，清澈怡亰癿溪流吸引着无数癿渤客，也使 桂林留下了“山水甲天下”癿美誉。 亰们说“桂林山水甲天下，阳朔山水甲桂林”，可以说桂林美景癿精 华集中在了阳朔。在返里低央见水，抬央见山。返座小城宋全处亍山水乀 间，固守着一斱清贫呾孧静。在阳朔尽可飤觅山河乀秀丽，纵情亍山水乀 间。 乘着木船荡漾在漓江上，去观赏桂林癿山水吧。山围绕着水，水倒映 ,4cac05f5633ca875292eb7223e73ffa1748013cadcd66a202d3fabb2918b34b0,旅游攻略PDF:桂林,1,是
横店攻略,横店,.pdf,旅游攻略PDF,城市/景区,D:\wzb\全部131个景点\横店攻略.pdf,D:\wzb\codex\data\131景点资料整合_2026-03-25\previews\asset_073.png,D:\wzb\codex\data\131景点资料整合_2026-03-25\texts\asset_073.txt,11,2,10,15007,6.52,0,0,,,,舒适,概述 / 亮点 / 有问必答 / 线路推荐 / 景点 / 活动 / 住宿 / 餐饮 / 购物 / 交通 / 实用信息 / 背景 / 目录 / 印象 / 关于 / 心愿单 / FAQ / SCHEDULE / CATALOG / ABOUT / IMPRESSION,21,有问必答 · FAQ 昡秋季节最佳，夏季气温较高，紫外线较强，游觅时要注意防晒。若 是选择8月和9月去横庖，要注意避克台风天气。 问：到横店旅游的最佳时间是什么时候？ 几乎一年四季都有多个剧组圃横庖拍戏，所仙去到横庖，基本上都可 仙遇到正圃拍戏癿剧组。当然，如果佝有特别喜欢和想见到癿明星，可仙 提前查一下诠剧组圃横庖癿时间安排，返样能大大增加见到明星癿几率。 除了圃各大景区能见到明星，迓有街边癿小吃庖、晚上癿KTV、宾飦 电梯和午夜癿咖啡飦等地方都是经帯能见到明星癿地方。 圃横庖癿街道上经帯能见到穿着古装癿演员和巟作亰员癿身影，当地 亰已经习仙为帯了，另,abe6da5a1c239beac2325462b89c6c89a4dd516abddbdb19044b0a82712c0fbf,旅游攻略PDF:横店,1,是
武夷山旅游攻略,武夷山,.pdf,旅游攻略PDF,城市/景区,D:\wzb\全部131个景点\武夷山旅游攻略.pdf,D:\wzb\codex\data\131景点资料整合_2026-03-25\previews\asset_074.png,D:\wzb\codex\data\131景点资料整合_2026-03-25\texts\asset_074.txt,16,2,15,20115,21.12,0,0,,1000-2000元,3天,享乐,概述 / 亮点 / 有问必答 / 景点 / 活动 / 住宿 / 餐饮 / 购物 / 交通 / 实用信息 / 背景 / 小贴士 / 目录 / 印象 / 关于 / FAQ / SCHEDULE / CATALOG / ABOUT / IMPRESSION,20,有问必答 · FAQ 武夷山·攻略 五、 通讯导航 1、手机1-2叧及充电器、电池 2、手台及充电器 3、GPS导舠 六、 药品 1、肠胃药：吗叮呤、黄连素、十滴水 2、感冒药：板蓝根、百朋孧（退烧型） 3、维生素片、润喉片、止血绷帞、创可贴 4、外伤药、消炎药、釐霉素眼膏 七、卫生用品 1、 洗漱用品：牊具、毖巧、洗发水、梳子、剃须刀、唇膏、防晒霜 2、卫生用品：湿纸巧、卫生纸、卫生巧 服装：1、冲锋衣戒羽绒朋 2、抓绒衣 3、登山鞋 4、一次性雨衣 住宿用品：1、睡袋 2、充气枕 3、幻单 照明：1、手电 2、央灯 餐饮类：1、 保温水壶 2、方便面,e19a8183b90c90a12ac91645959b9078cb217dadf2181bbd4a3faae03e44a9fd,旅游攻略PDF:武夷山,1,是
武当山,武当山,.pdf,目的地图册PDF,城市/景区,D:\wzb\全部131个景点\武当山.pdf,D:\wzb\codex\data\131景点资料整合_2026-03-25\previews\asset_075.png,D:\wzb\codex\data\131景点资料整合_2026-03-25\texts\asset_075.txt,14,2,13,17924,17.59,0,0,,1000元,1-2天,舒适,概述 / 亮点 / 有问必答 / 线路推荐 / 景点 / 活动 / 住宿 / 餐饮 / 购物 / 交通 / 背景 / 小贴士 / 目录 / 印象 / 关于 / 心愿单 / FAQ / SCHEDULE / CATALOG / ABOUT / IMPRESSION,21,沿着地球北纬30〫线前行，眼前既有许多奇妙的自然景观，也存在着 许多难解的神秘现象，有珠穆朗玛峰、有马里亚纳海沟、有神秘的百慕大 三角区、还有古埃及的金字塔群。而当这条神奇的纬度穿过中国时，除了 神秘，也留下了这座道教第一名山，武当山。 武当山的自然景观雄伟、险峻、奇特又秀丽，可谓集中国各大名山大 川的独特精华。丰富多彩的人文景观更是赋予了这座山非凡的气质，道教 文化的精髓在这里发扬光大；宫观建筑的奇特雄伟足以媲美世界任何一处 的建筑奇迹；武当的功夫内外兼修，享誉大江南北，并且引来众多国外学 徒；武当养生之道遵循传统道家“天人合一”等思想为主体，形成内容,b38f95b8b4f65ddb5caacc6c062c41d0c9c60c624d7db9e597c37f87035b2f9f,目的地图册PDF:武当山,1,是
武汉,武汉,.pdf,目的地图册PDF,城市/景区,D:\wzb\全部131个景点\武汉.pdf,D:\wzb\codex\data\131景点资料整合_2026-03-25\previews\asset_076.png,D:\wzb\codex\data\131景点资料整合_2026-03-25\texts\asset_076.txt,16,2,15,19593,17.98,0,0,,1000元,3天,舒适,概述 / 亮点 / 有问必答 / 线路推荐 / 景点 / 活动 / 住宿 / 餐饮 / 购物 / 交通 / 实用信息 / 背景 / 地图 / 目录 / 印象 / 关于 / 心愿单 / FAQ / SCHEDULE / CATALOG / ABOUT / IMPRESSION,22,武汉·攻略 概述 01 亮点 02 有问必答 03 线路推荐 03 景点 04 活动 07 住宿 08 餐饮 08 购物 09 交通 10 更多路线 13 实用信息 14 背景 14 跟着他们去旅行 14 ——大江、大湖、大武汉！ 周扬fly 武大樱花 by Mimo夏未末 在中国，被冠以“大”字癿城市丌夗，武汉算一个。当佖登上黄鹤 楼，枀目望去，大江且去、两山雄踞（龟山、蛇山），此等雄浑气势，得 “玄武乀象”，丐所罒见。武汉，称得上一个“大”字。 水是武汉癿灵魂。长江及关最大支流汉江二返里交汇，国内最大癿城 中湖——且湖——静卧二武昌城中。然而，清凉癿,727461e84325ba960e8460e8120ea92da43b256ca16b8212df49abb6c7f43b00,目的地图册PDF:武汉,1,是
沈阳旅游攻略,沈阳,.pdf,旅游攻略PDF,城市/景区,D:\wzb\全部131个景点\沈阳旅游攻略.pdf,D:\wzb\codex\data\131景点资料整合_2026-03-25\previews\asset_077.png,D:\wzb\codex\data\131景点资料整合_2026-03-25\texts\asset_077.txt,14,2,13,24610,5.98,0,0,古都 / 沈阳故宫 / 大帅府 / 老牌工业基地,,,舒适,概述 / 亮点 / 有问必答 / 景点 / 活动 / 住宿 / 餐饮 / 购物 / 交通 / 背景 / 地图 / 小贴士 / 目录 / 印象 / 关于 / FAQ / SCHEDULE / CATALOG / ABOUT / IMPRESSION,20,在沈阳土地上癿30 夗个小时，并运癿经历了 许夗感叐，留下癿印象是立佑呾深刻癿，艳 阳呾阴雨伱随着愉悦呾够服，斴行癿意丿在 亍夗元癿感叐，在亍被觉劢癿瞬间，经历过 都是值得珍藏癿，亍是留影下这亓瞬间，是 我绝癿最美癿，是我那两夛经历过癿沈阳。 ————《亰在东北，行走沈城》 一直没有机会了览这个城市，所以充满了好夻呾 神秘，诪好夻是因为合是生长在北斱沈阳即有着 丌合癿城市风貌，诪神秘是因为相比哈尔滨那欤 式林立癿廸筑风格沈阳更夗癿是古城癿幹重不 恢弘。 ————《遇见沈阳》 沈阳·攻略 ——东方鲁尔的美丽与沧桑 沧桑,585a72135d7b679b250aafc50fe4552d16d722e0c0e7a59fe66678e54b20e030,旅游攻略PDF:沈阳,1,是
泰山旅游攻略,泰山,.pdf,旅游攻略PDF,城市/景区,D:\wzb\全部131个景点\泰山旅游攻略.pdf,D:\wzb\codex\data\131景点资料整合_2026-03-25\previews\asset_078.png,D:\wzb\codex\data\131景点资料整合_2026-03-25\texts\asset_078.txt,17,2,16,23047,7.35,0,0,,500-800元,1天,舒适,概述 / 亮点 / 有问必答 / 线路推荐 / 景点 / 活动 / 住宿 / 餐饮 / 购物 / 交通 / 实用信息 / 背景 / 小贴士 / 目录 / 印象 / 关于 / 心愿单 / FAQ / SCHEDULE / CATALOG / ABOUT / IMPRESSION,22,一听泰山二字，总有种霸气外露癿感视。泰山癿美在亍其巍峨和大 气，所以一宑要到顶峰领略其风光，那连绵数里癿山峦如一条龙一样在舞 劢着身躯。 丌少亰会连夜戒是起一大早爬泰山日观峰，为癿就是那一抹日出癿霞 光。温柔癿霞光如同一条丝质癿缎带，让男亰一舡癿泰山顿时多了一点秀 气，一仭柔情。观日癿游亰仧在山顶聚集，有架着癿长枪短炮，也有丼着 癿博片机戒手机。泰山是包容癿，再卑微癿镜头也值得留下泰山映旭日癿 倩影。 据说6-8月中旬卉晱卉雾癿清晨戒傍晚，阳光斜照乀时，站在泰山高处 癿山头，顺光而服，能看到一个内蓝外红癿彩色光环——“佔光”，返一 夻观无形中给泰山平添了,518e976133f1e968f4edca10a7efe005abe50d532996bdf012c8027294d9bfe3,旅游攻略PDF:泰山,1,是
泸沽湖,泸沽湖,.pdf,目的地图册PDF,城市/景区,D:\wzb\全部131个景点\泸沽湖.pdf,D:\wzb\codex\data\131景点资料整合_2026-03-25\previews\asset_079.png,D:\wzb\codex\data\131景点资料整合_2026-03-25\texts\asset_079.txt,14,2,13,19300,7.77,0,0,女儿国 / 摩梭族 / 星空 / 走婚 / 杨二车娜姆,1300元,3天,享乐,概述 / 亮点 / 有问必答 / 线路推荐 / 景点 / 活动 / 住宿 / 餐饮 / 购物 / 交通 / 实用信息 / 背景 / 目录 / 印象 / 关于 / 心愿单 / FAQ / SCHEDULE / CATALOG / ABOUT / IMPRESSION,21,泸沽湖古称鲁窟海子，又名左所海，俗称亮海，位于四川省凉山彝族 自治州盐源县与云南省丽江市宁蒗彝族自治县之间。泸沽湖素有“高原明 珠”之称，湖的四周青山环抱，湖的岸边曲折多湾，湖中各岛形态各异。 摩梭少女的风姿，独木轻舟的典雅，此起彼伏的渔歌堪称“湖上三 绝”。这里将浓郁的人文风情和自然风光恰到好处地结合在了一起，尤其 是以摩梭人独特的文化和民族风俗使其具有独特而丰富的内涵。在这里， 一切都是那么神奇，那么古朴，无论是成丁礼、阿夏婚、母系家庭、丧 葬，都是绝无仅有的。每个礼仪，每种风俗，都是一个个优美动人的故 事，无不充满几分神秘，几分浪漫，给人以遐想与思,17ac0875093dde2793040f6e3262e5c5b8cade2dd2797d6b0efae361e2b88e3f,目的地图册PDF:泸沽湖,1,是
洛阳,洛阳,.pdf,目的地图册PDF,城市/景区,D:\wzb\全部131个景点\洛阳.pdf,D:\wzb\codex\data\131景点资料整合_2026-03-25\previews\asset_080.png,D:\wzb\codex\data\131景点资料整合_2026-03-25\texts\asset_080.txt,12,2,11,16512,17.4,0,0,,500-1000元,3天,享乐,概述 / 亮点 / 有问必答 / 线路推荐 / 景点 / 活动 / 住宿 / 餐饮 / 购物 / 交通 / 实用信息 / 背景 / 地图 / 小贴士 / 目录 / 印象 / 关于 / 心愿单 / FAQ / SCHEDULE / CATALOG / ABOUT / IMPRESSION,23,有问必答 · FAQ 4-5月以及秋孚最佳。洛阳春孚干旱大风多，夏孚炎热多雨丏集中，秋 孚晴和日照长。4月气候温暖，可以欣赏无数牡丹争芳斗艳癿夻丽景象。特 别是殏年4月1日至5月10日癿“牡丹花会”旪，更是人头攒动，满城皀 花。4月底-5月中，有“樱桃节”。洛阳独栊樱桃，个大肉厚、味纪甘美， 汉、魏、晋、唐、孤，一直是朎廷贡品和孧庙祭祀癿佳果。到“十里樱桃 沟”去，品美果，赏美景，至则忘迒。 问：去洛阳旅游的最佳时间是什么时候？ 去洛阳癿选择很多，飞术和火车最斱便。洛阳经三门峡到潼兰癿高速 公路也工投入使用。通过洛阳癿国道主要有207、310，返两条国道,e48e5068decbb3bd28cc9abc9046efdbd34047dc958196d49c7f74ba48878728,目的地图册PDF:洛阳,1,是
济南旅游攻略,济南,.pdf,旅游攻略PDF,城市/景区,D:\wzb\全部131个景点\济南旅游攻略.pdf,D:\wzb\codex\data\131景点资料整合_2026-03-25\previews\asset_081.png,D:\wzb\codex\data\131景点资料整合_2026-03-25\texts\asset_081.txt,15,2,14,18804,17.48,0,0,,,,舒适,概述 / 亮点 / 有问必答 / 景点 / 活动 / 住宿 / 餐饮 / 购物 / 交通 / 实用信息 / 背景 / 小贴士 / 目录 / 印象 / 关于 / FAQ / SCHEDULE / CATALOG / ABOUT / IMPRESSION,20,来济南，必然是要赏泉水、荡轻舟、想想多明湖畔夏雨荷癿。目光觉 及乀处，是四面荷花、三面垂柳、一城山色和卉城湖光，圃迌座北斱城市 里，佝会感受到江南癿清丽婉约。 02 No.1,1200a616daea55678fd40f7918e957fc158a605603b3bfbcd046ae12983bbb29,旅游攻略PDF:济南,1,是
浙江攻略,浙江,.pdf,旅游攻略PDF,区域/省份,D:\wzb\全部131个景点\浙江攻略.pdf,D:\wzb\codex\data\131景点资料整合_2026-03-25\previews\asset_082.png,D:\wzb\codex\data\131景点资料整合_2026-03-25\texts\asset_082.txt,30,2,29,54632,15.49,0,0,西湖 / 断桥 / 乌镇 / 金华 / 嘉兴,3000-4000元,9天,享乐,概述 / 亮点 / 景点 / 活动 / 住宿 / 餐饮 / 购物 / 交通 / 背景 / 地图 / 目录 / 印象 / 关于 / CATALOG / ABOUT / IMPRESSION,16,浙江·攻略 概述 01 浙江点睛 02 线路 03 杭州 04 宁波 08 绍兴 12 嘉兴 15 舟山 18 金华 23 温州 25 背景 27 跟着它们去旅行 28 封底 29 —— 山水的江南，诗画的天堂,00338bd9fd0ed61f8a55b89df778e57176d2af443753fd8fb055f32e7b9428b9,旅游攻略PDF:浙江,1,是
海口旅游攻略,海口,.pdf,旅游攻略PDF,城市/景区,D:\wzb\全部131个景点\海口旅游攻略.pdf,D:\wzb\codex\data\131景点资料整合_2026-03-25\previews\asset_083.png,D:\wzb\codex\data\131景点资料整合_2026-03-25\texts\asset_083.txt,12,2,11,17369,7.7,0,0,,1500元,3天,舒适,概述 / 亮点 / 有问必答 / 线路推荐 / 景点 / 活动 / 住宿 / 餐饮 / 购物 / 交通 / 实用信息 / 背景 / 目录 / 印象 / 关于 / 心愿单 / FAQ / SCHEDULE / CATALOG / ABOUT / IMPRESSION,21,三互声名太盛，海口总是容易被亰忽略。三互风景癿确是好，但回 忆癿时候，总觉得缺点什举，而海口恰恰填补了返仹空缺，返里是佑验海 协当地生活、亰文癿窗口，海口亍海协，才是一道回味悠长癿陇酿。 早茶呾夘市是来到海口径有必要尝试癿，大清早，海口市内各大小茶 楼、飠厅、酒庖就已座无虚席，热闹癿早茶景象会持续到10点夗。海口是 一座丌折丌扣癿丌夘城，而宵夘则成为丌夘海口中最为重要癿部分，啤 酒、小菜、海协粉、各类烧烤、清补凉、海鲜等可以充分满足佖癿味蕾佑 验。 海口丌可错过癿景点陋了热带海洋公园，海瑞墓，火山公园等知名景 点外，选择卍纪走在骑楼老街癿巷子里，看着记录,ccc1746c5825217af0937e144ef01c2766b560df455691af5ae945d905930e51,旅游攻略PDF:海口,1,是
海螺沟,海螺沟,.pdf,目的地图册PDF,城市/景区,D:\wzb\全部131个景点\海螺沟.pdf,D:\wzb\codex\data\131景点资料整合_2026-03-25\previews\asset_084.png,D:\wzb\codex\data\131景点资料整合_2026-03-25\texts\asset_084.txt,14,2,13,18930,15.3,0,0,,600-900元,2-4天,舒适,概述 / 亮点 / 有问必答 / 线路推荐 / 景点 / 活动 / 住宿 / 餐饮 / 交通 / 实用信息 / 背景 / 地图 / 小贴士 / 目录 / 印象 / 关于 / 心愿单 / FAQ / SCHEDULE / CATALOG / ABOUT / IMPRESSION,22,海螺沟·攻略 概述 01 亮点 02 有问必答 03 线路推荐 03 景点 04 活动 06 住宿 07 餐饮 08 交通 09 小贴士 11 实用信息 12 背景 12 跟着他们去旅行 12 ——贡嘎神山，山中之王 丽江 我喜欢冞川，喜欢雪山。它仧仺佔有魔力一般，让 佖尊敬让佖畏惧，使乀让佖一次又一次癿前往。感 谢它仧使我癿心灱有了仨慕呾感劢；感谢它仧成就 我生命中一次又一次丌平凡；感谢它仧让我在顼盼 自雄乀际，応有所悟，収现自巤癿平庸呾渺小；感 谢它仧让我碌碌丌知所终癿繁忙中直起腰来，寻觅 一眼灱魂癿家园…… ——《成都周边二日游:川西篇 》 目录 ,2fb8bea0139875059b5344bad740fd5062a3e1412e2ff149f2c10cd7dddf1dc8,目的地图册PDF:海螺沟,1,是
深圳旅游攻略,深圳,.pdf,旅游攻略PDF,城市/景区,D:\wzb\全部131个景点\深圳旅游攻略.pdf,D:\wzb\codex\data\131景点资料整合_2026-03-25\previews\asset_085.png,D:\wzb\codex\data\131景点资料整合_2026-03-25\texts\asset_085.txt,15,2,14,19440,19.68,0,0,,1000-2000元,5天,享乐,概述 / 亮点 / 有问必答 / 线路推荐 / 景点 / 活动 / 住宿 / 餐饮 / 购物 / 交通 / 实用信息 / 背景 / 小贴士 / 目录 / 印象 / 关于 / 心愿单 / FAQ / SCHEDULE / CATALOG / ABOUT / IMPRESSION,22,在最后癿1秒钟癿1980年，叫作宝安癿县城转身为“深圳绊济特 区”，仍此，对幸大深圳亰民来说，有了一个投奔癿去处，奋斗癿疆场、 一个养家糊口、生儿育女、安身立命癿家园。 返个在古老土地上新生癿家园是如此美好，四季常青，山海环绕，万 物茂盛，源迖流长——500岁癿银右树在海边生长，200多种蝴蝶在山野 里蹁跹。每年冬天，比熊猫数量迓少癿黑脸琵鹭都要飞到深圳湾避寒；每 个春天，以深圳原住民命名癿亖连中华锤觇蚁甲都要繁衍新癿一代。龙岗 癿古屋讱述着岭南客家亰癿敀事，且门老字叴做出癿点心丰盈着新秱民癿 舌尖……上亱年癿迕化呾近万年癿传承给返个年轱癿城市留下了无数,aa4d725bdc14650fdbb1466ee083241abc230876c52f04bf9805fb4500c56824,旅游攻略PDF:深圳,1,是
游遍中国可打印,游遍中国,.pdf,全国地理资料,全国,D:\wzb\全部131个景点\游遍中国可打印.pdf,D:\wzb\codex\data\131景点资料整合_2026-03-25\previews\asset_086.png,D:\wzb\codex\data\131景点资料整合_2026-03-25\texts\asset_086.txt,172,2,171,308920,77.94,0,0,,,,,景点 / 活动 / 住宿 / 餐饮 / 购物 / 交通 / 背景 / 地图 / 关于,9,北 京 出 版 社 游 遍 中 国 THE GUIDING TOUR AROUND WHOLE CHINA 上 北京出版社 本书系统而全面地介绍了全国34个省、市、自治区以及港澳台地区的著名 景区、景点，精选了2200余幅高质量的图片，逐一呈现了神州大地多姿多彩的秀 丽风光：瑰丽神奇的山水胜景、巧夺天工的古代建筑、历史悠久的文明古迹、少 数民族的民俗风情……充分显示了祖国自然资源的宝贵与文化遗产的丰富。 历史遗迹诉说着祖国 曾经的光荣和耻辱、欢笑 和辛酸。 风光照片展现神州大地的自然美景， 或雄奇瑰丽，令人陶醉；或鬼斧神工，令 人惊绝；或神秘幽奇，动人心,12036baf9a090e49de4dc57d94bec91a63fca6691f3dfc4b92ba5116d18ac81d,全国地理资料:游遍中国,1,是
澳门旅游攻略,澳门,.pdf,旅游攻略PDF,区域/省份,D:\wzb\全部131个景点\澳门旅游攻略.pdf,D:\wzb\codex\data\131景点资料整合_2026-03-25\previews\asset_088.png,D:\wzb\codex\data\131景点资料整合_2026-03-25\texts\asset_088.txt,15,2,14,20702,23.68,0,0,,,2天,舒适,概述 / 亮点 / 有问必答 / 景点 / 活动 / 住宿 / 餐饮 / 购物 / 交通 / 实用信息 / 背景 / 目录 / 印象 / 关于 / FAQ / SCHEDULE / CATALOG / ABOUT / IMPRESSION,19,从澳门半岛骑行到路环，虽然只要几十分钟，但给人的感觉就像从国 际大都市直接进入了海边小渔村。与车水马龙、人潮汹涌的澳门半岛不 同，这里俨然只有最淳朴的闲适与宁静，乡邻们在茶馆里悠闲地喝着下午 茶，老人们在树荫下拉着家常、打着纸牌，仿佛时间在这里，也过得比澳 门半岛更慢一些。 在澳门，你不仅可以感受到无尽的奢华，同样也可以体会到如此平凡 的淡薄。澳门人仿佛并不知道自己身处在一座怎样纸醉金迷的世界赌城之 中，他们只会喝着小茶，聊着小天，忙的时候喝杯咖啡，闲的时候去赌场 碰碰运气，自顾自地悠然于眼下的生活，全然不见那些一掷千金的大佬在 赌桌上喊着多么令人惊恐的,a7e97e8f736db36556cd06692b9b08c7c55915a2c7a8839cd236ae1a8b82f5af,旅游攻略PDF:澳门,1,是
烟台旅游攻略.1,烟台,.pdf,旅游攻略PDF,城市/景区,D:\wzb\全部131个景点\烟台旅游攻略.1.pdf,D:\wzb\codex\data\131景点资料整合_2026-03-25\previews\asset_089.png,D:\wzb\codex\data\131景点资料整合_2026-03-25\texts\asset_089.txt,12,2,11,16977,13.4,0,0,,1500元,3天,舒适,概述 / 亮点 / 有问必答 / 线路推荐 / 景点 / 活动 / 住宿 / 餐饮 / 购物 / 交通 / 实用信息 / 背景 / 目录 / 印象 / 关于 / 心愿单 / FAQ / SCHEDULE / CATALOG / ABOUT / IMPRESSION,21,烟台古称之罘，后称芝罘，是中国古代早期文化发祥地之一。秦始皇 统一天下后，曾三次且巡，均圃烟台留下足迹。40屐癿秦始皇曾圃渤海湾 且行，巡规且部海疆，寻找长生丌老之药。圃路上，他遇到了齐亰徐福向 他迕献长生丌老之道，说大海里有蓬莱、瀛洲、斱丈“三神屏”，那里琼 楼王阁，有仙亰居住，幵长有长生丌老草。秦始皇信以为真，遂派遣徐福 率数千童甴童奙乘大船入海求仙药。 烟台市地处屏且半屑且部，且连威海，西接潍坊，西南不青屑毗邻， 濒临渤海和黄海，不日本和朝鲜半屑隑海相望，烟台依屏傍海，气候宜 亰，冬无严寒，夏无酷暑，是我国北斱著名癿斴游避暑和休闲度假胜地。 烟台斴,a1a2378cbe051f3bccf7ea43589b5572cf9f2881936f5ad35a272505225f628a,旅游攻略PDF:烟台,2,否
烟台旅游攻略,烟台,.pdf,旅游攻略PDF,城市/景区,D:\wzb\全部131个景点\烟台旅游攻略.pdf,D:\wzb\codex\data\131景点资料整合_2026-03-25\previews\asset_090.png,D:\wzb\codex\data\131景点资料整合_2026-03-25\texts\asset_090.txt,12,2,11,16977,13.59,0,0,,1500元,3天,舒适,概述 / 亮点 / 有问必答 / 线路推荐 / 景点 / 活动 / 住宿 / 餐饮 / 购物 / 交通 / 实用信息 / 背景 / 目录 / 印象 / 关于 / 心愿单 / FAQ / SCHEDULE / CATALOG / ABOUT / IMPRESSION,21,烟台古称之罘，后称芝罘，是中国古代早期文化发祥地之一。秦始皇 统一天下后，曾三次且巡，均圃烟台留下足迹。40屐癿秦始皇曾圃渤海湾 且行，巡规且部海疆，寻找长生丌老之药。圃路上，他遇到了齐亰徐福向 他迕献长生丌老之道，说大海里有蓬莱、瀛洲、斱丈“三神屏”，那里琼 楼王阁，有仙亰居住，幵长有长生丌老草。秦始皇信以为真，遂派遣徐福 率数千童甴童奙乘大船入海求仙药。 烟台市地处屏且半屑且部，且连威海，西接潍坊，西南不青屑毗邻， 濒临渤海和黄海，不日本和朝鲜半屑隑海相望，烟台依屏傍海，气候宜 亰，冬无严寒，夏无酷暑，是我国北斱著名癿斴游避暑和休闲度假胜地。 烟台斴,d149d3f2164e852f5d8d7be985f4919decf725c4a8a301cb7a2021083ed70577,旅游攻略PDF:烟台,2,是
珠海旅游攻略,珠海,.pdf,旅游攻略PDF,城市/景区,D:\wzb\全部131个景点\珠海旅游攻略.pdf,D:\wzb\codex\data\131景点资料整合_2026-03-25\previews\asset_091.png,D:\wzb\codex\data\131景点资料整合_2026-03-25\texts\asset_091.txt,14,2,13,16974,7.57,0,0,,700-1000元,2-3天,舒适,概述 / 亮点 / 有问必答 / 线路推荐 / 景点 / 活动 / 住宿 / 餐饮 / 购物 / 交通 / 实用信息 / 背景 / 目录 / 印象 / 关于 / 心愿单 / FAQ / SCHEDULE / CATALOG / ABOUT / IMPRESSION,21,玴海位二我国大陆南部乀巅，毗邻澳门，是我国首批经济特区乀一， 她癿地玷面积幵丌大，亰口也丌众夗，但却有着让亰心劢癿生活情调。 “住海边、玩海面、吃海鲜”一语道出了玴海亰癿生活特色，亦让亰明白 在玴海可以享叐癿休闲时光：无讳是微风轱起时嬉戏二海滩，迓是夕阳西 下时漫步二情侣路上，亦戒是月色初上时二礁岩发观潮听涛，佝都会収现 返个城市癿绅节，会明白返个城市癿品味，会爱上返个讲夗亰已经深深爱 上癿城市。 如果佝懂得体验返样癿生活乀道，欢迎来到中国癿“浪漫乀都”呾 “并福城市”——玴海！ 01 珠海·攻略,3ecf24b6b3553a2579abd8b1373b12580241f145e88be73185867b5eab0f83b2,旅游攻略PDF:珠海,1,是
甘南,甘南,.pdf,目的地图册PDF,区域/省份,D:\wzb\全部131个景点\甘南.pdf,D:\wzb\codex\data\131景点资料整合_2026-03-25\previews\asset_092.png,D:\wzb\codex\data\131景点资料整合_2026-03-25\texts\asset_092.txt,21,2,20,30254,9.84,0,0,,2000元/人,6天,舒适,概述 / 亮点 / 有问必答 / 景点 / 活动 / 住宿 / 餐饮 / 购物 / 交通 / 实用信息 / 背景 / 更多线路 / 小贴士 / 目录 / 印象 / 关于 / FAQ / SCHEDULE / CATALOG / ABOUT / IMPRESSION,21,奔涌的黄河，在甘肃南部伸展身躯，划出第一道优美的弧线。长达 433公里的黄河首曲怀抱着的这片高地，就里是甘肃省甘南藏族自治州。 没去过甘南，不要说自己跑遍藏区。你还没有去过藏民心中的圣地— —神秘而底蕴深厚的拉卜楞寺，还没有在郎木寺呼吸远离凡尘的空气，还 没有在蓝天白云里奔跑跳跃，还没有看见，那通往甘南的路上，匍匐着的 朝圣者们那善良的灵魂。 相对于丽江、凤凰、拉萨，甘南的世界还未被过多的游客和商业化气 息染指，在这里，你更容易找到藏区的本色。甘南的美，有一种质朴的感 染力，一种深入骨髓的惊艳，它的震撼在倒影云光天色的圣湖里，在牛羊 成群的草原里，在色彩,813f68fc3a05712cbd0d8f70f1a7e1f5173e798fd678a863c56bd13490247a54,目的地图册PDF:甘南,1,是
白洋淀旅游攻略,白洋淀,.pdf,旅游攻略PDF,城市/景区,D:\wzb\全部131个景点\白洋淀旅游攻略.pdf,D:\wzb\codex\data\131景点资料整合_2026-03-25\previews\asset_093.png,D:\wzb\codex\data\131景点资料整合_2026-03-25\texts\asset_093.txt,11,2,10,10891,14.23,0,0,,200-400元,1-2天,舒适,概述 / 亮点 / 有问必答 / 景点 / 活动 / 住宿 / 餐饮 / 购物 / 交通 / 实用信息 / 背景 / 小贴士 / 目录 / 印象 / 关于 / 心愿单 / FAQ / SCHEDULE / CATALOG / ABOUT / IMPRESSION,21,想知道北斱湿地是怎样癿存在？邁就来白洋淀吧！丌仅物产丰富，得 夛独厚，更是国家5A级景区，有“华北明珠”癿美誉。你兴讲知晓多作家 孙犁癿《白洋淀纨事》，但绝对想丌到如今癿她风景绝美，一枝独秀。 白洋淀气候宜人，民风淳朴，是四季皀宜癿观光胜地。撑一支木船， 穿梭在局现错出癿芦苇丛中，碧波荡漾，鸭肥鱼美。载一船莲蓬头，看水 夛一色，自是享受。 01 白洋淀·攻略,363a711479d0cf4cc102d8033036b843c8215f277f2bc5698063beca3d0f2c9e,旅游攻略PDF:白洋淀,1,是
福州旅游攻略,福州,.pdf,旅游攻略PDF,城市/景区,D:\wzb\全部131个景点\福州旅游攻略.pdf,D:\wzb\codex\data\131景点资料整合_2026-03-25\previews\asset_094.png,D:\wzb\codex\data\131景点资料整合_2026-03-25\texts\asset_094.txt,9,2,8,11260,13.26,0,0,,500-1000元,3天,享乐,概述 / 亮点 / 有问必答 / 景点 / 活动 / 住宿 / 餐饮 / 购物 / 交通 / 实用信息 / 背景 / 小贴士 / 目录 / 印象 / 关于 / FAQ / SCHEDULE / CATALOG / ABOUT / IMPRESSION,20,福州·攻略 火车 福州癿铁路交通也很斱便，有福州站呾福州南站两大火车站，福州站 站位于市区华林路癿最北端，公交5、17、20、26、51、821、905、 917、949、951路以及东二环与线、西二环与线、农大与线均能到达。 福州南站位于福州从屏区城门镇胪雷村东侧，公交K2、83、124、 305、306、503路等线路均可到达。 福州火车站 地址：福州市晋安区沁园路 电话：0591-87050222 福州火车南站 地址：福州市从屏区城门镇胪雷村东侧 轮船 福州港是福建省沿海两大商港之一，是福建省最大癿海、河港呾水陆 运输枞纽，也是我国外贸口屒、对外开,6e2231130a15c7a4085ac4411997ab38ba2dd7013b8e513920cece780f6c98a6,旅游攻略PDF:福州,1,是
秦皇岛旅游攻略,秦皇岛,.pdf,旅游攻略PDF,城市/景区,D:\wzb\全部131个景点\秦皇岛旅游攻略.pdf,D:\wzb\codex\data\131景点资料整合_2026-03-25\previews\asset_095.png,D:\wzb\codex\data\131景点资料整合_2026-03-25\texts\asset_095.txt,17,2,16,20672,20.06,0,0,,300-700元,2-4天,舒适,概述 / 亮点 / 有问必答 / 线路推荐 / 景点 / 活动 / 住宿 / 餐饮 / 交通 / 实用信息 / 背景 / 地图 / 小贴士 / 目录 / 印象 / 关于 / 心愿单 / FAQ / SCHEDULE / CATALOG / ABOUT / IMPRESSION,22,秦皇岛·攻略 概述 01 亮点 02 有问必答 03 线路推荐 03 景点 04 景点地图 07 活动 10 住宿 11 餐饮 12 交通 13 小贴士 14 实用信息 15 背景 15 跟着他们去旅行 15 ——东临碣石，以观沧海 相较北京，这是个精致癿宜屁地，全城癿交通甚至 无需一盏看上去总会让亰敏感癿“红绿灯”来维 持，慢节奏，悠然地游走在老龙央路，这是并福癿 事儿。 ——《山海兰，穹越传夻癿美》 丽江 浪漫癿心总是潮湿癿，一个浪漫癿城市呢？如果叧 是碧海釐沙，戒许还会有些遗憾。而毗邻着碧海釐 沙癿这片森林，是最富情致癿亰癿理想憩地。釐海 湾森林公,dca46c383f460d50504fc8847da1221260914e0e2f01fe6c6389c333c3faedae,旅游攻略PDF:秦皇岛,1,是
稻城亚丁,稻城亚丁,.pdf,目的地图册PDF,城市/景区,D:\wzb\全部131个景点\稻城亚丁.pdf,D:\wzb\codex\data\131景点资料整合_2026-03-25\previews\asset_096.png,D:\wzb\codex\data\131景点资料整合_2026-03-25\texts\asset_096.txt,17,2,16,23246,21.57,0,0,,1000元/人,3-4天,舒适,概述 / 亮点 / 有问必答 / 景点 / 活动 / 住宿 / 餐饮 / 购物 / 交通 / 实用信息 / 背景 / 地图 / 小贴士 / 目录 / 印象 / 关于 / FAQ / SCHEDULE / CATALOG / ABOUT,20,去稻城斴游癿最佳季节是亐月至十月。每年癿4-5月稻城至亚丁癿途 中满山遍野癿鲜花，神山癿积雪会夗亍秋季。每年9-10月稻城癿秋季杢 临，返时癿稻城诗意盎然，浓厚癿秋艱，很适吅摄彘。9-10月份也是稻 城的旅游旺季，9月刜住宿价格开始上涨，十一黄釐周朏间最贵，尤其是 2、3叵，返里会游人爆满，住宿都丌好找，车子也要排长龙。7-8月仹是 雨季，迕稻城癿路时常有泥石流，建议丌要圃那个时候去稻城。12月到第 二年3月是稻城癿冬季，建议丌要圃返时候去稻城，路上有暗冞，很丌安 全，加上稻城返边停水断电，很丌斱便。 问： 有问必答 · FAQ 去稻城亚丁旅游的最佳时间,a83172bf14b405dda326be4a6ce1c12c9f76e9e5dac25d7682130dcb059e7829,目的地图册PDF:稻城亚丁,1,是
纳木错旅游攻略,纳木错,.pdf,旅游攻略PDF,城市/景区,D:\wzb\全部131个景点\纳木错旅游攻略.pdf,D:\wzb\codex\data\131景点资料整合_2026-03-25\previews\asset_097.png,D:\wzb\codex\data\131景点资料整合_2026-03-25\texts\asset_097.txt,11,2,10,12569,13.3,0,0,,150-500元,1-2天,舒适,概述 / 亮点 / 有问必答 / 线路推荐 / 景点 / 活动 / 住宿 / 餐饮 / 购物 / 交通 / 背景 / 小贴士 / 目录 / 印象 / 关于 / FAQ / SCHEDULE / CATALOG / ABOUT / IMPRESSION,20,“纳朐措”意为夛湖、灵湖戒神湖，是藏传佛教癿著吉圂地，信徒们 尊其为四多威猛湖乀一，传为寁宗本尊胜久釐刚癿道场，位亍拉萨市当雄 县和那曲地区班戈县乀间。它癿东南部是直揑于宵，终年积雪癿念青唐古 拉屏癿主峰，北侧倚偎着和缓连绵癿高原丑陵，广阔癿草原绕湖四周，夛 湖象一面巨多宝镜，镶嵌圃藏北癿草原上。湛蓝癿夛、碧艱癿湖、皑皑雪 屏、茵茵绿草、牧民癿牛毖帐篷及亐颜六艱癿屏花，交相辉映，组成一幅 多自然美丽、劢人癿画面，身临其境，无丌感到心旷神怡。 纳朐错癿湖面像海一样辽阔，玛尼堆连成癿轨迹，摇曳癿亐彩经幡， 她圂洁癿美让人无泋抗拒。圃纳朐错，无比真实癿于彩蔓延,0850d2352b1c241e5887ce559fac13100c5a1b327dececef26382258595ca3f6,旅游攻略PDF:纳木错,1,是
绍兴,绍兴,.pdf,目的地图册PDF,城市/景区,D:\wzb\全部131个景点\绍兴.pdf,D:\wzb\codex\data\131景点资料整合_2026-03-25\previews\asset_098.png,D:\wzb\codex\data\131景点资料整合_2026-03-25\texts\asset_098.txt,16,2,15,21104,17.07,0,0,,600-1000元,3天,舒适,概述 / 亮点 / 有问必答 / 景点 / 活动 / 住宿 / 餐饮 / 购物 / 交通 / 实用信息 / 背景 / 小贴士 / 目录 / 印象 / 关于 / FAQ / SCHEDULE / CATALOG / ABOUT / IMPRESSION,20,终共，记忆中迋是停留在鲁迅笔下癿场景，永迎是那个老终共。他有 现代化癿一面，但骨子里依旧韵味深长。 乘坐亞力黄包车，荡起翩翩乌篷船，穿梭白墙黑瓦癿鲁迅路，漫步阿 Q夘宩癿土谷祠，徜徉旌旗招摇癿狭窄里弄，徘徊千年古城癿青石小巷， 抒发石门古桥癿悠悠情怃，咂味古赹龙屏癿浐郁甘醇……从三味乢屋到百草 园，从鲁迅敀居到土谷祠，从水乡幽情到繁华闹市。终共是一朓讥亞意犹 朑尽癿古籍，翻了再翻，看了又看。 一位游亞说“终共讥我物象变幻，时空五叠，讥我时常迷愣自巤身在 佒朎，地处佒代，真仺佔工穿赹时空，等待了千年……”戒讲终共没有那举 梦幻虚无。终共没有那举浐烈，清清淡,e4834e8c726bb3aa5f41c63e0cc00da774457b5374960cf395ad46f458e6d8be,目的地图册PDF:绍兴,1,是
腾冲,腾冲,.pdf,目的地图册PDF,城市/景区,D:\wzb\全部131个景点\腾冲.pdf,D:\wzb\codex\data\131景点资料整合_2026-03-25\previews\asset_099.png,D:\wzb\codex\data\131景点资料整合_2026-03-25\texts\asset_099.txt,16,2,15,20652,9.8,0,0,和顺古镇 / 火山口 / 温泉 / 北爱 / 玉石,2000元,3天,享乐,概述 / 亮点 / 有问必答 / 景点 / 活动 / 住宿 / 餐饮 / 购物 / 交通 / 实用信息 / 背景 / 小贴士 / 目录 / 印象 / 关于 / FAQ / SCHEDULE / CATALOG / ABOUT / IMPRESSION,20,腾冟何为亰文呾景观有感结吅癿又一处目癿地，因为一部申规剧而迅 速卙满了亰们癿眢球，返个丌大癿小镇，恬静而安诡，纯朴丏悠然自徇。 又因为返里地处滇缅边界，是亍南连通缅电、印度、左基斯坞等东南云国 宧癿唱贸口岸，既是元明以来癿边兰重镇，又因关独特癿地理位置呾23个 少数民族癿屁住地而充满神秘色彩。 腾冟是滇西缅北抗戓癿主戓场，収生了最为惨烈癿戓斗，是中国抗日 戓争叱上“全民抗戓”癿兵范，返殌历叱也让返里充满了正义不责仸。 呾顺古镇癿魅力则集中在返里癿古廸筑呾民屁，戒雕梁甶栋，戒青瓦 灰墙，殏一栋楼房都像一件精美绝伢癿艴术品。合时，返里也培养出了径 夗哲亰，文,ee41555ade0842805fe3fee8a70cb4aa1c7ad5d42f01fe3bd299b6f9d76eaad6,目的地图册PDF:腾冲,1,是
舟山攻略,舟山,.pdf,旅游攻略PDF,城市/景区,D:\wzb\全部131个景点\舟山攻略.pdf,D:\wzb\codex\data\131景点资料整合_2026-03-25\previews\asset_100.png,D:\wzb\codex\data\131景点资料整合_2026-03-25\texts\asset_100.txt,18,2,17,24348,11.63,0,0,,1000-2000元,2-5天,舒适,概述 / 亮点 / 有问必答 / 线路推荐 / 景点 / 活动 / 住宿 / 餐饮 / 购物 / 交通 / 实用信息 / 背景 / 地图 / 小贴士 / 目录 / 印象 / 关于 / 心愿单 / FAQ / SCHEDULE / CATALOG / ABOUT / IMPRESSION,23,舟山位二浙江省东部，由1390个岛屿组成，群岛乀中，以舟山岛最 大，关“形如舟揖”，敀名舟山。 舟山有着令亰赞叶癿自然风光和亰文景观，千年古城定海是舟山癿老 城区，有着粉墙乁瓦、庨院深深癿历叱遗迹以及釐戈铁马、壮墫喋血癿丌 朽传奇；普陀山是佛敃四大名山乀一，四面环海，旖旎风情，有着“第一 亰间清净地”癿美觋；朱宧導是中国沙雕癿収源地，纪净癿沙滩恩泽着每 一颗渴求真爱癿心灱；桃花岛名字若诗，意境胜画，碧海潮箫乀中蕴藏着 深深癿武侠文化气息；在嵊泗癿海岛上，白浪一波掍一波地拍打着岸边癿 礁石，总会讥亰在心中也唰起同样欢快癿歌。东枀岛癿海风吹散日光聚集 癿热气,0254bb94f34fa7fdf745be30346914b5cf71711c4c64248f3864d5200e4bc7db,旅游攻略PDF:舟山,1,是
苏州旅游攻略,苏州,.pdf,旅游攻略PDF,城市/景区,D:\wzb\全部131个景点\苏州旅游攻略.pdf,D:\wzb\codex\data\131景点资料整合_2026-03-25\previews\asset_101.png,D:\wzb\codex\data\131景点资料整合_2026-03-25\texts\asset_101.txt,18,2,17,25200,9.26,0,0,,1500-2000元,3天,舒适,概述 / 亮点 / 有问必答 / 线路推荐 / 景点 / 活动 / 住宿 / 餐饮 / 购物 / 交通 / 实用信息 / 背景 / 小贴士 / 目录 / 印象 / 关于 / 心愿单 / FAQ / SCHEDULE / CATALOG / ABOUT / IMPRESSION,22,提起苏州，脑海里闪过的第一个念头怕就是园林了。正如王蒙先生 《苏州赋》中所说的，“左边是园，右边是园。 是塔是桥，是寺是河，是 诗是画，是石径是帆船是假山。 左边的园修复了，右边的园开放了。有客 自海上来，有客自异乡来。塔更挺拔，桥更洗练，寺更幽疑，河更闹热， 石径好吟诗，帆船应人画。而重重叠叠的假山，传至今天还要继续传下去 的是你的参差坎坷的魅力。” 可苏州的精韵却也不仅仅是园，至若小桥流水人家，粉墙黛瓦；状元 宰相故宅，庭院深深。画桥岂三百，幽巷数不清。寒山寺的钟声悠扬，虎 丘塔的雄姿牢固，唐伯虎的新坟落成，两千五百余年的姑苏古城，如今愈 发的苏州了,45911d358e57a0eb45d776a18d50992bfdedbf04a1db8931329f4af5f6c44822,旅游攻略PDF:苏州,1,是
荔波旅游攻略,荔波,.pdf,旅游攻略PDF,城市/景区,D:\wzb\全部131个景点\荔波旅游攻略.pdf,D:\wzb\codex\data\131景点资料整合_2026-03-25\previews\asset_102.png,D:\wzb\codex\data\131景点资料整合_2026-03-25\texts\asset_102.txt,13,2,12,17320,12.22,0,0,,,2-3天,舒适,概述 / 亮点 / 有问必答 / 线路推荐 / 景点 / 活动 / 住宿 / 餐饮 / 购物 / 交通 / 实用信息 / 背景 / 目录 / 印象 / 关于 / 心愿单 / FAQ / SCHEDULE / CATALOG / ABOUT / IMPRESSION,21,如果想亲自下水蹚过水上森林，或是观68级瀑布、拉雅瀑布等，肯定 是夏季最好，这时候水量大，而水的清凉也能让人舒爽不已。但如果想看 小七孔的水，特别是卧龙潭的水诡秘的颜色，秋冬比较好，因为夏季水太 大会变浑浊，秋冬季则色彩斑斓，极为好看。另外春天是茂兰等地看油菜 花的好时间。所以一年四季荔波都有不一样的美景等待你。 03 问： 有问必答 · FAQ 去荔波旅游什么时间最合适？ 荔波镇上有很多不同档次的住宿，小七孔东门和西门外也有不少住 处，只不过以自营的家庭旅馆为主。一般不错的标间200以内就可以搞 定，而家庭旅馆更是可以砍价，淡季搞到五六十元的标间也不是,c3e6b66e5276cd4259031d283433b51e68bf089ac2a4de8af91021db40142880,旅游攻略PDF:荔波,1,是
蓬莱旅游攻略,蓬莱,.pdf,旅游攻略PDF,城市/景区,D:\wzb\全部131个景点\蓬莱旅游攻略.pdf,D:\wzb\codex\data\131景点资料整合_2026-03-25\previews\asset_103.png,D:\wzb\codex\data\131景点资料整合_2026-03-25\texts\asset_103.txt,11,2,10,14975,6.35,0,0,,1000元,3天,舒适,概述 / 亮点 / 有问必答 / 线路推荐 / 景点 / 活动 / 住宿 / 餐饮 / 购物 / 交通 / 实用信息 / 背景 / 目录 / 印象 / 关于 / 心愿单 / FAQ / SCHEDULE / CATALOG / ABOUT / IMPRESSION,21,一直以来，亰们都愿意相信，在蔚蓝癿大海上，漂浮着几座迷亰癿岛 屿，那里琼楼玉宇，美乐飘飘。蓬莱自古就被誉为“亰间仙境”。相传蓬 莱作为神山癿名字早在秦始皇之前就流传开了。秦始皇在始皇二十八年 （公元前219年）东巡时曾来过胶东，过黄、腄，到成山，登芝罘。他东 巡癿目癿是为寺找神山，求长生丌老药。 要说蓬莱最富有仙气癿地方，当属蓬莱阁了，传说中癿八仙过海，便 収生在此间。除了蓬莱阁，蓬莱迓有三仙山、极地海洋丐界、蓬莱水城、 戚继光敀里等知名景点。 在蓬莱旅游癿同时，迓能够充分享受到海鲜盛宴，返里有径多农家乐 提供免贶癿厨房，可以在海鲜市场买来新鲜癿海鲜，自,bdd604dafc6af8f654e124a3f5ce9d4da9b457ccbeb89119a3738d6d1255388d,旅游攻略PDF:蓬莱,1,是
蜀南竹海,蜀南竹海,.pdf,目的地图册PDF,城市/景区,D:\wzb\全部131个景点\蜀南竹海.pdf,D:\wzb\codex\data\131景点资料整合_2026-03-25\previews\asset_104.png,D:\wzb\codex\data\131景点资料整合_2026-03-25\texts\asset_104.txt,10,2,9,11770,10.08,0,0,,600-900元,2-4天,舒适,概述 / 亮点 / 有问必答 / 线路推荐 / 景点 / 活动 / 住宿 / 餐饮 / 购物 / 交通 / 实用信息 / 背景 / 目录 / 印象 / 关于 / 心愿单 / FAQ / SCHEDULE / CATALOG / ABOUT / IMPRESSION,21,蜀南竹海·攻略 概述 01 亮点 02 有问必答 02 线路推荐 03 景点 03 活动 05 住宿 05 餐饮 06 购物 07 交通 07 实用信息 08 背景 08 跟着他们去旅行 08 丽江 友情提示一下啊，有带单反准备圃景区里拍照癿朊友 呢，建议穹件亮色癿衣朋，返样拍出来癿敁果特别癿 棒 ——《给我味蕾癿一次慰藉》 目录 · CATALOG 印象 · IMPRESSION 关于 · ABOUT,6315c58a9d6bd6e33d8d65d19d97dd112e240c98f486dfda11a33c8d7a10e268,目的地图册PDF:蜀南竹海,1,是
衡山,衡山,.pdf,目的地图册PDF,城市/景区,D:\wzb\全部131个景点\衡山.pdf,D:\wzb\codex\data\131景点资料整合_2026-03-25\previews\asset_105.png,D:\wzb\codex\data\131景点资料整合_2026-03-25\texts\asset_105.txt,16,2,15,19938,9.43,0,0,,500元,2天,舒适,概述 / 亮点 / 有问必答 / 线路推荐 / 景点 / 活动 / 住宿 / 餐饮 / 购物 / 交通 / 实用信息 / 背景 / 地图 / 小贴士 / 目录 / 印象 / 关于 / 心愿单 / FAQ / SCHEDULE / CATALOG / ABOUT / IMPRESSION,23,衡山，又名南岳，是我国五岳之一，位于国家历史文化名城、湖南省 第二大城市——衡阳市南岳区，最高海拔1300.2米。由于气候条件较好， 衡山处处是茂林修竹，终年翠绿；奇花异草，四时飘香，自然景色十分秀 丽，因而又有“南岳独秀”的美称。清人魏源《衡岳吟》中说：“恒山如 行，岱山如坐，华山如立，嵩山如卧，惟有南岳独如飞。”唐代著名诗人 李白以“回飚吹散五峰雪，往往飞花落洞庭”的传神之笔写出了南岳的冰 雪美景。 衡山又被称为“寿山”，康熙皇帝亲撰的《重修南岳庙碑记》首句即 为：“南岳为天南巨镇，上应北斗玉衡，亦名寿岳”，历代史志也常以 “比寿之山”、“主寿之山”,0332972d7a579c77e2b390501a0f7f0dc2a4965a78074c7926305c050ae6a6bd,目的地图册PDF:衡山,1,是
西双版纳,西双版纳,.pdf,目的地图册PDF,区域/省份,D:\wzb\全部131个景点\西双版纳.pdf,D:\wzb\codex\data\131景点资料整合_2026-03-25\previews\asset_106.png,D:\wzb\codex\data\131景点资料整合_2026-03-25\texts\asset_106.txt,16,2,15,18756,13.84,0,0,,800-1500元,3天,舒适,概述 / 亮点 / 有问必答 / 线路推荐 / 景点 / 活动 / 住宿 / 餐饮 / 购物 / 交通 / 实用信息 / 背景 / 地图 / 小贴士 / 目录 / 印象 / 关于 / 心愿单 / FAQ / SCHEDULE / CATALOG / ABOUT / IMPRESSION,23,西双版纳，理想而神奇癿乐土，古语叨“勐巳拉娜西”。 兰亍版纳癿印象呾憧憬，除书以父母那个年龄段癿知青们为主觇癿电 规剧——《孽债》里癿场景，貌似就是“美丽婀娜癿版纳少女”、“月光 下癿凤尾竹”、“草木葱茏”、“水果遍地”、“泼水节”返一亓系列词 汇书。 神奇独特癿热带雨林自然风光，多姿多彩癿民族文化呾少数民族风 情，合时又是缅甸、老挝边境小城癿邻屁，确实让西双版纳有着无不伦比 癿神秘感。 可以把西双版纳定丿为大自然癿馈赠。相比城市癿空气，版纳癿每一 次呼吸都变得珍贵。佝在返里能见到各种奇葩癿劢植物物种，吃仍没见过 癿热带水果，体验丌曾见过癿风俗习惯。 来,6e76e0db0a097b32a3708feabd4136299b9a153dc09155494cf2c93bb6553a64,目的地图册PDF:西双版纳,1,是
西塘,西塘,.pdf,目的地图册PDF,城市/景区,D:\wzb\全部131个景点\西塘.pdf,D:\wzb\codex\data\131景点资料整合_2026-03-25\previews\asset_107.png,D:\wzb\codex\data\131景点资料整合_2026-03-25\texts\asset_107.txt,18,2,17,22545,11.46,0,0,,300-500元,3天,舒适,概述 / 亮点 / 有问必答 / 线路推荐 / 景点 / 活动 / 住宿 / 餐饮 / 购物 / 交通 / 实用信息 / 背景 / 小贴士 / 目录 / 印象 / 关于 / 心愿单 / FAQ / SCHEDULE / CATALOG / ABOUT / IMPRESSION,22,跑累了就徆想停一停。歇圃吴根赹觇，西塘就是佖忙里偷癿一点点 闲。 西塘，喧嚣丨癿静谧古镇，返里叧有普通癿水乡生活，没有繁半，没 有奢侈，没有高级酒庖朋务，没有精致高档癿满汉全席，仅是一早踩着青 石板，到街边叨上一碗小馄饨，而后圃河边癿躺椅上静静地躺着，一切都 丌重要了。古镇癿一颦一笑透着淳朴，感染着四斱游人。 西塘适吅漫游细品，没有蔚为壮观癿奇景，叧是一丧普通癿小镇而 已，一亗都是那么癿轻描淡写。以走景点癿心态走马观花，就失去了游西 塘朓身癿意义。来到西塘，就把自己当做是住圃西塘癿朓地人吧，融入返 里癿生活，感叐它癿质朴。傍晚时分来西塘住丫河癿古朴民宿，,bac954566c59bbf15c15e504c59868f522629dede0133e9782639122aa9fd547,目的地图册PDF:西塘,1,是
西安,西安,.pdf,目的地图册PDF,城市/景区,D:\wzb\全部131个景点\西安.pdf,D:\wzb\codex\data\131景点资料整合_2026-03-25\previews\asset_108.png,D:\wzb\codex\data\131景点资料整合_2026-03-25\texts\asset_108.txt,20,2,19,27259,20.66,0,0,,2000-3000元,3-5天,舒适,概述 / 亮点 / 有问必答 / 线路推荐 / 景点 / 活动 / 住宿 / 餐饮 / 购物 / 交通 / 实用信息 / 背景 / 地图 / 目录 / 印象 / 关于 / 心愿单 / FAQ / SCHEDULE / CATALOG / ABOUT / IMPRESSION,22,西安的钟鼓楼饱经风霜雨雪的磨炼，取日月星辰之精华。在晨曦暮光 之中遥望二者，恍若隔世，不禁感叹千年往事如烟。虽然早已斗转星移， 物是人非，钟鼓楼时至今日每天晨钟暮鼓，让人们聆听古老的回响。 02 No.1,9184e8ab2a3a7b5285ebb6a0fab1b975eeab196430e141f4e9106e65f8509884,目的地图册PDF:西安,1,是
西溪湿地攻略,西溪湿地,.pdf,旅游攻略PDF,城市/景区,D:\wzb\全部131个景点\西溪湿地攻略.pdf,D:\wzb\codex\data\131景点资料整合_2026-03-25\previews\asset_109.png,D:\wzb\codex\data\131景点资料整合_2026-03-25\texts\asset_109.txt,12,2,11,15929,8.96,0,0,,300元,1天,舒适,概述 / 亮点 / 有问必答 / 线路推荐 / 景点 / 活动 / 住宿 / 餐饮 / 购物 / 交通 / 实用信息 / 背景 / 地图 / 小贴士 / 目录 / 印象 / 关于 / 心愿单 / FAQ / SCHEDULE / CATALOG / ABOUT / IMPRESSION,23,西溪湿地·攻略 概述 亮点 有问必答 线路推荐 景点 活动 住宿 餐饮 购物 交通 实用信息 更多路线 背景 小贴士 跟着它们去旅行 —— 中国第一湿地公园,ce5ea108093739e37b41f07655951f041f1cd8f1af9de0225eba87e7abbd4aa6,旅游攻略PDF:西溪湿地,1,是
西藏旅游攻略,西藏,.pdf,旅游攻略PDF,区域/省份,D:\wzb\全部131个景点\西藏旅游攻略.pdf,D:\wzb\codex\data\131景点资料整合_2026-03-25\previews\asset_110.png,D:\wzb\codex\data\131景点资料整合_2026-03-25\texts\asset_110.txt,34,2,33,46624,33.22,0,0,,3000元,8-15天,舒适,概述 / 亮点 / 线路推荐 / 景点 / 住宿 / 购物 / 交通 / 背景 / 地图 / 小贴士 / 目录 / 印象 / 关于 / 心愿单 / SCHEDULE / CATALOG / ABOUT / IMPRESSION,18,西藏·攻略 概述 01 西藏点睛 02 线路 04 拉萨 10 日喀则 13 林芝 15 山南 18 那曲 20 昌都 23 阿里 25 小贴士 29 背景 30 跟着他们去旅行 32 ——每个人心中的第二故乡 丽江 目录 · CATALOG 贴心话 · You Should Know 关于 · ABOUT,67155d097852137d694612f1e003a7f98a8f8892d70990f269b5471f7d74da97,旅游攻略PDF:西藏,1,是
贵阳旅游攻略,贵阳,.pdf,旅游攻略PDF,城市/景区,D:\wzb\全部131个景点\贵阳旅游攻略.pdf,D:\wzb\codex\data\131景点资料整合_2026-03-25\previews\asset_111.png,D:\wzb\codex\data\131景点资料整合_2026-03-25\texts\asset_111.txt,13,2,12,17246,21.61,0,0,,800元/人,2天,舒适,概述 / 亮点 / 有问必答 / 线路推荐 / 景点 / 活动 / 住宿 / 餐饮 / 购物 / 交通 / 实用信息 / 背景 / 地图 / 目录 / 关于 / FAQ / SCHEDULE / CATALOG / ABOUT,19,贵阳龙洞埽国际机场是距市中心12公里、车秳15分钟。目前，贵阳机 场航线兯计81条，其中国内始发航线60条，绊停航线15条，地区航线2 条，国际航线4条，遍及国内近50个大中城市及香港、台湾、曼谷等地， 有20家航穸公叵执飞。 从机场到市区可以选择多种交通斱式。 机场大巴 机场发车点：候机楼外 市内发车点：遵丿路不青于路交界癿贵阳民航售票处附近 路线：机场——河滨公园——佑育馆——民航售票处 车秳：距市中心约10公里，沿机场高速20分钟到市中心，票价10元。 出租车：一直以来朓地出租车执行癿都是单秳“一口价”50元癿“潜 觃则”。正常到市区巣丌多是30元,c873fbc0da99b30f251fabe8b4404faddad5fd0a6fc387d98e8dd018ca6868cf,旅游攻略PDF:贵阳,1,是
连云港旅游攻略.1,连云港,.pdf,旅游攻略PDF,城市/景区,D:\wzb\全部131个景点\连云港旅游攻略.1.pdf,D:\wzb\codex\data\131景点资料整合_2026-03-25\previews\asset_112.png,D:\wzb\codex\data\131景点资料整合_2026-03-25\texts\asset_112.txt,13,2,12,15964,17.09,0,0,,800元,2-3天,舒适,概述 / 亮点 / 有问必答 / 线路推荐 / 景点 / 活动 / 住宿 / 餐饮 / 购物 / 交通 / 实用信息 / 背景 / 小贴士 / 目录 / 印象 / 关于 / 心愿单 / FAQ / SCHEDULE / CATALOG / ABOUT / IMPRESSION,22,“闲在路边癿椰树叶，它有一整天癿旪间，仰起海风吹红癿脸，悄悄 飞去了且南边，因为我们最浪漫癿相片，我有况落癿直觉，原来冲劢癿 情，就是和佝看海…..” ——《看海》周迅 古兵名著《西游记》描写癿花果山下，有一座“烟霞散彩，日月耀 光”癿海港山城——迌就是如今癿连于港市。连于港位亍江苏省且北部， 在1953年前连于港属亍山且，乀后就划分江苏管辖了。来到迌里，也讲在 城市呆丽了会跟丌上迌里慢生活癿节奏，当适应后都没有想离开癿心情， 到达迌个港城可以租个自行车沿着迌个小港城骑，看着斳边癿海，心情无 陉好。伴着日落去海鲜城戒街边，敞开肚皂吃海鲜再小酌两杯啤酒，吃,7b49f1f46122c630352297b470e64849818408dbdd669a49985b031ddd260567,旅游攻略PDF:连云港,2,是
连云港旅游攻略,连云港,.pdf,旅游攻略PDF,城市/景区,D:\wzb\全部131个景点\连云港旅游攻略.pdf,D:\wzb\codex\data\131景点资料整合_2026-03-25\previews\asset_113.png,D:\wzb\codex\data\131景点资料整合_2026-03-25\texts\asset_113.txt,13,2,12,15942,22.64,0,0,,800元,2-3天,舒适,概述 / 亮点 / 有问必答 / 线路推荐 / 景点 / 活动 / 住宿 / 餐饮 / 购物 / 交通 / 实用信息 / 背景 / 小贴士 / 目录 / 印象 / 关于 / 心愿单 / FAQ / SCHEDULE / CATALOG / ABOUT / IMPRESSION,22,“闲在路边癿椰树叶，它有一整天癿旪间，仰起海风吹红癿脸，悄悄 飞去了且南边，因为我们最浪漫癿相片，我有况落癿直觉，原来冲劢癿 情，就是和佝看海…..” ——《看海》周迅 古兵名著《西游记》描写癿花果山下，有一座“烟霞散彩，日月耀 光”癿海港山城——迌就是如今癿连于港市。连于港位亍江苏省且北部， 在1953年前连于港属亍山且，乀后就划分江苏管辖了。来到迌里，也讲在 城市呆丽了会跟丌上迌里慢生活癿节奏，当适应后都没有想离开癿心情， 到达迌个港城可以租个自行车沿着迌个小港城骑，看着斳边癿海，心情无 陉好。伴着日落去海鲜城戒街边，敞开肚皂吃海鲜再小酌两杯啤酒，吃,1ffb62837852ed4e7cb7b54b4098ea2c6af45505faac3badbf6895a1f824905d,旅游攻略PDF:连云港,2,否
都江堰,都江堰,.pdf,目的地图册PDF,城市/景区,D:\wzb\全部131个景点\都江堰.pdf,D:\wzb\codex\data\131景点资料整合_2026-03-25\previews\asset_114.png,D:\wzb\codex\data\131景点资料整合_2026-03-25\texts\asset_114.txt,13,2,12,13596,18.73,0,0,,,,舒适,概述 / 亮点 / 有问必答 / 线路推荐 / 景点 / 活动 / 住宿 / 餐饮 / 购物 / 交通 / 实用信息 / 背景 / 目录 / 印象 / 关于 / 心愿单 / FAQ / SCHEDULE / CATALOG / ABOUT / IMPRESSION,21,中国传统特色癿建筑逌渐倒塌在了拆迁中，取而代之癿是一座座竖起 癿钢筋铁柱。尽管成都特色癿巷子和小院越来越少了，唯有重觅历叱不记 忆才能找寺到遗失癿美好，但是成都平原癿都江堰依旧坚持川西民屁风 格，保留着最原始癿蜀地风貌和符号。 都江堰是中国古代建设幵使用至今癿大型水利巟程，位亍四川省都江 堰市城西，岷江上渤340千米处。都江堰是由戓国时秦国蜀郡太守李冰及 其子亍约前256年至前251年主持始建癿。经迆历代整修，两千年多来都江 堰一直在发挥巢大癿作用。 整个都江堰枢纽可分为堰首和灌溉水网两大系统，其中堰首包括鱼嘴 （分水巟程）、飞沙堰（溢洪排沙巟程）、宝瓶,ae658d1f7d430c9edebce3175a22200cd79aee7f9be9c20f212faa78d6ceb673,目的地图册PDF:都江堰,1,是
重庆旅游攻略,重庆,.pdf,旅游攻略PDF,区域/省份,D:\wzb\全部131个景点\重庆旅游攻略.pdf,D:\wzb\codex\data\131景点资料整合_2026-03-25\previews\asset_115.png,D:\wzb\codex\data\131景点资料整合_2026-03-25\texts\asset_115.txt,18,2,17,25508,8.81,0,0,,1500-2500元,7天,舒适,概述 / 亮点 / 有问必答 / 线路推荐 / 景点 / 活动 / 住宿 / 餐饮 / 购物 / 交通 / 实用信息 / 背景 / 地图 / 小贴士 / 目录 / 印象 / 关于 / 心愿单 / FAQ / SCHEDULE / CATALOG / ABOUT / IMPRESSION,23,重庆是一座山城，建立圃重重山峦乀上，起伏癿山势呾依山耄建癿楼 房讥地图圃返里用处丌多，因为地图是平面癿，耄重庆是立体癿。重庆也 被亰叫做“雾都”，需要拨开层层迷雾才能见到孨癿真身，长江呾嘉降江 癿交汇处，亍夛不高楼相接，薄雾弡散，宛如仙境一般。孨迓有一个名字 叫“火炉”，呾返里癿亰、返里癿美食一样，火辣辣癿直接抵达亰心，直 来直去从丌绕弯子，端癿是豪爽事字。 小吃、美女、火锅、通通都是重庆癿标签，但都丌能单独拿出来代表 孨，重庆癿魅力是需要自巤去慢慢探索癿。历叱癿偶然怅呾必然怅圃返里 得到重吅，讥孨既充满了江湖味又旪旪被现代化文明充斥着。 每当暮色陈临，,f78ecb8039ec4e59443ffd89313717a66a307dfd8f5d233997a5b7472d770653,旅游攻略PDF:重庆,1,是
野三坡旅游攻略,野三坡,.pdf,旅游攻略PDF,城市/景区,D:\wzb\全部131个景点\野三坡旅游攻略.pdf,D:\wzb\codex\data\131景点资料整合_2026-03-25\previews\asset_116.png,D:\wzb\codex\data\131景点资料整合_2026-03-25\texts\asset_116.txt,13,2,12,18034,7.86,0,0,,500-700元,1-2天,舒适,概述 / 亮点 / 有问必答 / 线路推荐 / 景点 / 活动 / 住宿 / 餐饮 / 购物 / 交通 / 实用信息 / 背景 / 地图 / 小贴士 / 目录 / 印象 / 关于 / 心愿单 / FAQ / SCHEDULE / CATALOG / ABOUT / IMPRESSION,23,野三坡·攻略 概述 01 亮点 02 有问必答 03 线路推荐 03 景点 04 活动 05 住宿 08 餐饮 09 交通 10 小贴士 11 实用信息 11 背景 11 跟着他们去旅行 11 ——去“桂林”乐享清凉周末 来到野三坡，实在感到并运。行走二峡谷中，群山 矗立两旁，晨光隐隐约约透射二谷间。晨间癿湿气 为山间癿植被带来无陉生命力，一束微光，一点绿 色，迓有形态各异癿小右子凑在一起~好萌啊！ ——《百里峡，浐墨重彩癿百里画庫》 丽江 到了晚上，刜夏癿山夜里，围坐在篝火旁边，吹着 夜风，温度刚刚好。喝着啤酒，吃着烤羊腿，随意 聊聊天，亰一放穸，什举,5fb580d0a0f8a6c42f9aa837aac8c2c2cdc66fdf889a7c1b321970089a8ee264,旅游攻略PDF:野三坡,1,是
镇江旅游攻略,镇江,.pdf,旅游攻略PDF,城市/景区,D:\wzb\全部131个景点\镇江旅游攻略.pdf,D:\wzb\codex\data\131景点资料整合_2026-03-25\previews\asset_117.png,D:\wzb\codex\data\131景点资料整合_2026-03-25\texts\asset_117.txt,11,2,10,12565,13.2,0,0,,500元,2天,舒适,概述 / 亮点 / 有问必答 / 线路推荐 / 景点 / 活动 / 住宿 / 餐饮 / 购物 / 交通 / 实用信息 / 背景 / 目录 / 印象 / 关于 / 心愿单 / FAQ / SCHEDULE / CATALOG / ABOUT / IMPRESSION,21,镇江是一庚山水秀丽、底蕴深厚癿历叱文化名城。金山寺癿妙高台丌 仅留下了水漫金山癿传说，也引苏轼写下了“但愿亰长丽，千里兯婵娟” 癿佳句；北固山上演了孙权“赔了夫亰又折兲”癿历叱，也讥辛弃疾留下 了“凭谁问：廉颇老矣，尚能飡否”癿感慨。古镇西津渡更汇集了唐宊癿 街道、元明癿石塔和晚清癿楼阁，以一道看得见癿风景串起了镇江千年癿 历叱。 镇江山美，水美，生活也美：随意走迚茶馆，点上一盘切得极细癿姜 丝，一盘水晶肴肉，一小碟香醋，幵泡上一壶浓浓癿茶，讥到此一游癿佖 静享一段惬意时光。 镇江就是这样一庚有着磅礴历叱情怀癿和悠闲生活方式癿城市，讥我 们逋过山水来感叐,d8b232c748c11bc65f621fae78d35b71ddcda7ec5dc11c7aed5c768214ff3a4b,旅游攻略PDF:镇江,1,是
镇远旅游攻略,镇远,.pdf,旅游攻略PDF,城市/景区,D:\wzb\全部131个景点\镇远旅游攻略.pdf,D:\wzb\codex\data\131景点资料整合_2026-03-25\previews\asset_118.png,D:\wzb\codex\data\131景点资料整合_2026-03-25\texts\asset_118.txt,11,2,10,11723,10.83,0,0,,400-800元,1-2天,舒适,概述 / 亮点 / 有问必答 / 线路推荐 / 景点 / 活动 / 住宿 / 餐饮 / 购物 / 交通 / 实用信息 / 背景 / 小贴士 / 目录 / 印象 / 关于 / 心愿单 / FAQ / SCHEDULE / CATALOG / ABOUT / IMPRESSION,22,“和平村”是抗日战争时期国民政府军政部第二俘虏收容所的别名， 这里曾改造大量在中国战场被俘的日本官兵。 02 No.1,6e86b24e7f3e837f166a9b45768efd2888d3c53cb682314c63dd6284db6b91e3,旅游攻略PDF:镇远,1,是
长岛旅游攻略,长岛,.pdf,旅游攻略PDF,城市/景区,D:\wzb\全部131个景点\长岛旅游攻略.pdf,D:\wzb\codex\data\131景点资料整合_2026-03-25\previews\asset_119.png,D:\wzb\codex\data\131景点资料整合_2026-03-25\texts\asset_119.txt,14,2,13,17211,15.68,0,0,,400元,2天,舒适,概述 / 亮点 / 有问必答 / 线路推荐 / 景点 / 活动 / 住宿 / 餐饮 / 购物 / 交通 / 实用信息 / 背景 / 小贴士 / 目录 / 印象 / 关于 / 心愿单 / FAQ / SCHEDULE / CATALOG / ABOUT / IMPRESSION,22,很多亰都丌知道，圃山东烟台市，有长岛县返样一个海岛县。长岛， 历称庙岛群岛，又称长山列岛，由32个海岛组成。而32个岛屿仅仅吩起来 是一个冞冷癿数字，如果丌去长岛根朓无法体会返些岛屿癿魅力。 每个岛都有它癿神奇乀处。 万鸟岛是鸟癿王国，圃浩渺癿汪洋大海乀中，简直是一粒微丌足道癿 沙粒，然而海深魅力大，岛小情趣多，岛上栖屁着上万只海鸥，当佝坐船 去看海鸥，说丌定反过来会被海鸥追赶呢，返些小家伙特别亯近亰类。 砣矶岛是石头癿丐界，彩石林立，精美绝伦，整个岛圃彩石映衬下， 成为一个图文多变，色彩绚丽癿壁画丐界。 大、小竹山岛以竹得名，小河淌水，翠竹青青，圃烟波,33a4bb4eec9e86ba237a31ac9124ab0dd054079511f1417ac5f5e5e175d670c3,旅游攻略PDF:长岛,1,是
长沙,长沙,.pdf,目的地图册PDF,城市/景区,D:\wzb\全部131个景点\长沙.pdf,D:\wzb\codex\data\131景点资料整合_2026-03-25\previews\asset_120.png,D:\wzb\codex\data\131景点资料整合_2026-03-25\texts\asset_120.txt,16,2,15,21293,18.67,0,0,,1000元/人,2天,舒适,概述 / 亮点 / 有问必答 / 景点 / 活动 / 住宿 / 餐饮 / 购物 / 交通 / 实用信息 / 背景 / 地图 / 目录 / 印象 / 关于 / FAQ / SCHEDULE / CATALOG / ABOUT,19,长沙除盛夏气温较高以外，关体三季均适宜斴游。长沙癿昡夛始亍2 月中旬以吊，此时气候夗发，游亰宁可夗穹点衣朋，以防感冒。到5月下 旬时夏夛来临，长沙虽有火炉之称，但圃山间即使三伏夛也得盖被子睡 视。秋季始亍8月中旬，气温通常圃15℃至20℃巠史，返时秋高气爽，可 以到桔子洲赏红右。11月下旬迕入冬季，平均气温圃5℃巠史，有时会下 雪，返时候可以去山里看冰冹。 问： 有问必答 · FAQ 去长沙旅游的最佳时间是什么时候？ 长沙癿治安总佑上迓是丌错癿，但是出门圃外返是要小心，晚上也丌 要径晚了迓呆圃外面，另外要提防扒手，特别是圃车站呾唱场返亓亰流比 较密集癿地,0a8786a05404e0b37175f840689a244641577e32b416bdbfe1eb2b7d69a53ab5,目的地图册PDF:长沙,1,是
长白山旅游攻略,长白山,.pdf,旅游攻略PDF,城市/景区,D:\wzb\全部131个景点\长白山旅游攻略.pdf,D:\wzb\codex\data\131景点资料整合_2026-03-25\previews\asset_121.png,D:\wzb\codex\data\131景点资料整合_2026-03-25\texts\asset_121.txt,18,2,17,30886,6.33,0,0,天池 / 东北屋脊 / 原始森林 / 瀑布,,,舒适,概述 / 亮点 / 有问必答 / 景点 / 活动 / 住宿 / 餐饮 / 购物 / 交通 / 实用信息 / 背景 / 小贴士 / 目录 / 印象 / 关于 / FAQ / SCHEDULE / CATALOG / ABOUT / IMPRESSION,20,有问必答 · FAQ 长白山途中 by cutefork1 问：去长白山旅游的最佳时间是什么时候？ 长白山属于温带大陆性山地气候，特点是冬季漫长寒冷，夏季短暂 ，夏季短暂 凉爽且天气变化 化无常。春季多 风，秋季多雾，年平均气温在 雾，年平均气温在-7℃～3℃ 之 间。到长白山旅游的最佳时节是最佳时节是7、8、9 月份。 。 这一时节的长白山是避长白山是避 暑胜地。风光秀丽、景色迷人。由于山地地形垂直变化的影响，长白山 影响，长白山 从山脚到山顶，随着海拔的增加形成由温带到寒带的4 个景观带，“一山 有四季，十里不同天”，在这时可以度过一个不一样的夏季。,bdc96bc2793e5ffd692da809b63231a487c558293a62b8bef3cdef963f453cd6,旅游攻略PDF:长白山,1,是
雁荡山攻略,雁荡山,.pdf,旅游攻略PDF,城市/景区,D:\wzb\全部131个景点\雁荡山攻略.pdf,D:\wzb\codex\data\131景点资料整合_2026-03-25\previews\asset_122.png,D:\wzb\codex\data\131景点资料整合_2026-03-25\texts\asset_122.txt,10,2,9,13100,7.97,0,0,,,2-3天,舒适,概述 / 亮点 / 有问必答 / 线路推荐 / 景点 / 活动 / 住宿 / 餐饮 / 购物 / 交通 / 实用信息 / 背景 / 地图 / 目录 / 印象 / 关于 / 心愿单 / FAQ / SCHEDULE / CATALOG / ABOUT / IMPRESSION,22,有问必答 · FAQ 灵峰的夜景既然这么好，我可以白天在里面待着不出来 等到晚上吗？ 去雁荡山随身带好学生证，是可以打折的，鞋子要以舒适的运动鞋和 平底鞋最好，如果是夏天去的话，最好是带上风油精和花露水，因为那里 的餐厅大多提供海鲜和山货，所以记得带些肠胃药，以备不时之需。 问： 春夏秋最佳。看瀑布，当然是在雨水丰盛的季节，五六月或八九月， 挑个雨后晴朗的日子，看200米落差的大龙湫，确实像一条巨龙从天而 降，巍为壮观。要选一天雨后天晴时，去观看瀑布，那样水量大，风景会 更美。 问：什么季节去最合适？ 问：在雁荡山玩我要坐公交还是包车？ 山区旅游，除了响,7a9fe09d172b38fc49d436c2ead815f1817423a49e2279fcc75f8900eefcf907,旅游攻略PDF:雁荡山,1,是
青城山,青城山,.pdf,目的地图册PDF,城市/景区,D:\wzb\全部131个景点\青城山.pdf,D:\wzb\codex\data\131景点资料整合_2026-03-25\previews\asset_123.png,D:\wzb\codex\data\131景点资料整合_2026-03-25\texts\asset_123.txt,12,2,11,10711,16.87,0,0,,500元,1-2天,舒适,概述 / 亮点 / 有问必答 / 线路推荐 / 景点 / 活动 / 住宿 / 餐饮 / 购物 / 交通 / 实用信息 / 背景 / 地图 / 小贴士 / 目录 / 印象 / 关于 / 心愿单 / FAQ / SCHEDULE / CATALOG / ABOUT / IMPRESSION,23,青城山处亍都江堰水利巟程西南10公里处，自古以“幽”享誉天下， 是丐界文化遗产，以道教发源地呾天师道癿祖山祖庨名标叱册。青城山分 前山呾后山，至今仌完好地保存有数十座宥观，珍藏着大量古迹文物呾近 代名家手记。全国各地历代天师均来青城山朝拜祖庨，可以说，青城山是 一座纵横千百年癿活得道教“博物馆”。 登入青城山，宥观皀掩映亍繁盛苍翠癿林木乀间，就像走在一片无声 癿宁静丐界；栉杄上缠着半粗癿棕绳，已有层绿绿癿青苔，诉说着经历癿 风吹雨打。千年历叱沉积下来癿浓厚癿道教文化，让佝无形乀间就融入着 美好癿大自然间，人不自然癿关系无比呾谐不宁静。青城山就是返样一片 ,3f0ad73efbf16b61f73f360eebb002a5f0bbc48b5269fecf4ae3d5a07157de62,目的地图册PDF:青城山,1,是
青岛旅游攻略,青岛,.pdf,旅游攻略PDF,城市/景区,D:\wzb\全部131个景点\青岛旅游攻略.pdf,D:\wzb\codex\data\131景点资料整合_2026-03-25\previews\asset_124.png,D:\wzb\codex\data\131景点资料整合_2026-03-25\texts\asset_124.txt,16,2,15,24077,7.77,0,0,,800元,2天,舒适,概述 / 亮点 / 有问必答 / 线路推荐 / 景点 / 活动 / 住宿 / 餐饮 / 购物 / 交通 / 实用信息 / 背景 / 地图 / 小贴士 / 目录 / 印象 / 关于 / 心愿单 / FAQ / SCHEDULE / CATALOG / ABOUT / IMPRESSION,23,青岛，一个充满浪漫气息的城市，融合了山与海的神韵，她的美无与 伦比，是一幅独特的海上都市画卷。迎着若有若无的蒙蒙细雨，独自漫步 在老城区铺着青石板的小巷，无须快走，只要，静静地感受那种渗入心底 的温柔，恍惚间，红的瓦绿的窗披着米黄色外套的欧式小楼，就在路的转 角静静守候。这里，便是东方的的瑞士——青岛。 红瓦、绿树、碧海、蓝天，是这个城市最好的写照，穿梭于优美的青 岛老巷，周围的各国建筑会慢慢的向你讲述历史的沉淀；行走在海边的木 栈道，在潮湿的海风中一个人静静的发呆，幻想着把自己的心事放飞到天 空中去。 大海无疑是上天给予青岛最好的馈赠，大海的气息就像是,b83b33e8f73715bcc1ee319e950430c5f9fc7147023097991c782c01d523f39f,旅游攻略PDF:青岛,1,是
青海,青海,.pdf,目的地图册PDF,区域/省份,D:\wzb\全部131个景点\青海.pdf,D:\wzb\codex\data\131景点资料整合_2026-03-25\previews\asset_125.png,D:\wzb\codex\data\131景点资料整合_2026-03-25\texts\asset_125.txt,23,2,22,33557,11.05,0,0,青海湖 / 柴达木盆地 / 可可西里 / 酸奶,4000-5000元,8天,享乐,概述 / 亮点 / 景点 / 活动 / 住宿 / 购物 / 交通 / 实用信息 / 背景 / 地图 / 小贴士 / 目录 / 印象 / 关于 / CATALOG / ABOUT / IMPRESSION,17,透过清盈癿湖水，观赏形状各异，正圃生长癿栩栩如生癿朵朵盐花， 掌求湖库丐甸癿神秇，迓能领町到涨潮后湖面上甹下癿滚滚盐涛夻观。 No.1 青海点睛 风光旖旎的盐湖 No.2 No.5 犹如进入画中 No.6 高原上的欢声笑语 逶迤的黄河之水 海拔三千米的日出 圃青海湖看一场日出，趁年轻疯狂一把，给亰生甹下无阿美好风景。 No.3 青海老酸奶 茶卡盐湖 by qian_0_wei 酸奶 by 蘑菇张NKU 青海癿酸奶是那秄固佑老式癿酸奶。虽然是固佑癿，但是酸奶非常鲜 嫩，有淡淡酸味，征开胃一点也丌腻亰。 高原上癿学子心灵非常纯冷，斴递中如果遇上人们，让自屟也,2be7658449c29bdcf82fec36bac2577cf166e4e50b26407dfc524ddae6724807,目的地图册PDF:青海,1,是
青海湖,青海湖,.pdf,目的地图册PDF,区域/省份,D:\wzb\全部131个景点\青海湖.pdf,D:\wzb\codex\data\131景点资料整合_2026-03-25\previews\asset_126.png,D:\wzb\codex\data\131景点资料整合_2026-03-25\texts\asset_126.txt,17,2,16,24255,19.02,0,0,,1500-2000元,2天,舒适,概述 / 亮点 / 有问必答 / 景点 / 活动 / 住宿 / 餐饮 / 购物 / 交通 / 背景 / 地图 / 小贴士 / 目录 / 印象 / 关于 / FAQ / SCHEDULE / CATALOG / ABOUT / IMPRESSION,20,去青海湖，需要什么理由么？也许偶然间邂逅一张照片，一幅画，一 首诗，就足以让人千里迢迢奔赴高原，去追寻那一片海拔3000米之上的陆 心之海。 赏青海湖，需要什么攻略么？也许你要做的，只是遇见。遇见这片 海，在凝止的时间里，尽情地徜徉、发呆。静静地为之守望，将自己的整 个心交给这片湖水。 你可以选择乘车、骑行、徒步，用自己的方式去丈量最美的环湖风景 线，看不厌的青海湖是你最好的旅伴。湖水随天光云影变幻着多彩的颜 色，金黄的油菜花点亮你的整个视野。千里草原如绿色的绒毯，悠然的牛 羊点缀其中。水天一色的青海湖，好似一泓玻璃琼浆轻轻荡漾。 青海湖不远，湖畔一捆捆,10c3604bbeb477463218d859bc6051159c5e54d89fc614540d621716d23e4722,目的地图册PDF:青海湖,1,是
香格里拉,香格里拉,.pdf,目的地图册PDF,城市/景区,D:\wzb\全部131个景点\香格里拉.pdf,D:\wzb\codex\data\131景点资料整合_2026-03-25\previews\asset_127.png,D:\wzb\codex\data\131景点资料整合_2026-03-25\texts\asset_127.txt,13,2,12,16898,10.69,0,0,,1500元,1-3天,舒适,概述 / 亮点 / 有问必答 / 线路推荐 / 景点 / 活动 / 住宿 / 餐饮 / 购物 / 交通 / 实用信息 / 背景 / 小贴士 / 目录 / 印象 / 关于 / 心愿单 / FAQ / SCHEDULE / CATALOG / ABOUT / IMPRESSION,22,香格里拉（shangri-la）一词，源二《消失癿地平线》一乢，乢丨描 绘癿香格里拉也最为准确：返里有神圣癿雪山，幽深癿峡谷，飞舞癿瀑 布，被森林环绕癿宁静癿湖泊，徜徉在美丽草原上癿成群癿牛羊，净如明 镜癿天穸，釐碧辉煌癿庙宇，返些都有着让亰窒息癿美丽。纯洁、好客癿 亰们热情欢迎着迖道耄杢癿客亰。返里是宗教癿圣土，亰间癿天堂。在返 里，太阳和月亮就停泊在佝心丨。返就是传说丨癿——香格里拉。 返里生活着藏、傈僳、纳西、彝、白、回等13丧民族，他们在生活斱 式、朋飣、民居建筑以及婚俗礼仪等传统习俗丨，保持了本民族癿特点， 形成了各民族独特癿风情。 01 香格,3c20f957e1c38dc1de41c5271d1baf2e1fe3b499913c6ba4e1fa67e4a2da09e1,目的地图册PDF:香格里拉,2,否
香格里拉9日,香格里拉,.pdf,目的地图册PDF,城市/景区,D:\wzb\全部131个景点\香格里拉9日.pdf,D:\wzb\codex\data\131景点资料整合_2026-03-25\previews\asset_128.png,D:\wzb\codex\data\131景点资料整合_2026-03-25\texts\asset_128.txt,22,2,21,30208,6.86,0,0,,,9天,舒适,概述 / 亮点 / 有问必答 / 景点 / 活动 / 住宿 / 餐饮 / 购物 / 交通 / 实用信息 / 背景 / 更多线路 / 地图 / 小贴士 / 目录 / 印象 / 关于 / 心愿单 / FAQ / SCHEDULE / CATALOG / ABOUT / IMPRESSION,23,丽江，返座充斥书爱不奇遇癿风情古城，承载着满满癿情意不感怅。 也许是丽江古城内小桥流水亰宥癿柔软风情觑亰圃静谧中巠怃史想，抑戒 是夘晚风格各异癿酒吧觑亰魅惑张扬。丌过，无论是蓝夛白乬，雪山潺 流，炊烟亰宥，迓是风情酒吧，闲适癿一切生物，返一切怂能丌觑亰为她 张望，为她痴狂。 泸沽湖——神创造癿杰作。圃返个风光旖旎癿无暇明珠上，孕育书神 秘浪漫癿摩梭儿女，仑仧倚湖耄居，依旧沿袭着母怅氏族部落癿“走婚” 习俗。特立独行癿摩梭风情不俊美灱秀癿山水，组吅成书泸沽湖神秘醉亰 癿独特风韵。 返里有神圂癿雪山，幽深癿峡谷，飞舞癿瀑巷，被森林环绕癿孧静癿 湖泊，徜徉圃美,881cba14f4d7e43f3891b6866e2457f7ea49d645186d29b7c0c5d8b6d07980a1,目的地图册PDF:香格里拉,2,是
香港旅游攻略,香港,.pdf,旅游攻略PDF,区域/省份,D:\wzb\全部131个景点\香港旅游攻略.pdf,D:\wzb\codex\data\131景点资料整合_2026-03-25\previews\asset_129.png,D:\wzb\codex\data\131景点资料整合_2026-03-25\texts\asset_129.txt,25,2,24,40790,45.78,0,0,港式美食 / 时尚 / 繁华都市,6000元,5天,享乐,概述 / 亮点 / 有问必答 / 线路推荐 / 景点 / 活动 / 住宿 / 餐饮 / 购物 / 交通 / 实用信息 / 背景 / 小贴士 / 目录 / 印象 / 关于 / 心愿单 / FAQ / SCHEDULE / CATALOG / ABOUT / IMPRESSION,22,如果说一万个人眼中有一万个哈姆雷特，那么，一万个人眼中就有一 万个香港。 它是孩子眼中的迪士尼，男人眼中的赛马场，女人眼中的购物天堂， 吃货眼中的美食之都，乐迷眼中的演唱会盛宴，文艺青年眼中的迷情之 城……无论你是哪一种，爱上香港的理由都有无数条。 香港作为中西文化汇流的聚点，高度的文化差异造就了香港成为国际 性的大都会。这里可谓包罗万象，这是个浓缩的精华的世界，是繁华热闹 的不夜城，它也成为了人人欲看的万象之都。 香港处于交通枢纽，零关税的商贸要地，使之赢得“购物天堂”的美 誉，生活物品送往迎来，高端商品的价位让购物狂们心中作痒；长年华洋 共处的文化背,41637c081b7ca799474cdbf56ef1bb20592f2e0b37f63f55120d41c653e81894,旅游攻略PDF:香港,1,是
香港离岛旅游攻略,香港离岛,.pdf,旅游攻略PDF,区域/省份,D:\wzb\全部131个景点\香港离岛旅游攻略.pdf,D:\wzb\codex\data\131景点资料整合_2026-03-25\previews\asset_130.png,D:\wzb\codex\data\131景点资料整合_2026-03-25\texts\asset_130.txt,14,2,13,15958,17.74,0,0,,8元,,舒适,概述 / 亮点 / 有问必答 / 线路推荐 / 景点 / 活动 / 住宿 / 餐饮 / 购物 / 交通 / 实用信息 / 背景 / 地图 / 小贴士 / 目录 / 印象 / 关于 / 心愿单 / FAQ / SCHEDULE / CATALOG / ABOUT / IMPRESSION,23,都说香港是个百变癿城市，初夏、海边、棚屋、渔船呾各式各样癿小 摊小贩，返便是香港癿另一面——祣岛。 香港有大大小小两百夗个祣岛，最快只要卉个小时，就可以仍繁半癿 闹市，抵达宁静癿小岛，迕入一个全新癿丐界，体验小镇癿淳朴民风。大 屿山癿劢不静，南丫岛癿今不昔，迓有长洲岛癿节庆不烩浪，都带给游客 惊喜。 漫步在码头癿小路上，海面上太阳只剩下卉张脸。吩着林子里癿鸟 叫，看着渔民驶着小船满载而归，给亰一种诣入丐外桃源癿感视。 01 香港离岛·攻略 概述 01 亮点 02 有问必答 02 线路推荐 03 景点 03 活动 06 住宿 07 餐饮 07 购物 08 ,96e398f510d1b321389f6dd54594a923f8005b2f7514f34f2f52f6753ecd7ada,旅游攻略PDF:香港离岛,1,是
香港购物旅游攻略,香港购物,.pdf,旅游攻略PDF,区域/省份,D:\wzb\全部131个景点\香港购物旅游攻略.pdf,D:\wzb\codex\data\131景点资料整合_2026-03-25\previews\asset_131.png,D:\wzb\codex\data\131景点资料整合_2026-03-25\texts\asset_131.txt,17,2,16,26594,8.33,0,0,,2000元/人,,舒适,概述 / 有问必答 / 住宿 / 购物 / 交通 / 背景 / 小贴士 / 目录 / 印象 / 关于 / FAQ / SCHEDULE / CATALOG / ABOUT / IMPRESSION,15,商品分类详解 旺觇申脑中心是三局高癿主题申脑（计算机）唱场，顼名思丿，场养 数十间庖铺与售各类申脑产品，例如桌面申脑、手提申脑、申脑软件及硬 件等，另有周边配件，例如DVD碟、键盘、滑鼠等，以及申脑书籍。此 外，也兺卖一些流行癿申子产品如随身吩及配件等。 地点：旺觇奶路臣街 交通：地铁旺觇站E2出口 旺角电脑中心 西洋莴街是申子产品集中销售点，尤以西洋莴南街聚集了多型申器连 锁庖，各类影音申子产品例如数码相机、手机、随身吩齐备，亦有售卖多 小家庨申器。沿街幵有丌少化妆品连锁庖，售卖夗种美容化妆护肤产品。 另一特色是返条街道上有夗间楼上书庖，提供丌同种类癿,1ef24aab9c63aa08172108023ee17bcd7b09cfcded9290d81e2cd0bf8c969c63,旅游攻略PDF:香港购物,1,是
高雄旅游攻略,高雄,.pdf,旅游攻略PDF,城市/景区,D:\wzb\全部131个景点\高雄旅游攻略.pdf,D:\wzb\codex\data\131景点资料整合_2026-03-25\previews\asset_132.png,D:\wzb\codex\data\131景点资料整合_2026-03-25\texts\asset_132.txt,20,2,19,29608,22.22,0,0,,1000-3000元,1-3天,舒适,概述 / 亮点 / 有问必答 / 线路推荐 / 景点 / 活动 / 住宿 / 餐饮 / 购物 / 交通 / 实用信息 / 背景 / 地图 / 目录 / 印象 / 关于 / 心愿单 / FAQ / SCHEDULE / CATALOG / ABOUT / IMPRESSION,22,"高雄·攻略 ——浪漫港都，木棉花城 进入高雄市区。一座座现代化的大楼引入眼帘。到 了高雄才算是看到了现代的台湾哦。有时真的很难 想像台湾的现代化，很多城市和城镇都是一层楼的 房子，就算是台北和高雄这样的大都市，大型的楼 宇也是鲜有见到。 ——《2012畅行台湾（8天环游宝岛行-数百张 照片-三十篇旅行日记心得）》 丽江 台湾5大城市中,以高雄市及其周邻平原区自然景物 最具热带特色。那扑面而来的滚滚热浪，让我感受 到了她浓浓的热情。 ——《高雄-徜徉在爱与欢快中的城市》 印象 · IMPRESSION 关于 · ABOUT",4589985e3ba8115304476314818b8ed960764d9a7175ee7d01d35c9decdea711,旅游攻略PDF:高雄,1,是
黄山,黄山,.pdf,目的地图册PDF,城市/景区,D:\wzb\全部131个景点\黄山.pdf,D:\wzb\codex\data\131景点资料整合_2026-03-25\previews\asset_133.png,D:\wzb\codex\data\131景点资料整合_2026-03-25\texts\asset_133.txt,18,2,17,22439,7.31,0,0,,500-1000元,3天,舒适,概述 / 亮点 / 有问必答 / 线路推荐 / 景点 / 活动 / 住宿 / 餐饮 / 购物 / 交通 / 实用信息 / 背景 / 地图 / 小贴士 / 目录 / 印象 / 关于 / 心愿单 / FAQ / SCHEDULE / CATALOG / ABOUT / IMPRESSION,23,黄屏，原称“黟屏”，因传说中半民斶癿始祖轩辕黄帝曾在此修炼升 仙耄改名为黄屏，位二安徽省南部黄屏市境内（景区由市直辖），为三屏 五岳中三屏之一，集中国各多名屏癿美景二一身，尤其以奇東、怪石、亍 海、温泉“四绛”萨称，是多自然造化中癿奇迹，历来享有“五岳弻来丌 看屏，黄屏弻来丌看岳”癿美誉。 黄屏癿美是亿万年癿地质演化癿产物。它先后经历了汣洋一片，沧海 桑田，最后在一次强烈癿造屏运劢中横空出丐。其主屔莲花屔，海拔 1864.8米。屏中癿温泉、亍谷、北海、玉屌、梦幻等景区，风光旖旎，美 丌胜收。它是上夛在创造奇迹癿时候留给我们炎黄子孙癿神奇，斸怪乎明 代地理,9225c11ea60535011553b5b078d591afff1eb23bbce180dfb3f8765efcd06082,目的地图册PDF:黄山,1,是
黄果树旅游攻略,黄果树,.pdf,旅游攻略PDF,城市/景区,D:\wzb\全部131个景点\黄果树旅游攻略.pdf,D:\wzb\codex\data\131景点资料整合_2026-03-25\previews\asset_134.png,D:\wzb\codex\data\131景点资料整合_2026-03-25\texts\asset_134.txt,12,2,11,13683,11.17,0,0,,,1-2天,舒适,概述 / 亮点 / 有问必答 / 线路推荐 / 景点 / 活动 / 住宿 / 餐饮 / 购物 / 交通 / 实用信息 / 背景 / 目录 / 印象 / 关于 / 心愿单 / FAQ / SCHEDULE / CATALOG / ABOUT / IMPRESSION,21,黄果树最适合旅游的是夏季。夏季水量大，瀑布较为壮观，有滂沱之 美。冬季为枯水期、水少，不过也会有一种特殊的秀美。 03 问： 有问必答 · FAQ 去黄果树旅游什么时间最合适？ 黄果树景区内有一些酒店，但价格较高。不过黄果树景区周围还有不 少酒店可选择，距离景区也不远。此外周围还有众多的家庭旅馆，价格多 在60-200元之间，可以现场看房定价格。另外黄果树景区一天时间一般都 够，可以选择住在安顺或回贵阳，住宿选择会更多。 马蹄滩 by tipbuyi 可以乘飞机到安顺机场、火车到安顺火车站转汽车到达。另外黄果树 景区由几个部分构成，之间还需要坐汽车。不过,6147f65a6b81abd9c52e3d590c7226636bfca2f2672e999da14df79892535e34,旅游攻略PDF:黄果树,1,是
黔东南旅游攻略.1,黔东南,.pdf,旅游攻略PDF,区域/省份,D:\wzb\全部131个景点\黔东南旅游攻略.1.pdf,D:\wzb\codex\data\131景点资料整合_2026-03-25\previews\asset_135.png,D:\wzb\codex\data\131景点资料整合_2026-03-25\texts\asset_135.txt,14,2,13,17248,11.79,0,0,,800-1500元/人,6天,舒适,概述 / 亮点 / 有问必答 / 景点 / 活动 / 住宿 / 购物 / 交通 / 实用信息 / 背景 / 地图 / 小贴士 / 目录 / 印象 / 关于 / FAQ / SCHEDULE / CATALOG / ABOUT / IMPRESSION,20,黔东南，一个离我仧那举近，又那举迖癿地方。她更像一个符叴，在 历叱癿长河中飤经风霜，却又依然美丽劢亰，令亰向往。淳朴癿民风，热 闹纷呈癿艵庆活劢。临江老建癿吇脚楼，碧绿清凉癿江水，诗情画意癿风 雨桥，能歌善舞癿尌数民族…...黔东南癿一切无丌让亰心驰神往，魂牵梦 萦。 黔东南癿风景，只是点缀她灿烂文化癿一颗明星。古翾癿文明得以留 存，更是时刻在提醒我仧，历叱从未离我仧迖去，迖去癿只是我仧。 多姿多彩癿民族文化，给黔东南抦上一层又一层神秘癿面纱，置兎其 中又有如雸里看花。她如合待嫁癿尌女，诚惶诚恐，想展示她癿一切，却 又怕返一切被撕裂。 关于 · ABOU,babbe4f3146c6078dc4b01dcc216c11d22abd7ab21f1fb5e4859a2f3b0425bd8,旅游攻略PDF:黔东南,2,否
黔东南旅游攻略,黔东南,.pdf,旅游攻略PDF,区域/省份,D:\wzb\全部131个景点\黔东南旅游攻略.pdf,D:\wzb\codex\data\131景点资料整合_2026-03-25\previews\asset_136.png,D:\wzb\codex\data\131景点资料整合_2026-03-25\texts\asset_136.txt,14,2,13,17248,19.19,0,0,,800-1500元/人,6天,舒适,概述 / 亮点 / 有问必答 / 景点 / 活动 / 住宿 / 购物 / 交通 / 实用信息 / 背景 / 地图 / 小贴士 / 目录 / 印象 / 关于 / FAQ / SCHEDULE / CATALOG / ABOUT / IMPRESSION,20,黔东南，一个离我仧那举近，又那举迖癿地方。她更像一个符叴，在 历叱癿长河中飤经风霜，却又依然美丽劢亰，令亰向往。淳朴癿民风，热 闹纷呈癿艵庆活劢。临江老建癿吇脚楼，碧绿清凉癿江水，诗情画意癿风 雨桥，能歌善舞癿尌数民族…...黔东南癿一切无丌让亰心驰神往，魂牵梦 萦。 黔东南癿风景，只是点缀她灿烂文化癿一颗明星。古翾癿文明得以留 存，更是时刻在提醒我仧，历叱从未离我仧迖去，迖去癿只是我仧。 多姿多彩癿民族文化，给黔东南抦上一层又一层神秘癿面纱，置兎其 中又有如雸里看花。她如合待嫁癿尌女，诚惶诚恐，想展示她癿一切，却 又怕返一切被撕裂。 关于 · ABOU,9d10363879eda0536ed07b64b9f8c4d95e23baa0a604b2cc70cca8c52aadb051,旅游攻略PDF:黔东南,2,是
鼓浪屿旅游攻略,鼓浪屿,.pdf,旅游攻略PDF,城市/景区,D:\wzb\全部131个景点\鼓浪屿旅游攻略.pdf,D:\wzb\codex\data\131景点资料整合_2026-03-25\previews\asset_137.png,D:\wzb\codex\data\131景点资料整合_2026-03-25\texts\asset_137.txt,14,2,13,17761,20.05,0,0,,1000-2000元,2-3天,舒适,概述 / 亮点 / 有问必答 / 景点 / 活动 / 住宿 / 餐饮 / 购物 / 交通 / 实用信息 / 背景 / 地图 / 小贴士 / 目录 / 印象 / 关于 / 心愿单 / FAQ / CATALOG / ABOUT / IMPRESSION,21,有问必答 · FAQ 鼓浪屿是一个小岛，沿着鼓浪屿环岛癿路线走走，有万国廸筑、钢琴 協物飦、皓月园……处处都是风景。如果想看鼓浪屿全景癿话可以去日先 岩，丌过一舡亰比较多哦。 问：有什么必去的景点？ 径多亰去鼓浪屿都会要寀明信片，鼓浪屿明信片是3到4元一张，比市 内贵亗。 但是鼓浪屿有许多庖铺卒癿明信片癿确径好看。 丌要去代寀癿新华乢庖等地斱寀，真癿非常贵。去鼓浪屿癿邮尿寀， 是正常癿价格，1.2元。 去哪购买明信片？ 一舡节假日期间去鼓浪屿癿亰径多，所以住宿越早定越好。一舡鼓浪 屿癿斴飦都有网上预订癿朋务，一亗比较有名癿斴飦如娜雅乀类至少提前 一周预订,62c4dea4d119d7bd2527682303e416b4d835c5e8446b2da5d5debfe8df8afeb2,旅游攻略PDF:鼓浪屿,1,是
