平台,来源文件,主题,搜索词,标题,作者,作者主页,笔记发布时间原文,笔记发布时间,抓取日期,点赞数原文,点赞数,搜索结果链接,帖子详情页链接,封面链接地址,记录哈希,去重键,标题是否缺失,详情链接是否缺失
小红书,小红书-东三省旅游景区.json,东三省旅游景区,东北旅游景点,看来哈尔滨文旅已经和所有动物谈拢了,驭行纪Travel,https://www.xiaohongshu.com/user/profile/660bb32b000000000b00deb4?channel_type=web_search_result_notes&parent_page_channel_type=web_profile_board&xsec_token=ABA5SSmlIzB7g-_fyzNRR4hwiEQYcUe0g4OQWkRNCKjnU=&xsec_source=pc_search,2024-12-23,2024-12-23,2026-03-25,42.9万,429000,https://www.xiaohongshu.com/search_result?keyword=%25E4%25B8%259C%25E5%258C%2597%25E6%2597%2585%25E6%25B8%25B8%25E6%2599%25AF%25E7%2582%25B9&source=web_explore_feed,https://www.xiaohongshu.com/search_result/6768e234000000000900da2a?xsec_token=ABALDNi-n7m_6mur6DVCN4L7NR8RZwmj9UtfWZkXvEeQw=&xsec_source=,https://sns-webpic-qc.xhscdn.com/202603251952/6b75ea436926928795f6ee331c78a36e/spectrum/1040g0k031bo3raeeh2005pgbmclipnlkbt2upg8!nc_n_webp_mw_1,06f4b578e34a4c3057d379cc917a972a8cb9b39def5ca0b97431730738178c53,https://www.xiaohongshu.com/search_result/6768e234000000000900da2a?xsec_token=ABALDNi-n7m_6mur6DVCN4L7NR8RZwmj9UtfWZkXvEeQw=&xsec_source=,否,否
小红书,小红书-云南旅游景区.json,云南旅游景区,云南旅游景点,在昆明七彩云南欢乐世界，用宣传片换门票,小陈开拍,https://www.xiaohongshu.com/user/profile/607548820000000001000585?channel_type=web_search_result_notes&parent_page_channel_type=web_profile_board&xsec_token=ABYuddCeahER7Ld4TQKK1GYJTqEA4aLFbFwCr10p9pgNM=&xsec_source=pc_search,02-22,2026-02-22,2026-03-25,41.2万,412000,https://www.xiaohongshu.com/search_result?keyword=%25E4%25BA%2591%25E5%258D%2597%25E6%2597%2585%25E6%25B8%25B8%25E6%2599%25AF%25E7%2582%25B9&source=web_explore_feed,https://www.xiaohongshu.com/search_result/6999c063000000001a02e9f1?xsec_token=ABBaz75lFOUF6QrfJo6WJiYsMRjwbS8hGFo-2-SZBwG-c=&xsec_source=,https://sns-webpic-qc.xhscdn.com/202603251947/79a42687c8357bd42216881922acb721/1040g00831srqr4h8lm005o3l921081c5r7qg2gg!nc_n_webp_mw_1,3ba40c1cd4c8e6dcf3062deaeea6415444f3a2586da775def1bbea52e9343ad7,https://www.xiaohongshu.com/search_result/6999c063000000001a02e9f1?xsec_token=ABBaz75lFOUF6QrfJo6WJiYsMRjwbS8hGFo-2-SZBwG-c=&xsec_source=,否,否
小红书,小红书-全国旅游景区1.json,全国旅游景区1,全国5A级景区,5A是景区的上限，不是九寨沟的上限,飞天小娱警,https://www.xiaohongshu.com/user/profile/63f71352000000000f011a47?channel_type=web_search_result_notes&parent_page_channel_type=web_profile_board&xsec_token=ABl4wL86QYiMqPAlUvIbdw-SgHVyVAzFvKKFOd6aOKEsU=&xsec_source=pc_search,2025-05-08,2025-05-08,2026-03-25,11.4万,114000,https://www.xiaohongshu.com/search_result?keyword=%25E5%2585%25A8%25E5%259B%25BD5A%25E7%25BA%25A7%25E6%2599%25AF%25E5%258C%25BA&source=web_explore_feed,https://www.xiaohongshu.com/search_result/681b8dc30000000023016351?xsec_token=ABikx15UfMmfS9BI2DdCfrVYx2138l7y_piTfOAvukqa8=&xsec_source=,https://sns-webpic-qc.xhscdn.com/202603251933/fdaf5f40b630ce9a2b18eb4567ab4c60/spectrum/1040g34o31h6j8elij83g5ovn2d93q6i74ocaui8!nc_n_webp_mw_1,c08c6057f7949e4b3a88a6bd7872f0f7a0675e4afd20cf8a4c5924df41767588,https://www.xiaohongshu.com/search_result/681b8dc30000000023016351?xsec_token=ABikx15UfMmfS9BI2DdCfrVYx2138l7y_piTfOAvukqa8=&xsec_source=,否,否
小红书,小红书-新疆旅游景区.json,新疆旅游景区,新疆旅游景点,,小宇睡不着,https://www.xiaohongshu.com/user/profile/62ddfc43000000001e01d5c0?channel_type=web_search_result_notes&parent_page_channel_type=web_profile_board&xsec_token=AB_P8ZMdzGNfbIKR54T62g2_VjfiEyNXx0HpZW3W6X3WU=&xsec_source=pc_search,2025-04-16,2025-04-16,2026-03-25,7.7万,77000,https://www.xiaohongshu.com/search_result?keyword=%25E6%2596%25B0%25E7%2596%2586%25E6%2597%2585%25E6%25B8%25B8%25E6%2599%25AF%25E7%2582%25B9&source=web_explore_feed,https://www.xiaohongshu.com/search_result/67e7fa48000000001d03ae83?xsec_token=AB6L3caqi9RMIq0uVXg5UgaGIOyKUCdQdGDeu8CKlRCjk=&xsec_source=,https://sns-webpic-qc.xhscdn.com/202603251946/9c3b6974d8d6c78fb322959d3e6515e3/1040g2sg31fk7h84l04005omtvh1njle03354tkg!nc_n_webp_mw_1,e8349655b281be496b715d66475fb6ce09d1701fb1efceef0d47dec2167c77eb,https://www.xiaohongshu.com/search_result/67e7fa48000000001d03ae83?xsec_token=AB6L3caqi9RMIq0uVXg5UgaGIOyKUCdQdGDeu8CKlRCjk=&xsec_source=,是,否
小红书,小红书-东三省旅游景区.json,东三省旅游景区,东北旅游景点,消费降级后照样能旅行-极限吃遍哈尔滨,一朵金花,https://www.xiaohongshu.com/user/profile/5cf0d92100000000160114cd?channel_type=web_search_result_notes&parent_page_channel_type=web_profile_board&xsec_token=AB8X0QIOv4gsQifSgP5NixFrQzPSjaMVhKVcZ3hNJJjgU=&xsec_source=pc_search,2025-12-12,2025-12-12,2026-03-25,6.1万,61000,https://www.xiaohongshu.com/search_result?keyword=%25E4%25B8%259C%25E5%258C%2597%25E6%2597%2585%25E6%25B8%25B8%25E6%2599%25AF%25E7%2582%25B9&source=web_explore_feed,https://www.xiaohongshu.com/search_result/67271504000000001b013baa?xsec_token=ABKxUQtLnnVXpQUVvk8_Rvh0bWak-kk7_qRXH32CAQPEc=&xsec_source=,https://sns-webpic-qc.xhscdn.com/202603251952/8e36622b9fa608bbd47e4c464eef682d/spectrum/1040g34o319nrhdcimu0g5n7gr4gli56dr73nan8!nc_n_webp_mw_1,3685d0e06a70647bdc7819a29f014b60a05e05c631cc0a5edede82edd15f6032,https://www.xiaohongshu.com/search_result/67271504000000001b013baa?xsec_token=ABKxUQtLnnVXpQUVvk8_Rvh0bWak-kk7_qRXH32CAQPEc=&xsec_source=,否,否
小红书,小红书-东三省旅游景区.json,东三省旅游景区,东北旅游景点,这才是去东北旅游该做的攻略。,阿丞带你去旅行,https://www.xiaohongshu.com/user/profile/643385d8000000001400d18f?channel_type=web_search_result_notes&parent_page_channel_type=web_profile_board&xsec_token=ABxp4otVSmf6dAbVWGFLsJjFXrN1ElUcNzn2z50Tyxjcc=&xsec_source=pc_search,01-17,2026-01-17,2026-03-25,5.5万,55000,https://www.xiaohongshu.com/search_result?keyword=%25E4%25B8%259C%25E5%258C%2597%25E6%2597%2585%25E6%25B8%25B8%25E6%2599%25AF%25E7%2582%25B9&source=web_explore_feed,https://www.xiaohongshu.com/search_result/696b58e3000000000a02b5d1?xsec_token=ABS601Fd5QEguqItnsqCkRvehjoxHjbrjRywDCMqfIBy8=&xsec_source=,https://sns-webpic-qc.xhscdn.com/202603251952/60ba89cdf88ea15eb9b974562e22ffc4/spectrum/1040g34o31regiec66ueg5p1jgnc51kcfpekn2d0!nc_n_webp_mw_1,911af0ae133865cd62d46f0325fcca92e15f29d9304b289d3e02df56baaee3aa,https://www.xiaohongshu.com/search_result/696b58e3000000000a02b5d1?xsec_token=ABS601Fd5QEguqItnsqCkRvehjoxHjbrjRywDCMqfIBy8=&xsec_source=,否,否
小红书,小红书-新疆5A旅游景区.json,新疆5A旅游景区,新疆5A级景区,无滤镜实况下的新疆,羲嘎,https://www.xiaohongshu.com/user/profile/5c0eb1840000000005015cad?channel_type=web_search_result_notes&parent_page_channel_type=web_profile_board&xsec_token=AB03Hj1SS3iwcDjN2MOrcDeKeZQZaf20CWj6_pJbtRkzI=&xsec_source=pc_search,03-16,2026-03-16,2026-03-25,5.3万,53000,https://www.xiaohongshu.com/search_result?keyword=%25E6%2596%25B0%25E7%2596%25865A%25E7%25BA%25A7%25E6%2599%25AF%25E5%258C%25BA&source=web_explore_feed,https://www.xiaohongshu.com/search_result/69b2e8f2000000000503109a?xsec_token=AB2CfFqaYiQohWioVuou-0LAWn2nT8oYVWYS3aOfm46Kw=&xsec_source=,https://sns-webpic-qc.xhscdn.com/202603251943/9e2c9e83499a4aaa6f2cd2aec0808e2d/notes_uhdr/1040g3qg31tkd5l14n8004buvhaoo8n5dpicddbo!nc_n_webp_mw_1,7a8b6eb68004ea568a2a951f8e422177f2fcbfbf524c38de17f3496a742ed6d8,https://www.xiaohongshu.com/search_result/69b2e8f2000000000503109a?xsec_token=AB2CfFqaYiQohWioVuou-0LAWn2nT8oYVWYS3aOfm46Kw=&xsec_source=,否,否
小红书,小红书-新疆5A旅游景区.json,新疆5A旅游景区,新疆5A级景区,“答应我，今年的春天留给新疆好吗……”,涛涛在路上,https://www.xiaohongshu.com/user/profile/5fee738400000000010087f0?channel_type=web_search_result_notes&parent_page_channel_type=web_profile_board&xsec_token=AB02w3vfAHcguSlh2Mq3fux3X4F5MmHVqYFVbLLUKhUc8=&xsec_source=pc_search,1天前,2026-03-24,2026-03-25,4.9万,49000,https://www.xiaohongshu.com/search_result?keyword=%25E6%2596%25B0%25E7%2596%25865A%25E7%25BA%25A7%25E6%2599%25AF%25E5%258C%25BA&source=web_explore_feed,https://www.xiaohongshu.com/search_result/69abf6f80000000015039831?xsec_token=ABKnZ0VX7FR56NBc46AvZI5kfd3u4WS6xcvvlfkIulbuQ=&xsec_source=,https://sns-webpic-qc.xhscdn.com/202603251943/2f063f772e91013acd3af94c6df46ef4/1040g00831tdk2agc62005nveee2091vgooajf6o!nc_n_webp_mw_1,99adefd250889fa59de5f9a5a760e88f8f1ac84554aae603569ff9320db3344e,https://www.xiaohongshu.com/search_result/69abf6f80000000015039831?xsec_token=ABKnZ0VX7FR56NBc46AvZI5kfd3u4WS6xcvvlfkIulbuQ=&xsec_source=,否,否
小红书,小红书-云南旅游景区.json,云南旅游景区,云南旅游景点,腾冲好适合吃吃喝喝的躺平式旅游,一条大肥鹅,https://www.xiaohongshu.com/user/profile/5943db4150c4b46ae56c4208?channel_type=web_search_result_notes&parent_page_channel_type=web_profile_board&xsec_token=AB_fV6ezxQLwwExX8En6gi0uzx8Ey5PgRlz3FYH7WRlmE=&xsec_source=pc_search,2025-08-04,2025-08-04,2026-03-25,4.9万,49000,https://www.xiaohongshu.com/search_result?keyword=%25E4%25BA%2591%25E5%258D%2597%25E6%2597%2585%25E6%25B8%25B8%25E6%2599%25AF%25E7%2582%25B9&source=web_explore_feed,https://www.xiaohongshu.com/search_result/688f2020000000002302c55f?xsec_token=ABGfcyWk2KDrhbzEq4p4wFRviPxl2AywKQvQp0dAXEEN4=&xsec_source=,https://sns-webpic-qc.xhscdn.com/202603251947/63d1ccf86aa6f873b39c09cd5f76fddf/1040g00831knesd1ij40049k9sgdk2gg8ohfcm8o!nc_n_webp_mw_1,6c215503a6831c282cd17dc52a6582600b0a1d43c0368bd95551a12850bf1870,https://www.xiaohongshu.com/search_result/688f2020000000002302c55f?xsec_token=ABGfcyWk2KDrhbzEq4p4wFRviPxl2AywKQvQp0dAXEEN4=&xsec_source=,否,否
小红书,小红书-东三省旅游景区.json,东三省旅游景区,东北旅游景点,#长白山,长白山跑山人,https://www.xiaohongshu.com/user/profile/5e18e51a0000000001007e07?channel_type=web_search_result_notes&parent_page_channel_type=web_profile_board&xsec_token=ABRPFkM8rYBAcApnlhqD3wcV-oaNdhOaSNz_9mreI1t-Q=&xsec_source=pc_search,2025-05-28,2025-05-28,2026-03-25,3.4万,34000,https://www.xiaohongshu.com/search_result?keyword=%25E4%25B8%259C%25E5%258C%2597%25E6%2597%2585%25E6%25B8%25B8%25E6%2599%25AF%25E7%2582%25B9&source=web_explore_feed,https://www.xiaohongshu.com/search_result/68367f51000000000303b20c?xsec_token=ABfgJJVfTPNkQAr84M0HS8q3AalO8YX4DxrlagHob3vi8=&xsec_source=,https://sns-webpic-qc.xhscdn.com/202603251952/f72fa1c99e311b1ae3c318e2bf62581e/spectrum/1040g0k031i0t4ikn6k005ngoskd08vg702i9up8!nc_n_webp_mw_1,9da21a27464f5fd80848c90a767f52dce71751c589e7b718fc9b247ad7190f7d,https://www.xiaohongshu.com/search_result/68367f51000000000303b20c?xsec_token=ABfgJJVfTPNkQAr84M0HS8q3AalO8YX4DxrlagHob3vi8=&xsec_source=,否,否
小红书,小红书-新疆旅游景区.json,新疆旅游景区,新疆旅游景点,,TUTU旅行,https://www.xiaohongshu.com/user/profile/6119c642000000002002faf9?channel_type=web_search_result_notes&parent_page_channel_type=web_profile_board&xsec_token=ABHA99D6caIEz1kwdxIzU3t4oESJkKsXirjz5u4hOeUf8=&xsec_source=pc_search,2025-01-17,2025-01-17,2026-03-25,3.4万,34000,https://www.xiaohongshu.com/search_result?keyword=%25E6%2596%25B0%25E7%2596%2586%25E6%2597%2585%25E6%25B8%25B8%25E6%2599%25AF%25E7%2582%25B9&source=web_explore_feed,https://www.xiaohongshu.com/search_result/678a1fda000000000a0049d2?xsec_token=AB2tXR7ylvpeSORvxmUrMX1g4rAnt4sKAMG-UhR_nIw2M=&xsec_source=,https://sns-webpic-qc.xhscdn.com/202603251945/be29d6fc1719b22256467bb5ec0996f7/1040g00831coik3n9gu005o8pop185unp4j19ovo!nc_n_webp_mw_1,cb77a4c6d81cab663a7dfad99e18e0d41978dab60eac90c4dfe3720bcab4fa51,https://www.xiaohongshu.com/search_result/678a1fda000000000a0049d2?xsec_token=AB2tXR7ylvpeSORvxmUrMX1g4rAnt4sKAMG-UhR_nIw2M=&xsec_source=,是,否
小红书,小红书-西安旅游景点.json,西安旅游景点,西安旅游景点,📸真的太出片啦，8⃣️个万能拍照姿势！,西安摄影师-微笑📸,https://www.xiaohongshu.com/user/profile/67e4ac0c000000000e011034?channel_type=web_search_result_notes&parent_page_channel_type=web_profile_board&xsec_token=ABt6nlPXE1GgdKccFbjm36y4IXYQ79kvs8prI21iKE88Q=&xsec_source=pc_search,2025-10-06,2025-10-06,2026-03-25,2.8万,28000,https://www.xiaohongshu.com/search_result?keyword=%25E8%25A5%25BF%25E5%25AE%2589%25E6%2597%2585%25E6%25B8%25B8%25E6%2599%25AF%25E7%2582%25B9&source=web_explore_feed,https://www.xiaohongshu.com/search_result/68e311b900000000070019a9?xsec_token=ABjS0PlzfzpDSRtb9ZRY-WlPiglzv8frj7AjjayJuXLbw=&xsec_source=,https://sns-webpic-qc.xhscdn.com/202603251928/3f44fb92bb5f4d9579bb48c73b28193b/1040g00831n908kiql0605pv4lg63i41k1b633b0!nc_n_webp_mw_1,34b0ddbea059c0ffe916ffc201a5fb3eb9f54c17e18aa7d41885e6421657c911,https://www.xiaohongshu.com/search_result/68e311b900000000070019a9?xsec_token=ABjS0PlzfzpDSRtb9ZRY-WlPiglzv8frj7AjjayJuXLbw=&xsec_source=,否,否
小红书,小红书-东三省旅游景区.json,东三省旅游景区,东北旅游景点,东北还有什么好玩的呀,张天琪,https://www.xiaohongshu.com/user/profile/5b3284b24eacab4b32ae6d00?channel_type=web_search_result_notes&parent_page_channel_type=web_profile_board&xsec_token=ABtQUGZISvlPejSJyfH49hm5GCN8Wp5NmLp8mnHxLDXoQ=&xsec_source=pc_search,2024-12-17,2024-12-17,2026-03-25,2.6万,26000,https://www.xiaohongshu.com/search_result?keyword=%25E4%25B8%259C%25E5%258C%2597%25E6%2597%2585%25E6%25B8%25B8%25E6%2599%25AF%25E7%2582%25B9&source=web_explore_feed,https://www.xiaohongshu.com/search_result/67612f9a000000000b00e083?xsec_token=ABP7Z7DiXDA_W41SbGedDmAFzkmYgxZcXF4Fh3DQqnH1I=&xsec_source=,https://sns-webpic-qc.xhscdn.com/202603251952/37d7c4601dbdfeb1a17d45568e6fe06f/1040g00831bgj8m7710004a6ju82b4r80cqok2hg!nc_n_webp_mw_1,3a73bb97af8b43b92a81c884913c5c3ce244c18cb6f5334e0b2f8bc9eb0a92b2,https://www.xiaohongshu.com/search_result/67612f9a000000000b00e083?xsec_token=ABP7Z7DiXDA_W41SbGedDmAFzkmYgxZcXF4Fh3DQqnH1I=&xsec_source=,否,否
小红书,小红书-云南旅游景区.json,云南旅游景区,云南旅游景点,“我很少用震撼来形容一个地方！！！！！！！！！！！！”,MelonSeeds,https://www.xiaohongshu.com/user/profile/591662306a6a6967b63e7f16?channel_type=web_search_result_notes&parent_page_channel_type=web_profile_board&xsec_token=ABwbUgh5_nzsMLFyDpB-P91rEJ3iq64OtOgOgUQYgETeY=&xsec_source=pc_search,03-04,2026-03-04,2026-03-25,2.4万,24000,https://www.xiaohongshu.com/search_result?keyword=%25E4%25BA%2591%25E5%258D%2597%25E6%2597%2585%25E6%25B8%25B8%25E6%2599%25AF%25E7%2582%25B9&source=web_explore_feed,https://www.xiaohongshu.com/search_result/69a795a1000000001b01d339?xsec_token=ABagRB3Ju7gRZFrD2i1d4Wb3IXTH_3P_cBoeMyB8nxhBI=&xsec_source=,https://sns-webpic-qc.xhscdn.com/202603251947/37ad45ddbfe67791a1d6dc682c9f64a5/c/notes_pre_post/1040g3k831t9b5kss5mc049g5ujh30vom5tteu0o!nc_n_webp_mw_1,2989115757a900f7d3c960f4fa41768eae6c71feb16004bd2e0fa0abd4fc0885,https://www.xiaohongshu.com/search_result/69a795a1000000001b01d339?xsec_token=ABagRB3Ju7gRZFrD2i1d4Wb3IXTH_3P_cBoeMyB8nxhBI=&xsec_source=,否,否
小红书,小红书-全国旅游景区2.json,全国旅游景区2,5A级景区,在韩国发现了中国5A级风景区,小飞娱来了,https://www.xiaohongshu.com/user/profile/66cfed35000000001d0303dd?channel_type=web_search_result_notes&parent_page_channel_type=web_profile_board&xsec_token=ABsUCM2a3NPAudqj_fV8mhotUgHqRxiHOg51N9q_zu8i0=&xsec_source=pc_search,2024-12-02,2024-12-02,2026-03-25,2.4万,24000,https://www.xiaohongshu.com/search_result?keyword=5A%25E7%25BA%25A7%25E6%2599%25AF%25E5%258C%25BA&source=web_explore_feed,https://www.xiaohongshu.com/search_result/674d757c000000000203ba6d?xsec_token=ABFwnq18dmnDQt_FgJYpE3nzpUVWIsUPzNalunjhTEQew=&xsec_source=,https://sns-webpic-qc.xhscdn.com/202603251936/27145cb33240278c9a4f2d5669749944/1040g2sg31ataq439n2705pmftkqne0utdf20vio!nc_n_webp_mw_1,c7ff97c463c31a82f68d9ee77be1f40a4b96baab3587b66721458258f23166d3,https://www.xiaohongshu.com/search_result/674d757c000000000203ba6d?xsec_token=ABFwnq18dmnDQt_FgJYpE3nzpUVWIsUPzNalunjhTEQew=&xsec_source=,否,否
小红书,小红书-新疆5A旅游景区.json,新疆5A旅游景区,新疆5A级景区,五月的那拉提,见山川,https://www.xiaohongshu.com/user/profile/5e35733c000000000100bfa4?channel_type=web_search_result_notes&parent_page_channel_type=web_profile_board&xsec_token=AByZJdJ6lQT7v90fVlCjFXOgNbFTkrqui9d-Fh9_mnSEg=&xsec_source=pc_search,2025-03-07,2025-03-07,2026-03-25,2.3万,23000,https://www.xiaohongshu.com/search_result?keyword=%25E6%2596%25B0%25E7%2596%25865A%25E7%25BA%25A7%25E6%2599%25AF%25E5%258C%25BA&source=web_explore_feed,https://www.xiaohongshu.com/search_result/67c2c3ce00000000290128a1?xsec_token=AB3swQ9xRSrgZJw2GcPwcKccXjO5sSzEaTZqaHRupvDPs=&xsec_source=,https://sns-webpic-qc.xhscdn.com/202603251943/7e70233e9955e4c59e84e061993319af/1040g00831efskm51ge005nhlecu09ft4mokbkig!nc_n_webp_mw_1,cadb93547988f00fa719001cf5a47ef4f7a2654befb1d5f7a492fc52c931eeea,https://www.xiaohongshu.com/search_result/67c2c3ce00000000290128a1?xsec_token=AB3swQ9xRSrgZJw2GcPwcKccXjO5sSzEaTZqaHRupvDPs=&xsec_source=,否,否
小红书,小红书-西安旅游景点.json,西安旅游景点,西安旅游景点,人均800💰西安3天2夜攻略👭闺蜜游,小鸽子大卡子,https://www.xiaohongshu.com/user/profile/5f5638ad0000000001009efb?channel_type=web_search_result_notes&parent_page_channel_type=web_profile_board&xsec_token=AB33-IpVUMqspZakFrK5YbJp6OS3JvgJ6GdFYS3xQvF7s=&xsec_source=pc_search,2025-06-24,2025-06-24,2026-03-25,1.9万,19000,https://www.xiaohongshu.com/search_result?keyword=%25E8%25A5%25BF%25E5%25AE%2589%25E6%2597%2585%25E6%25B8%25B8%25E6%2599%25AF%25E7%2582%25B9&source=web_explore_feed,https://www.xiaohongshu.com/search_result/6857ced1000000002001b498?xsec_token=AB__D4HIzUtOdTJlAPCUizhuRQ4BOfVSC7O-en0fS_a0I=&xsec_source=,https://sns-webpic-qc.xhscdn.com/202603251928/c4b6f247275e2c896c68ccd954c30acd/1040g00831j44e7pbha005nqm72mg97nr9ivkt4o!nc_n_webp_mw_1,6ce0df7c39930eed57985dd9498cb559a84e68c75832c6cd241b9942a047d509,https://www.xiaohongshu.com/search_result/6857ced1000000002001b498?xsec_token=AB__D4HIzUtOdTJlAPCUizhuRQ4BOfVSC7O-en0fS_a0I=&xsec_source=,否,否
小红书,小红书-全国旅游景区2.json,全国旅游景区2,5A级景区,韩国唯一的中国5A景区,晴朗公爵,https://www.xiaohongshu.com/user/profile/5ae28bf24eacab156a48c14d?channel_type=web_search_result_notes&parent_page_channel_type=web_profile_board&xsec_token=ABtVd7m1afApIrkAQucrdpbNHZ030CheXWM-7sophmKtk=&xsec_source=pc_search,2024-12-02,2024-12-02,2026-03-25,1.9万,19000,https://www.xiaohongshu.com/search_result?keyword=5A%25E7%25BA%25A7%25E6%2599%25AF%25E5%258C%25BA&source=web_explore_feed,https://www.xiaohongshu.com/search_result/674d246a000000000202924a?xsec_token=ABFwnq18dmnDQt_FgJYpE3n7a7skjSvRR2kFlgV2sb8DA=&xsec_source=,https://sns-webpic-qc.xhscdn.com/202603251936/6b9a51874b9c8e00a55b22f16f3e2a3a/1040g2sg31at0tu1r7e704a4s0f5v5gadmiqls08!nc_n_webp_mw_1,268eeb7c5e122e2e10414ab193ba25a32a14cbe3fad98bcf1055416d03daef4d,https://www.xiaohongshu.com/search_result/674d246a000000000202924a?xsec_token=ABFwnq18dmnDQt_FgJYpE3n7a7skjSvRR2kFlgV2sb8DA=&xsec_source=,否,否
小红书,小红书-全国旅游景区1.json,全国旅游景区1,全国5A级景区,家门口的5A级徒步路线，世界级地质公园,露营叔,https://www.xiaohongshu.com/user/profile/5b3e11d36b58b721dde12e6d?channel_type=web_search_result_notes&parent_page_channel_type=web_profile_board&xsec_token=AB2pRDOsqwlZWv-RnDZMQsOvIHJawnH16l3XhieWBMejY=&xsec_source=pc_search,2025-07-08,2025-07-08,2026-03-25,1.7万,17000,https://www.xiaohongshu.com/search_result?keyword=%25E5%2585%25A8%25E5%259B%25BD5A%25E7%25BA%25A7%25E6%2599%25AF%25E5%258C%25BA&source=web_explore_feed,https://www.xiaohongshu.com/search_result/686cade7000000000d024523?xsec_token=ABFlhRyYXRJRY1R3K0e1aq86VK2WccW4rWaIHYtwVUhgc=&xsec_source=,https://sns-webpic-qc.xhscdn.com/202603251933/9c60cc9f90d1d649255647e9d8d51cd7/spectrum/1040g0k031jlq8jgr36004a6sdn8t6bjdoiehmoo!nc_n_webp_mw_1,2e161bb1fcce60baec671e1499cebbdb314f29d0687df158b126b50df5490097,https://www.xiaohongshu.com/search_result/686cade7000000000d024523?xsec_token=ABFlhRyYXRJRY1R3K0e1aq86VK2WccW4rWaIHYtwVUhgc=&xsec_source=,否,否
小红书,小红书-新疆5A旅游景区.json,新疆5A旅游景区,新疆5A级景区,韩国人第一次去新疆（上）,韩小喵,https://www.xiaohongshu.com/user/profile/62356a5b00000000100099d2?channel_type=web_search_result_notes&parent_page_channel_type=web_profile_board&xsec_token=ABS9FwVy-DcV7Ccl77FpIOEhAWD6l7C8oujgH_mNV-KWY=&xsec_source=pc_search,02-25,2026-02-25,2026-03-25,1.4万,14000,https://www.xiaohongshu.com/search_result?keyword=%25E6%2596%25B0%25E7%2596%25865A%25E7%25BA%25A7%25E6%2599%25AF%25E5%258C%25BA&source=web_explore_feed,https://www.xiaohongshu.com/search_result/699e99a8000000000e00cfba?xsec_token=ABr037pU3G62HFpqtHmpyfpJ_nRuSoViiUQ36QQB7K560=&xsec_source=,https://sns-webpic-qc.xhscdn.com/202603251943/947fcfe4bcbcc42dff548d99b43d771a/notes_pre_post/1040g3k831t0o6mus5m705ohld9dk16eiou8sf8g!nc_n_webp_mw_1,6a374a27a246ea0ff34600111c1e6a3c0f07f9723a8d2d87652af1fb48bd5667,https://www.xiaohongshu.com/search_result/699e99a8000000000e00cfba?xsec_token=ABr037pU3G62HFpqtHmpyfpJ_nRuSoViiUQ36QQB7K560=&xsec_source=,否,否
小红书,小红书-东三省旅游景区.json,东三省旅游景区,东北旅游景点,🎃沈阳1h ｜ 东北阿勒泰玩到不想回家‼️,是可可吖,https://www.xiaohongshu.com/user/profile/57fa30c65e87e724de47bd77?channel_type=web_search_result_notes&parent_page_channel_type=web_profile_board&xsec_token=ABkcfmgRJUNEYapF3LX7J7A-FTwNEoNUb_O9sVgC1CQP0=&xsec_source=pc_search,2024-10-03,2024-10-03,2026-03-25,1.3万,13000,https://www.xiaohongshu.com/search_result?keyword=%25E4%25B8%259C%25E5%258C%2597%25E6%2597%2585%25E6%25B8%25B8%25E6%2599%25AF%25E7%2582%25B9&source=web_explore_feed,https://www.xiaohongshu.com/search_result/66fd3c89000000001b02202a?xsec_token=AB8m0q0N60uvbUUq8UvwxTRrPyc3JR9GTbupNJDZBk2J4=&xsec_source=,https://sns-webpic-qc.xhscdn.com/202603251952/83a1961210f597b778031d550471312e/1040g008318fmcddu3q0048ogr2ocdfbn8f171i0!nc_n_webp_mw_1,c1985a7479f5f73b48e25919a28ee446e97320d57bd18af0bbcc7e42ff86b021,https://www.xiaohongshu.com/search_result/66fd3c89000000001b02202a?xsec_token=AB8m0q0N60uvbUUq8UvwxTRrPyc3JR9GTbupNJDZBk2J4=&xsec_source=,否,否
小红书,小红书-西安旅游景点.json,西安旅游景点,西安旅游景点,西安👉小众1日游路线，全程不走回头路！,大牛叔叔,https://www.xiaohongshu.com/user/profile/5d4eb1a700000000160181d2?channel_type=web_search_result_notes&parent_page_channel_type=web_profile_board&xsec_token=AB174tb3FlvKzqIBvkujWbs4-uRHbKsgNIUOSXx1JKVtQ=&xsec_source=pc_search,2025-08-09,2025-08-09,2026-03-25,1.2万,12000,https://www.xiaohongshu.com/search_result?keyword=%25E8%25A5%25BF%25E5%25AE%2589%25E6%2597%2585%25E6%25B8%25B8%25E6%2599%25AF%25E7%2582%25B9&source=web_explore_feed,https://www.xiaohongshu.com/search_result/6888766100000000250136e4?xsec_token=ABYmVshdDGkNs5HzMwDNGpIonQmRgkYCFj__W6GJQqBIE=&xsec_source=,https://sns-webpic-qc.xhscdn.com/202603251928/b41af6e080ca0ce346807ba28b80af52/spectrum/1040g34o31kguh29pk80g5naem6jlj0ei6t48pj8!nc_n_webp_mw_1,ecb4df63d34b522acd48fb48c9e8e791f5ed74cac4d0b6ee9b00ba9a557d6911,https://www.xiaohongshu.com/search_result/6888766100000000250136e4?xsec_token=ABYmVshdDGkNs5HzMwDNGpIonQmRgkYCFj__W6GJQqBIE=&xsec_source=,否,否
小红书,小红书-云南旅游景区.json,云南旅游景区,云南旅游景点,我们一起逛逛西双版纳吧,弋优,https://www.xiaohongshu.com/user/profile/5dc0c8820000000001009817?channel_type=web_search_result_notes&parent_page_channel_type=web_profile_board&xsec_token=ABsMS-2ibZK59zbE2sr5eyRDdwycxjoDBVpJl81maJTEQ=&xsec_source=pc_search,2025-04-10,2025-04-10,2026-03-25,1.1万,11000,https://www.xiaohongshu.com/search_result?keyword=%25E4%25BA%2591%25E5%258D%2597%25E6%2597%2585%25E6%25B8%25B8%25E6%2599%25AF%25E7%2582%25B9&source=web_explore_feed,https://www.xiaohongshu.com/search_result/67f744ff000000000f03072b?xsec_token=ABaQCpdYbdAu3BgwnfrGVKYxYZ59n2zTtm4nrB5nTSiXM=&xsec_source=,https://sns-webpic-qc.xhscdn.com/202603251947/90a75b01dc5bb05bd46b51a4260f65df/spectrum/1040g0k031g35b6tt0c005ne0p210960n9gu40gg!nc_n_webp_mw_1,171bbb824f0868486fa722d208b70b9a553718b64b4d20d75562479cd267179e,https://www.xiaohongshu.com/search_result/67f744ff000000000f03072b?xsec_token=ABaQCpdYbdAu3BgwnfrGVKYxYZ59n2zTtm4nrB5nTSiXM=&xsec_source=,否,否
小红书,小红书-西安旅游景点.json,西安旅游景点,西安旅游景点,三维图解：西安旅游路线！（建议收藏）,三维地图看世界,https://www.xiaohongshu.com/user/profile/5af91502e8ac2b7825ab39bd?channel_type=web_search_result_notes&parent_page_channel_type=web_profile_board&xsec_token=ABqRqoaTJJc37xpnWx3tOTmvC_S6NDzuAdLo7S7IT3lfk=&xsec_source=pc_search,2024-10-01,2024-10-01,2026-03-25,1.1万,11000,https://www.xiaohongshu.com/search_result?keyword=%25E8%25A5%25BF%25E5%25AE%2589%25E6%2597%2585%25E6%25B8%25B8%25E6%2599%25AF%25E7%2582%25B9&source=web_explore_feed,https://www.xiaohongshu.com/search_result/66fa6774000000001a02224e?xsec_token=ABEqxB_ad87bw4ay_6MWJCMi9-F6qhB03a4WwAn9dNzLg=&xsec_source=,https://sns-webpic-qc.xhscdn.com/202603251928/60f757d1e1f549366d03161d9295494a/spectrum/1040g0k0318c7bjlb0o004a5ag4ag4edtqm4cfng!nc_n_webp_mw_1,5829910395b5bb559b79740c21ecaffafb35b1d42ebdf0f5fbdc170cae3edcdb,https://www.xiaohongshu.com/search_result/66fa6774000000001a02224e?xsec_token=ABEqxB_ad87bw4ay_6MWJCMi9-F6qhB03a4WwAn9dNzLg=&xsec_source=,否,否
小红书,小红书-东三省旅游景区.json,东三省旅游景区,东北旅游景点,原来松花是这样的！,爱旅游的丸子🍡,https://www.xiaohongshu.com/user/profile/6408d5670000000029015e59?channel_type=web_search_result_notes&parent_page_channel_type=web_profile_board&xsec_token=ABAoeNhOwLuZjs_cmvajYbJlitu5on3TJHN_NtaZFrIMc=&xsec_source=pc_search,01-15,2026-01-15,2026-03-25,1万,10000,https://www.xiaohongshu.com/search_result?keyword=%25E4%25B8%259C%25E5%258C%2597%25E6%2597%2585%25E6%25B8%25B8%25E6%2599%25AF%25E7%2582%25B9&source=web_explore_feed,https://www.xiaohongshu.com/search_result/6968ef47000000001a026c71?xsec_token=ABQTa0dTdSkKVnp4QHQJmur4b1nwpbQFzcpWVU3sQCYUw=&xsec_source=,https://sns-webpic-qc.xhscdn.com/202603251952/437350a56bc514ca28ae9db71114ca61/1040g00831rc5cs8jng005p08qljqanipaa9ob48!nc_n_webp_mw_1,e1a7acc504f23e409cd181c675017af87d7e28b78fa5796f40c2b1587858f4b2,https://www.xiaohongshu.com/search_result/6968ef47000000001a026c71?xsec_token=ABQTa0dTdSkKVnp4QHQJmur4b1nwpbQFzcpWVU3sQCYUw=&xsec_source=,否,否
小红书,小红书-云南旅游景区.json,云南旅游景区,云南旅游景点,走了4年云南，推荐5个冷门又舒服古村,英子同学,https://www.xiaohongshu.com/user/profile/5adeb949e8ac2b75ab0bb402?channel_type=web_search_result_notes&parent_page_channel_type=web_profile_board&xsec_token=ABpzI_FtgOPVkls40W0HvR0vMFVBqXP4rr6MZyeZiGJns=&xsec_source=pc_search,2025-05-26,2025-05-26,2026-03-25,9480,9480,https://www.xiaohongshu.com/search_result?keyword=%25E4%25BA%2591%25E5%258D%2597%25E6%2597%2585%25E6%25B8%25B8%25E6%2599%25AF%25E7%2582%25B9&source=web_explore_feed,https://www.xiaohongshu.com/search_result/68340feb0000000022029d59?xsec_token=ABNNIWqzWQ-9he6Crv0bxlA2nV6cwoOfaOz9PkMtY-nTQ=&xsec_source=,https://sns-webpic-qc.xhscdn.com/202603251947/7c9832d03bc0f704a4b6eb330e700313/spectrum/1040g34o31hugh46oja0g4a4pdcskjd02re51tj8!nc_n_webp_mw_1,fef7514a0bad9dda1c223dd90d7025f1328c1a6be44281557fd09119fda2160b,https://www.xiaohongshu.com/search_result/68340feb0000000022029d59?xsec_token=ABNNIWqzWQ-9he6Crv0bxlA2nV6cwoOfaOz9PkMtY-nTQ=&xsec_source=,否,否
小红书,小红书-西安旅游景点2.json,西安旅游景点2,西安旅游景点,西安景点锐评（纯个人感受）,大米米,https://www.xiaohongshu.com/user/profile/60ffc80a0000000001002f02?channel_type=web_search_result_notes&parent_page_channel_type=web_profile_board&xsec_token=ABE3M8Bm0sZNmztFCYCy29IAZ6Y_6qIVnLjHcZJqq2b3Q=&xsec_source=pc_search,01-08,2026-01-08,2026-03-25,9419,9419,https://www.xiaohongshu.com/search_result?keyword=%25E8%25A5%25BF%25E5%25AE%2589%25E6%2597%2585%25E6%25B8%25B8%25E6%2599%25AF%25E7%2582%25B9&source=web_explore_feed,https://www.xiaohongshu.com/search_result/695f7f90000000000b01209a?xsec_token=ABCLsG-ADy2pmS_BHrLnDWvlls3dVfERNEQlRf9ybmReg=&xsec_source=,https://sns-webpic-qc.xhscdn.com/202603251930/ce4351ea3f9dabb0f1bf8a57b76adb32/notes_pre_post/1040g3k831r2uhb9r6u005o7vp0508bo2takesn0!nc_n_webp_mw_1,843338ff095f61abdf773e12bd5f73644f6371ebe394ac5131201c7e4bf15d63,https://www.xiaohongshu.com/search_result/695f7f90000000000b01209a?xsec_token=ABCLsG-ADy2pmS_BHrLnDWvlls3dVfERNEQlRf9ybmReg=&xsec_source=,否,否
小红书,小红书-云南旅游景区.json,云南旅游景区,云南旅游景点,我嫉妒昆明人,见山川,https://www.xiaohongshu.com/user/profile/5e35733c000000000100bfa4?channel_type=web_search_result_notes&parent_page_channel_type=web_profile_board&xsec_token=AByZJdJ6lQT7v90fVlCjFXOgNbFTkrqui9d-Fh9_mnSEg=&xsec_source=pc_search,01-14,2026-01-14,2026-03-25,9339,9339,https://www.xiaohongshu.com/search_result?keyword=%25E4%25BA%2591%25E5%258D%2597%25E6%2597%2585%25E6%25B8%25B8%25E6%2599%25AF%25E7%2582%25B9&source=web_explore_feed,https://www.xiaohongshu.com/search_result/696377de000000000a03e337?xsec_token=ABAjs8d6JuRM4IrhJ4yTWkHITa1zj0xqrQQOTITHperbU=&xsec_source=,https://sns-webpic-qc.xhscdn.com/202603251947/9fca9d1f94c67ce0642a643981f4b6c2/1040g2sg31ra657j5n07g5nhlecu09ft4d1gpk78!nc_n_webp_mw_1,165d5ed6bfe01644ad8b9984659bfc1c8cfe4f866bf404a35480ef5a03ce4838,https://www.xiaohongshu.com/search_result/696377de000000000a03e337?xsec_token=ABAjs8d6JuRM4IrhJ4yTWkHITa1zj0xqrQQOTITHperbU=&xsec_source=,否,否
小红书,小红书-新疆5A旅游景区.json,新疆5A旅游景区,新疆5A级景区,不知道这7点，来新疆旅游就是浪费钱,WILD牧野旅行,https://www.xiaohongshu.com/user/profile/5c8d29ed000000001200b9f0?channel_type=web_search_result_notes&parent_page_channel_type=web_profile_board&xsec_token=ABxo8hjwTq3cTPyM-yKEnRqG_0JYewgiHlECr2SA2uzcs=&xsec_source=pc_search,2025-12-01,2025-12-01,2026-03-25,9324,9324,https://www.xiaohongshu.com/search_result?keyword=%25E6%2596%25B0%25E7%2596%25865A%25E7%25BA%25A7%25E6%2599%25AF%25E5%258C%25BA&source=web_explore_feed,https://www.xiaohongshu.com/search_result/692d7496000000001e002f0d?xsec_token=ABRKcLQh6csbRkpVZ7FRvcJOAsF8t8AO9nmlnUNEoZjAA=&xsec_source=,https://sns-webpic-qc.xhscdn.com/202603251943/875a7fc53b73bdbe623ac44d609d7d08/spectrum/1040g0k031pi1bqr740005n4d57mkhefg1fudhk8!nc_n_webp_mw_1,3a221b358ee36c510950894b49b2bbdfd9f0fc0527001d514b8158e0fa110d19,https://www.xiaohongshu.com/search_result/692d7496000000001e002f0d?xsec_token=ABRKcLQh6csbRkpVZ7FRvcJOAsF8t8AO9nmlnUNEoZjAA=&xsec_source=,否,否
小红书,小红书-江苏省旅游景区.json,江苏省旅游景区,江苏省5A级景区,江苏辖13个地级市，都有什么特点呢？,地舆世界,https://www.xiaohongshu.com/user/profile/67c82271000000000d00a056?channel_type=web_search_result_notes&parent_page_channel_type=web_profile_board&xsec_token=ABYIifea1R-ydKerdvgsG99kRJftW7mZN-K7a1AEjBOdg=&xsec_source=pc_search,2025-08-20,2025-08-20,2026-03-25,9059,9059,https://www.xiaohongshu.com/search_result?keyword=%25E6%25B1%259F%25E8%258B%258F%25E7%259C%25815A%25E7%25BA%25A7%25E6%2599%25AF%25E5%258C%25BA&source=web_explore_feed,https://www.xiaohongshu.com/search_result/68a5300a000000001d00afdd?xsec_token=ABKP_u2CoD_owBMerexUksoil8Lm7mSHLpBsgzcS5l7Y0=&xsec_source=,https://sns-webpic-qc.xhscdn.com/202603251941/32c67b7da1a16cf03042dcb2dcea164e/1040g00831ld0bff6506g5pu849oj982mpa9q4g8!nc_n_webp_mw_1,d0404586ab60d06de0afef53a310afbc9f481db00fad0818c2d55b0f4d09e5e6,https://www.xiaohongshu.com/search_result/68a5300a000000001d00afdd?xsec_token=ABKP_u2CoD_owBMerexUksoil8Lm7mSHLpBsgzcS5l7Y0=&xsec_source=,否,否
小红书,小红书-东三省旅游景区.json,东三省旅游景区,东北旅游景点,都2026了，旅游就该来点有挑战的！！,李躺躺吧,https://www.xiaohongshu.com/user/profile/618a139300000000100063f4?channel_type=web_search_result_notes&parent_page_channel_type=web_profile_board&xsec_token=AB403Frh8ltgfx0Me60ATjFTRrPKpE73NwowujRzCaRNE=&xsec_source=pc_search,01-18,2026-01-18,2026-03-25,8055,8055,https://www.xiaohongshu.com/search_result?keyword=%25E4%25B8%259C%25E5%258C%2597%25E6%2597%2585%25E6%25B8%25B8%25E6%2599%25AF%25E7%2582%25B9&source=web_explore_feed,https://www.xiaohongshu.com/search_result/696ca357000000000a02c7aa?xsec_token=ABJg2jBZXYuHA5U-pgzUhS4tjHvv1ytPdWU4iJ0VY2X9M=&xsec_source=,https://sns-webpic-qc.xhscdn.com/202603251952/1c8e857f8710ff98976525d8564e2b0c/spectrum/1040g0k031rfod055mu005oca2e9k0ovkvbmn14g!nc_n_webp_mw_1,3d39667aea7229953f2396a1f41ca998e34cd2607ec1d0b873a6ccfae100b0e8,https://www.xiaohongshu.com/search_result/696ca357000000000a02c7aa?xsec_token=ABJg2jBZXYuHA5U-pgzUhS4tjHvv1ytPdWU4iJ0VY2X9M=&xsec_source=,否,否
小红书,小红书-东三省旅游景区.json,东三省旅游景区,东北旅游景点,去什么日韩？冬天的延边不心动你来打我😉,爱葡萄的Miki,https://www.xiaohongshu.com/user/profile/5b45c66a4eacab3cb020ff0b?channel_type=web_search_result_notes&parent_page_channel_type=web_profile_board&xsec_token=AB4AbKLlgw2Aj26BW9zgrTCqQjdAeTxG6LNPJvCb8EMZs=&xsec_source=pc_search,2025-11-22,2025-11-22,2026-03-25,7815,7815,https://www.xiaohongshu.com/search_result?keyword=%25E4%25B8%259C%25E5%258C%2597%25E6%2597%2585%25E6%25B8%25B8%25E6%2599%25AF%25E7%2582%25B9&source=web_explore_feed,https://www.xiaohongshu.com/search_result/6921879e000000000d0343ea?xsec_token=AB3Pu4KHaY2yE_xnHK6Xw_sbeZ4kv-mXalcIsTArveeXs=&xsec_source=,https://sns-webpic-qc.xhscdn.com/202603251952/e3d3ea94e234900bd360241bf747818d/1040g2sg31p6dlqm7ioeg4a722v36lvobo7ci0r8!nc_n_webp_mw_1,b17b1a0609cfb3018a28b90282f54f6878c76c1e297a23c9aeb9b8829cef2091,https://www.xiaohongshu.com/search_result/6921879e000000000d0343ea?xsec_token=AB3Pu4KHaY2yE_xnHK6Xw_sbeZ4kv-mXalcIsTArveeXs=&xsec_source=,否,否
小红书,小红书-东三省旅游景区.json,东三省旅游景区,东北旅游景点,个人向•去过的自然景点排名,wx不同名,https://www.xiaohongshu.com/user/profile/5a3f9d7211be1050be501d09?channel_type=web_search_result_notes&parent_page_channel_type=web_profile_board&xsec_token=AB6lG7PTDU_grykRfo9dkqBvFI9kAczkU8NTpua_p7aj8=&xsec_source=pc_search,02-28,2026-02-28,2026-03-25,7740,7740,https://www.xiaohongshu.com/search_result?keyword=%25E4%25B8%259C%25E5%258C%2597%25E6%2597%2585%25E6%25B8%25B8%25E6%2599%25AF%25E7%2582%25B9&source=web_explore_feed,https://www.xiaohongshu.com/search_result/699dc47b000000001a033ae6?xsec_token=ABy1sLQaDTPrJMK57EFt_kpnjLWwfEQlZD-9h-Nr1pPBE=&xsec_source=,https://sns-webpic-qc.xhscdn.com/202603251952/3da77f0ba90105e8e1652a23375dd5c7/note_pre_post_uhdr/1040g3r031svo4h6sm81g4a0f4ken4789urb0pag!nc_n_webp_mw_1,d52d26a292e99a5766dc3bbe9e5876e7e5678dc1409d107887df25b38aa9f376,https://www.xiaohongshu.com/search_result/699dc47b000000001a033ae6?xsec_token=ABy1sLQaDTPrJMK57EFt_kpnjLWwfEQlZD-9h-Nr1pPBE=&xsec_source=,否,否
小红书,小红书-东三省旅游景区.json,东三省旅游景区,东北旅游景点,,小平同学的热爱,https://www.xiaohongshu.com/user/profile/5c66179a0000000010034c55?channel_type=web_search_result_notes&parent_page_channel_type=web_profile_board&xsec_token=ABxyPSv_2IxMyX6Qpq7xj0BcUgtEa2s1Fbsd1QH9rXlrg=&xsec_source=pc_search,2025-06-14,2025-06-14,2026-03-25,7639,7639,https://www.xiaohongshu.com/search_result?keyword=%25E4%25B8%259C%25E5%258C%2597%25E6%2597%2585%25E6%25B8%25B8%25E6%2599%25AF%25E7%2582%25B9&source=web_explore_feed,https://www.xiaohongshu.com/search_result/684d8dbf0000000021001f00?xsec_token=ABK76e-uNNkKAzTNthq63K-Kj64MI0wo9X_QwZJPqjSjM=&xsec_source=,https://sns-webpic-qc.xhscdn.com/202603251952/3a32278960e03460f260221b9055cdee/1040g2sg31indpa2bhg005n362ud46j2lhd13fe0!nc_n_webp_mw_1,9d58826c634852f12a90e6014cfc8ea71bb8cd15e6df373589a0fab278b968a5,https://www.xiaohongshu.com/search_result/684d8dbf0000000021001f00?xsec_token=ABK76e-uNNkKAzTNthq63K-Kj64MI0wo9X_QwZJPqjSjM=&xsec_source=,是,否
小红书,小红书-新疆5A旅游景区.json,新疆5A旅游景区,新疆5A级景区,攒钱！五月去新疆‼️,伊莲137,https://www.xiaohongshu.com/user/profile/59a6cb275e87e77e065d77c5?channel_type=web_search_result_notes&parent_page_channel_type=web_profile_board&xsec_token=ABeZE2OO39vV95grP4ThENvEZFVS4l4oAlFafEI1e2rZc=&xsec_source=pc_search,2025-08-23,2025-08-23,2026-03-25,7479,7479,https://www.xiaohongshu.com/search_result?keyword=%25E6%2596%25B0%25E7%2596%25865A%25E7%25BA%25A7%25E6%2599%25AF%25E5%258C%25BA&source=web_explore_feed,https://www.xiaohongshu.com/search_result/67b1d341000000002802896f?xsec_token=ABPEm0WQUxzFZIkgJdXwRVaouib7UMHWhUEF89SpgONjA=&xsec_source=,https://sns-webpic-qc.xhscdn.com/202603251943/5a7f65367a86e026c223060281f30f19/1040g00831dvb4ms3080g49p0kg5ietu51d9g930!nc_n_webp_mw_1,385936b038d3a0d1c52e8d51c57fae679a2c00c5831b5294acaef8adaf943c08,https://www.xiaohongshu.com/search_result/67b1d341000000002802896f?xsec_token=ABPEm0WQUxzFZIkgJdXwRVaouib7UMHWhUEF89SpgONjA=&xsec_source=,否,否
小红书,小红书-西安旅游景点2.json,西安旅游景点2,西安旅游景点,,西安文旅,https://www.xiaohongshu.com/user/profile/62738f070000000021029ffc?channel_type=web_search_result_notes&parent_page_channel_type=web_profile_board&xsec_token=AB3RzdH5GQQQF8g1SpwyfTT0o0YE5guBM_TFv8lMAbwac=&xsec_source=pc_search,2025-01-16,2025-01-16,2026-03-25,7477,7477,https://www.xiaohongshu.com/search_result?keyword=%25E8%25A5%25BF%25E5%25AE%2589%25E6%2597%2585%25E6%25B8%25B8%25E6%2599%25AF%25E7%2582%25B9&source=web_explore_feed,https://www.xiaohongshu.com/search_result/67886f00000000001b008396?xsec_token=AB2xZuazL4uwhqXksUvmlfdq_GQxIDcZYNzxuHgUYMn6Y=&xsec_source=,https://sns-webpic-qc.xhscdn.com/202603251930/a2e83875fd457011857a04845270480f/1040g00831cnbd4fagk005ojjhs3od7vs8g6pd8o!nc_n_webp_mw_1,284f3d3ba6cb46f3e53312117e7c39b6fe2931306bf5ee27bbdd60bb5f99ec23,https://www.xiaohongshu.com/search_result/67886f00000000001b008396?xsec_token=AB2xZuazL4uwhqXksUvmlfdq_GQxIDcZYNzxuHgUYMn6Y=&xsec_source=,是,否
小红书,小红书-西安旅游景点.json,西安旅游景点,西安旅游景点,西安citywalk一日游，不走回头路版详细路线,轻工探店日记（重生版）,https://www.xiaohongshu.com/user/profile/6801c121000000000e0135d6?channel_type=web_search_result_notes&parent_page_channel_type=web_profile_board&xsec_token=ABn8fxMNJU7LG7sDdem_ms77VbYarI1UUkiZG4fZMVk8w=&xsec_source=pc_search,2025-09-15,2025-09-15,2026-03-25,7440,7440,https://www.xiaohongshu.com/search_result?keyword=%25E8%25A5%25BF%25E5%25AE%2589%25E6%2597%2585%25E6%25B8%25B8%25E6%2599%25AF%25E7%2582%25B9&source=web_explore_feed,https://www.xiaohongshu.com/search_result/68c39069000000001c009857?xsec_token=ABWICcewRi9Fwqe0nQe-b6BI0sW_21qq9BRmmiBwTQ7OE=&xsec_source=,https://sns-webpic-qc.xhscdn.com/202603251928/89bbbe05af01f37f9c5c89d9ae41dfc0/notes_pre_post/1040g3k031malfrm8li005q01o4gjidem26omstg!nc_n_webp_mw_1,7ece6513e1d3f6040076fa2bd14fc4749791e0a78269ebe8043d296013428afe,https://www.xiaohongshu.com/search_result/68c39069000000001c009857?xsec_token=ABWICcewRi9Fwqe0nQe-b6BI0sW_21qq9BRmmiBwTQ7OE=&xsec_source=,否,否
小红书,小红书-全国旅游景区1.json,全国旅游景区1,全国5A级景区,绝对是浙江严重被低估的5A级景区|人少景美,白日梦想家王小异,https://www.xiaohongshu.com/user/profile/66a0d5f1000000002401d7e9?channel_type=web_search_result_notes&parent_page_channel_type=web_profile_board&xsec_token=AB4rayGsH5AsVuADQ9y45DtL69TkvUcCtoMa1LcwS3QIU=&xsec_source=pc_search,2025-02-11,2025-02-11,2026-03-25,7280,7280,https://www.xiaohongshu.com/search_result?keyword=%25E5%2585%25A8%25E5%259B%25BD5A%25E7%25BA%25A7%25E6%2599%25AF%25E5%258C%25BA&source=web_explore_feed,https://www.xiaohongshu.com/search_result/676ea196000000000800d1ee?xsec_token=AB7TWTGUlQO1MVXO3NYkUKFN5e1YmrSa47uZHjAEVWzuQ=&xsec_source=,https://sns-webpic-qc.xhscdn.com/202603251933/f17a4f6375d8bfaa60942ef2f14ab50b/1040g00831dp1rqub10005pl0qnop3lv9bjhaqo8!nc_n_webp_mw_1,11cdf2c49cb60baa6bacfb54f5a56e5d5673e6a97d85b7d6727e2c3bd59945ec,https://www.xiaohongshu.com/search_result/676ea196000000000800d1ee?xsec_token=AB7TWTGUlQO1MVXO3NYkUKFN5e1YmrSa47uZHjAEVWzuQ=&xsec_source=,否,否
小红书,小红书-新疆旅游景区.json,新疆旅游景区,新疆旅游景点,生活在新疆伊犁，很想和你交换春天,麻雀森林厨房,https://www.xiaohongshu.com/user/profile/6635955600000000030303d0?channel_type=web_search_result_notes&parent_page_channel_type=web_profile_board&xsec_token=AB7dHjQivDYIE2-QBXVOtizYHwKdkvZxIAkSN6KxGAxFc=&xsec_source=pc_search,03-12,2026-03-12,2026-03-25,7132,7132,https://www.xiaohongshu.com/search_result?keyword=%25E6%2596%25B0%25E7%2596%2586%25E6%2597%2585%25E6%25B8%25B8%25E6%2599%25AF%25E7%2582%25B9&source=web_explore_feed,https://www.xiaohongshu.com/search_result/69b2a099000000001502108a?xsec_token=AB2CfFqaYiQohWioVuou-0LLbeEOUFGCXRM0xPT8r7tQg=&xsec_source=,https://sns-webpic-qc.xhscdn.com/202603251945/6c521ca486fcf18265c6a7ff2c206a9f/note_pre_post_uhdr/1040g3r031tk48ovumu005phlilb0u0ug7p3uk3g!nc_n_webp_mw_1,332c1f7d625027480dd300bbfb4ae1fb0d2b9656db92967084c5d680b1125a78,https://www.xiaohongshu.com/search_result/69b2a099000000001502108a?xsec_token=AB2CfFqaYiQohWioVuou-0LLbeEOUFGCXRM0xPT8r7tQg=&xsec_source=,否,否
小红书,小红书-云南旅游景区.json,云南旅游景区,云南旅游景点,丽江三大古镇游玩攻略（地图版）,途家民宿云南攻略指南,https://www.xiaohongshu.com/user/profile/5d331a35000000001601bf1a?channel_type=web_search_result_notes&parent_page_channel_type=web_profile_board&xsec_token=ABz-vaJ6hltunuvIkvR3AjXZtBmVGpTsTP1bf4IWz5p9Q=&xsec_source=pc_search,2025-09-14,2025-09-14,2026-03-25,6688,6688,https://www.xiaohongshu.com/search_result?keyword=%25E4%25BA%2591%25E5%258D%2597%25E6%2597%2585%25E6%25B8%25B8%25E6%2599%25AF%25E7%2582%25B9&source=web_explore_feed,https://www.xiaohongshu.com/search_result/68c3d6e1000000001c03dcc3?xsec_token=ABWICcewRi9Fwqe0nQe-b6BGbHRWfGSpEuUJk_S79hU6I=&xsec_source=,https://sns-webpic-qc.xhscdn.com/202603251947/af21d44f568f345cddf7c3444cbb676c/spectrum/1040g0k031mau6gvf50005n9j38qljfoq0gt22ro!nc_n_webp_mw_1,d45b237c0180c034f794f875664b427d707dce0856c8583ff3430b6bc7824544,https://www.xiaohongshu.com/search_result/68c3d6e1000000001c03dcc3?xsec_token=ABWICcewRi9Fwqe0nQe-b6BGbHRWfGSpEuUJk_S79hU6I=&xsec_source=,否,否
小红书,小红书-东三省旅游景区.json,东三省旅游景区,东北旅游景点,不止秋天 大兴安岭的冬才是人间真绝色❄️,郭得好,https://www.xiaohongshu.com/user/profile/5c74977f0000000012035823?channel_type=web_search_result_notes&parent_page_channel_type=web_profile_board&xsec_token=AB0p_fbBRSQ_oO7A5DcL5lh8sBSF2vU3TA3ZdJp0Wo2H8=&xsec_source=pc_search,01-31,2026-01-31,2026-03-25,6631,6631,https://www.xiaohongshu.com/search_result?keyword=%25E4%25B8%259C%25E5%258C%2597%25E6%2597%2585%25E6%25B8%25B8%25E6%2599%25AF%25E7%2582%25B9&source=web_explore_feed,https://www.xiaohongshu.com/search_result/68e907d60000000004029640?xsec_token=ABnUdZ9KWQz_4n7FPeg0OthczyU48WD6jgo3pAlj0EmOc=&xsec_source=,https://sns-webpic-qc.xhscdn.com/202603251952/abeb92bb5ebb22eb73154f157580d8f5/1040g2sg31rv6viokisf05onnak8njtuogiu8pt0!nc_n_webp_mw_1,ee84ae7e43e176db427d60ddaf83f94ebf3d49fcc24e73c1ed462356f9c45504,https://www.xiaohongshu.com/search_result/68e907d60000000004029640?xsec_token=ABnUdZ9KWQz_4n7FPeg0OthczyU48WD6jgo3pAlj0EmOc=&xsec_source=,否,否
小红书,小红书-云南旅游景区.json,云南旅游景区,云南旅游景点,还分不清怎么玩云南吗？,山雾漫游日记,https://www.xiaohongshu.com/user/profile/678f2e48000000000d00a2e4?channel_type=web_search_result_notes&parent_page_channel_type=web_profile_board&xsec_token=ABAhtVzda3wg_ywIlG1A_ly_3f1koR3SEMzNrfxAVa5f4=&xsec_source=pc_search,2025-08-08,2025-08-08,2026-03-25,6347,6347,https://www.xiaohongshu.com/search_result?keyword=%25E4%25BA%2591%25E5%258D%2597%25E6%2597%2585%25E6%25B8%25B8%25E6%2599%25AF%25E7%2582%25B9&source=web_explore_feed,https://www.xiaohongshu.com/search_result/688986c1000000002302756a?xsec_token=ABUIF-nQ_vhFb7V8mVwGVJSWzTUf7bxAoorFldEn2FoFo=&xsec_source=,https://sns-webpic-qc.xhscdn.com/202603251947/9120789fc44b9ad3b77c18099690d18c/notes_pre_post/1040g3k031khvu66r30605psf5p4398n4qp43rk0!nc_n_webp_mw_1,ccae50abd3728bd317ecc7a780847a2f5b9f0968be89274a6d6f2e484ca2c666,https://www.xiaohongshu.com/search_result/688986c1000000002302756a?xsec_token=ABUIF-nQ_vhFb7V8mVwGVJSWzTUf7bxAoorFldEn2FoFo=&xsec_source=,否,否
小红书,小红书-新疆旅游景区.json,新疆旅游景区,新疆旅游景点,这里应该是世界级风景,ReneeGo,https://www.xiaohongshu.com/user/profile/642bb7540000000011020b06?channel_type=web_search_result_notes&parent_page_channel_type=web_profile_board&xsec_token=ABpFLJy5PHdCKohefRs_pVw6PDiqMHv7eoQWcJG0jpR48=&xsec_source=pc_search,2025-11-20,2025-11-20,2026-03-25,6129,6129,https://www.xiaohongshu.com/search_result?keyword=%25E6%2596%25B0%25E7%2596%2586%25E6%2597%2585%25E6%25B8%25B8%25E6%2599%25AF%25E7%2582%25B9&source=web_explore_feed,https://www.xiaohongshu.com/search_result/689c5a36000000001d0033ca?xsec_token=ABiH3tpXsEbt7mwomR-Bl9RNHURDXYa11wwLYgYX0bR30=&xsec_source=,https://sns-webpic-qc.xhscdn.com/202603251945/5ead9eacec4d045e1fc22a518fa523fe/notes_pre_post/1040g3k831l4c0q9k36e05p1bmta4c2o6gvq3qro!nc_n_webp_mw_1,357b59ab5edc441a2209f3755443c209a3e4f2e4e0f712563dbbd0356115f5f6,https://www.xiaohongshu.com/search_result/689c5a36000000001d0033ca?xsec_token=ABiH3tpXsEbt7mwomR-Bl9RNHURDXYa11wwLYgYX0bR30=&xsec_source=,否,否
小红书,小红书-云南旅游景区.json,云南旅游景区,云南旅游景点,这些梦一般的地方居然都在云南…,幽.,https://www.xiaohongshu.com/user/profile/63e460270000000028019713?channel_type=web_search_result_notes&parent_page_channel_type=web_profile_board&xsec_token=ABbXZx2f8gfx7xirFKROUtBhROFt-4kGEYDpm16HONa08=&xsec_source=pc_search,2024-10-31,2024-10-31,2026-03-25,6097,6097,https://www.xiaohongshu.com/search_result?keyword=%25E4%25BA%2591%25E5%258D%2597%25E6%2597%2585%25E6%25B8%25B8%25E6%2599%25AF%25E7%2582%25B9&source=web_explore_feed,https://www.xiaohongshu.com/search_result/67235a91000000003c01f2d3?xsec_token=ABlVCuB7oa2WRqVqqmLtCK8psKhNl6MGzDEZ_MBgwNgXk=&xsec_source=,https://sns-webpic-qc.xhscdn.com/202603251947/9f2910f02e5f8e7e883806cab39340ab/1040g2sg319k71jvvngd05ov4c0jq35ojs1b57g0!nc_n_webp_mw_1,9885fbda27de69ad5e21d65c5fb7c47119ea4273ccbc3cb33d0de8b5074be61c,https://www.xiaohongshu.com/search_result/67235a91000000003c01f2d3?xsec_token=ABlVCuB7oa2WRqVqqmLtCK8psKhNl6MGzDEZ_MBgwNgXk=&xsec_source=,否,否
小红书,小红书-云南旅游景区.json,云南旅游景区,云南旅游景点,逃进云南旅游地图里~,招财进🍔🍔🍔,https://www.xiaohongshu.com/user/profile/5b3b17034eacab3983b41b40?channel_type=web_search_result_notes&parent_page_channel_type=web_profile_board&xsec_token=AB3Nn_4h9xe40tziVfSNemwaaWCyh1PQrPXtrzQbAuxuw=&xsec_source=pc_search,2025-07-14,2025-07-14,2026-03-25,6019,6019,https://www.xiaohongshu.com/search_result?keyword=%25E4%25BA%2591%25E5%258D%2597%25E6%2597%2585%25E6%25B8%25B8%25E6%2599%25AF%25E7%2582%25B9&source=web_explore_feed,https://www.xiaohongshu.com/search_result/687461220000000012021eb0?xsec_token=AB-JOsMqPcHiWz7hC2o0qh9D2eOOWhNYYgX2XEhSF3kSU=&xsec_source=,https://sns-webpic-qc.xhscdn.com/202603251947/f7c473c4dced228e3a1ba12a4ae0d533/notes_pre_post/1040g3k831jtaso0hio704a6psobg66q0s686cb8!nc_n_webp_mw_1,3b84d6336385d4a93ea81d659cd608a9000b7d92b087d2eaf73c2513ebc27920,https://www.xiaohongshu.com/search_result/687461220000000012021eb0?xsec_token=AB-JOsMqPcHiWz7hC2o0qh9D2eOOWhNYYgX2XEhSF3kSU=&xsec_source=,否,否
小红书,小红书-西安旅游景点.json,西安旅游景点,西安旅游景点,西安遛娃9大好去处！！,西安纹眉师青青,https://www.xiaohongshu.com/user/profile/5971418282ec39236268aee3?channel_type=web_search_result_notes&parent_page_channel_type=web_profile_board&xsec_token=ABp1XCYVIKozbCaNM6a02W51bzENqzD1BMoNnrwWtTfFU=&xsec_source=pc_search,2025-07-10,2025-07-10,2026-03-25,5832,5832,https://www.xiaohongshu.com/search_result?keyword=%25E8%25A5%25BF%25E5%25AE%2589%25E6%2597%2585%25E6%25B8%25B8%25E6%2599%25AF%25E7%2582%25B9&source=web_explore_feed,https://www.xiaohongshu.com/search_result/686f38e4000000000d018122?xsec_token=ABhTvg5n1heNdj31xMeqDUNKvENyXht8agxlSqFYelWy0=&xsec_source=,https://sns-webpic-qc.xhscdn.com/202603251928/3b268eec23c66284e8665489499ba4fa/1040g2sg31jo9rf8qjq8049mgde0o5bn3le2bneo!nc_n_webp_mw_1,28bfa4baf0842f047aa639bf54e2ccc26ca7f7a8354bfaee50873376936fa119,https://www.xiaohongshu.com/search_result/686f38e4000000000d018122?xsec_token=ABhTvg5n1heNdj31xMeqDUNKvENyXht8agxlSqFYelWy0=&xsec_source=,否,否
小红书,小红书-西安旅游景点.json,西安旅游景点,西安旅游景点,西安真的太适合CityWalk啦！！,咸鱼不是keii,https://www.xiaohongshu.com/user/profile/5bbc524971e9a000014de9ef?channel_type=web_search_result_notes&parent_page_channel_type=web_profile_board&xsec_token=ABEbmDSJxsEMfdiSKbq3s2oXECQvsgR9Opel03gfJTGcY=&xsec_source=pc_search,2025-01-01,2025-01-01,2026-03-25,5778,5778,https://www.xiaohongshu.com/search_result?keyword=%25E8%25A5%25BF%25E5%25AE%2589%25E6%2597%2585%25E6%25B8%25B8%25E6%2599%25AF%25E7%2582%25B9&source=web_explore_feed,https://www.xiaohongshu.com/search_result/677510d1000000001301a211?xsec_token=ABQjEpvL0MYG44IJpJukKc5zHj2IUM_pd1TJj2Eg-z90U=&xsec_source=,https://sns-webpic-qc.xhscdn.com/202603251928/b9e0c3121f9bc4d53a49f0650da0703a/1040g00831c40hgo716004bcjgi94jqffr7h6edg!nc_n_webp_mw_1,68883d5ad6fb23bd4bc2c42a71dbcf703265650aad546fc1790a7f7c5348e2a9,https://www.xiaohongshu.com/search_result/677510d1000000001301a211?xsec_token=ABQjEpvL0MYG44IJpJukKc5zHj2IUM_pd1TJj2Eg-z90U=&xsec_source=,否,否
小红书,小红书-新疆旅游景区.json,新疆旅游景区,新疆旅游景点,新疆旅行｜天山天池懒人版两小时速玩攻略,小马达阿豆,https://www.xiaohongshu.com/user/profile/5d2946760000000016028bf1?channel_type=web_search_result_notes&parent_page_channel_type=web_profile_board&xsec_token=ABrUjbI97eecHYKw2XRXGgB-FRWH6MOz0zO1St20fE9rQ=&xsec_source=pc_search,2025-07-22,2025-07-22,2026-03-25,5706,5706,https://www.xiaohongshu.com/search_result?keyword=%25E6%2596%25B0%25E7%2596%2586%25E6%2597%2585%25E6%25B8%25B8%25E6%2599%25AF%25E7%2582%25B9&source=web_explore_feed,https://www.xiaohongshu.com/search_result/687f48c90000000012032c1f?xsec_token=ABtcdhAf3eQ7vohxjql6JoDTNIRql--y5uGkITyIoO7ho=&xsec_source=,https://sns-webpic-qc.xhscdn.com/202603251945/65831930a39a7edb9877a00919292fbe/1040g00831k7v2ko6j40g5n998pr5l2vhnvelr5o!nc_n_webp_mw_1,49263ced7c0741f2210bb2287a9298ab74a0386e6f7576f685a1dffd0a4194a2,https://www.xiaohongshu.com/search_result/687f48c90000000012032c1f?xsec_token=ABtcdhAf3eQ7vohxjql6JoDTNIRql--y5uGkITyIoO7ho=&xsec_source=,否,否
小红书,小红书-云南旅游景区.json,云南旅游景区,云南旅游景点,大理📍全网最详细版攻略,途家民宿云南攻略指南,https://www.xiaohongshu.com/user/profile/5d331a35000000001601bf1a?channel_type=web_search_result_notes&parent_page_channel_type=web_profile_board&xsec_token=ABz-vaJ6hltunuvIkvR3AjXZtBmVGpTsTP1bf4IWz5p9Q=&xsec_source=pc_search,02-08,2026-02-08,2026-03-25,5611,5611,https://www.xiaohongshu.com/search_result?keyword=%25E4%25BA%2591%25E5%258D%2597%25E6%2597%2585%25E6%25B8%25B8%25E6%2599%25AF%25E7%2582%25B9&source=web_explore_feed,https://www.xiaohongshu.com/search_result/6985b7c4000000001a02c99f?xsec_token=ABtd-0lUL8H_9k9jtszhr1A21rK7tZfp2i3oxjnqpH2Xc=&xsec_source=,https://sns-webpic-qc.xhscdn.com/202603251947/b7aa0275e8b51f50551fe6ea9f3e9c6e/spectrum/1040g0k031s88tkqn58005n9j38qljfoql3f1nkg!nc_n_webp_mw_1,bd97287ecac25f973e6fd4ee3fab5a6ca156a9db062ec41d165bda410894e040,https://www.xiaohongshu.com/search_result/6985b7c4000000001a02c99f?xsec_token=ABtd-0lUL8H_9k9jtszhr1A21rK7tZfp2i3oxjnqpH2Xc=&xsec_source=,否,否
小红书,小红书-西安旅游景点.json,西安旅游景点,西安旅游景点,来西安旅游只有本地人才知道的6个小众景点,羊妞Go,https://www.xiaohongshu.com/user/profile/67eff621000000000e0115ca?channel_type=web_search_result_notes&parent_page_channel_type=web_profile_board&xsec_token=ABscsyx24BBDeRQHnv7WD1rlsshbSi2ho8uBCV5MSZzP0=&xsec_source=pc_search,2025-10-01,2025-10-01,2026-03-25,5257,5257,https://www.xiaohongshu.com/search_result?keyword=%25E8%25A5%25BF%25E5%25AE%2589%25E6%2597%2585%25E6%25B8%25B8%25E6%2599%25AF%25E7%2582%25B9&source=web_explore_feed,https://www.xiaohongshu.com/search_result/68dc7fd30000000004010482?xsec_token=ABiOp3GQayzlA4wUkvkq0O3Ck_HHhBMaTGozEuZ0mbAN0=&xsec_source=,https://sns-webpic-qc.xhscdn.com/202603251928/edec132ba09cca4dd523574c878e069e/spectrum/1040g34o31n2ggquul20g5pvfuogji5ead1bacv0!nc_n_webp_mw_1,a0913c6d0dfe9e15fa22dfba34fca960cc6b203945bd4da3f15d31db45c7ec4b,https://www.xiaohongshu.com/search_result/68dc7fd30000000004010482?xsec_token=ABiOp3GQayzlA4wUkvkq0O3Ck_HHhBMaTGozEuZ0mbAN0=&xsec_source=,否,否
小红书,小红书-云南旅游景区.json,云南旅游景区,云南旅游景点,大理最chill的地方都是最美的（live合集…）,白一达Zico,https://www.xiaohongshu.com/user/profile/59cced566eea882ade6d8b6a?channel_type=web_search_result_notes&parent_page_channel_type=web_profile_board&xsec_token=ABiXf2sSfVrrUqwqMXFr2PsMVr3T8yl5dP4GYUQtVTW-E=&xsec_source=pc_search,2025-12-10,2025-12-10,2026-03-25,5200,5200,https://www.xiaohongshu.com/search_result?keyword=%25E4%25BA%2591%25E5%258D%2597%25E6%2597%2585%25E6%25B8%25B8%25E6%2599%25AF%25E7%2582%25B9&source=web_explore_feed,https://www.xiaohongshu.com/search_result/69397f4c000000000d036d90?xsec_token=ABFIrxYq5dLWHQSVi5iDRpsUXMRyKfJzpaMZP67qsrO10=&xsec_source=,https://sns-webpic-qc.xhscdn.com/202603251947/a18522904e4567816948f9ba4d6269e5/1040g00831ptqjeh2km3049rictmld2ra69mf64g!nc_n_webp_mw_1,750de7bbe4e56f85787047c2eaaa24cfe646addf21d3f84414836b0bc943b649,https://www.xiaohongshu.com/search_result/69397f4c000000000d036d90?xsec_token=ABFIrxYq5dLWHQSVi5iDRpsUXMRyKfJzpaMZP67qsrO10=&xsec_source=,否,否
小红书,小红书-西安旅游景点2.json,西安旅游景点2,西安旅游景点,西安三天两晚好吃好玩好逛的超全攻略来啦！！,垚啊垚,https://www.xiaohongshu.com/user/profile/591482f65e87e7498d0aa567?channel_type=web_search_result_notes&parent_page_channel_type=web_profile_board&xsec_token=ABFguTJtxAemBesTYSjvLxIuP_eIhBKU57WDf1fNBVSr0=&xsec_source=pc_search,2025-04-11,2025-04-11,2026-03-25,4960,4960,https://www.xiaohongshu.com/search_result?keyword=%25E8%25A5%25BF%25E5%25AE%2589%25E6%2597%2585%25E6%25B8%25B8%25E6%2599%25AF%25E7%2582%25B9&source=web_explore_feed,https://www.xiaohongshu.com/search_result/67f8f454000000001202eb15?xsec_token=AB9yE60Y-3v2kgzKKlnFc9aofahdjJvl062JVIpMZo508=&xsec_source=,https://sns-webpic-qc.xhscdn.com/202603251930/fe296238ba28138134276c6c1736d4e8/1040g2sg31g4q273vha7049g1pd1fd9b7spq75fg!nc_n_webp_mw_1,92250e9baba4044cf139ee8605b317f8ab99bc293ba3f3052e393f2d70d54620,https://www.xiaohongshu.com/search_result/67f8f454000000001202eb15?xsec_token=AB9yE60Y-3v2kgzKKlnFc9aofahdjJvl062JVIpMZo508=&xsec_source=,否,否
小红书,小红书-新疆旅游景区.json,新疆旅游景区,新疆旅游景点,乌鲁木齐一日游,流氓兔～,https://www.xiaohongshu.com/user/profile/6170a299000000000201acea?channel_type=web_search_result_notes&parent_page_channel_type=web_profile_board&xsec_token=ABAejDqVPfF0a-QGU2rqrOc1GGLCv4NJy__31yleCv2IM=&xsec_source=pc_search,2025-02-03,2025-02-03,2026-03-25,4884,4884,https://www.xiaohongshu.com/search_result?keyword=%25E6%2596%25B0%25E7%2596%2586%25E6%2597%2585%25E6%25B8%25B8%25E6%2599%25AF%25E7%2582%25B9&source=web_explore_feed,https://www.xiaohongshu.com/search_result/67a0beb90000000017038f93?xsec_token=ABrqAgeZInwVpvObvcDYRRQmre9YsQMmzVYdmx5I59A6s=&xsec_source=,https://sns-webpic-qc.xhscdn.com/202603251946/e0ad88ea87c192a89b22b59a3c20c815/1040g00831delgqv610005obgkacgjb7adh07km0!nc_n_webp_mw_1,f91f5fbb0cf575748c874f83eb939829a4399d9dd1109a18d6c8217a50884c0b,https://www.xiaohongshu.com/search_result/67a0beb90000000017038f93?xsec_token=ABrqAgeZInwVpvObvcDYRRQmre9YsQMmzVYdmx5I59A6s=&xsec_source=,否,否
小红书,小红书-西安旅游景点2.json,西安旅游景点2,西安旅游景点,西安洒金桥早市，广仁寺,July的来,https://www.xiaohongshu.com/user/profile/5647c743c2bdeb10d04d0322?channel_type=web_search_result_notes&parent_page_channel_type=web_profile_board&xsec_token=ABpeXCwOodfw88TQCSXY7KVH-VoQ5MXQETAFwa0My7PMw=&xsec_source=pc_search,2025-06-28,2025-06-28,2026-03-25,4826,4826,https://www.xiaohongshu.com/search_result?keyword=%25E8%25A5%25BF%25E5%25AE%2589%25E6%2597%2585%25E6%25B8%25B8%25E6%2599%25AF%25E7%2582%25B9&source=web_explore_feed,https://www.xiaohongshu.com/search_result/685fa6740000000017033905?xsec_token=ABpxIUvURq37UIj2G85KItJfgiUDO_pNI5MdTnTH02sX4=&xsec_source=,https://sns-webpic-qc.xhscdn.com/202603251930/41ac43b1b9539d866ad4fd628fd8dc2e/notes_pre_post/1040g3k031j933l1ij23042elgl3k60p2br6vogg!nc_n_webp_mw_1,465b35bf20fdff3a2c6dbd3f8d23157724f128ea0751988ecc72694e68ee71b9,https://www.xiaohongshu.com/search_result/685fa6740000000017033905?xsec_token=ABpxIUvURq37UIj2G85KItJfgiUDO_pNI5MdTnTH02sX4=&xsec_source=,否,否
小红书,小红书-西安旅游景点.json,西安旅游景点,西安旅游景点,西安值得一去的景点有哪些,ayayaya,https://www.xiaohongshu.com/user/profile/6180c5c3000000000201f65b?channel_type=web_search_result_notes&parent_page_channel_type=web_profile_board&xsec_token=ABFBV4SPrKtA_OS7BbuwW3JmO8qBoIJ_hViSYUA3lujLE=&xsec_source=pc_search,2024-12-30,2024-12-30,2026-03-25,4799,4799,https://www.xiaohongshu.com/search_result?keyword=%25E8%25A5%25BF%25E5%25AE%2589%25E6%2597%2585%25E6%25B8%25B8%25E6%2599%25AF%25E7%2582%25B9&source=web_explore_feed,https://www.xiaohongshu.com/search_result/6772aea9000000000b00e968?xsec_token=ABSsZw_eq249n6RPofat-lNApXxmPz98jur2C2LjU0SF8=&xsec_source=,https://sns-webpic-qc.xhscdn.com/202603251928/dcdfad4505014a436d3a9f2f0847559f/1040g00831c1m238cgs005oc0on1gjtirisrdpcg!nc_n_webp_mw_1,59243d902369bc6ebffae59e93700160e48840c13d386cb62b6ac0c970f640c7,https://www.xiaohongshu.com/search_result/6772aea9000000000b00e968?xsec_token=ABSsZw_eq249n6RPofat-lNApXxmPz98jur2C2LjU0SF8=&xsec_source=,否,否
小红书,小红书-新疆5A旅游景区.json,新疆5A旅游景区,新疆5A级景区,七月份来新疆不推荐的十二个景区,小强爱旅行,https://www.xiaohongshu.com/user/profile/67d4ed0f0000000006012709?channel_type=web_search_result_notes&parent_page_channel_type=web_profile_board&xsec_token=ABzO8GTR3WzZfCeuH5Tb0mWmYOpgnEuoHVursEYv1BvsI=&xsec_source=pc_search,2025-06-18,2025-06-18,2026-03-25,4796,4796,https://www.xiaohongshu.com/search_result?keyword=%25E6%2596%25B0%25E7%2596%25865A%25E7%25BA%25A7%25E6%2599%25AF%25E5%258C%25BA&source=web_explore_feed,https://www.xiaohongshu.com/search_result/68519dbd000000002202a590?xsec_token=ABp3LPU2AFy6mF-POT1bnSbgm_TpIi0DJNcPXtp54_6nw=&xsec_source=,https://sns-webpic-qc.xhscdn.com/202603251943/bc2dea00f54e2f43fc9bf69f151e619c/1040g00831irckp0f0u005puktk7hi9o927ivk50!nc_n_webp_mw_1,dbb7a312b0b87bb4588eb5b9b292d669854350e0a1ec26c26feb89d3ec26fe1c,https://www.xiaohongshu.com/search_result/68519dbd000000002202a590?xsec_token=ABp3LPU2AFy6mF-POT1bnSbgm_TpIi0DJNcPXtp54_6nw=&xsec_source=,否,否
小红书,小红书-新疆旅游景区.json,新疆旅游景区,新疆旅游景点,是阿勒泰的夏天啊,Less📷,https://www.xiaohongshu.com/user/profile/60ed562f0000000001007f8f?channel_type=web_search_result_notes&parent_page_channel_type=web_profile_board&xsec_token=AB7xEGJFtXE03SXPRpyYrL5LIcA4PwoBC_8M4LU1zl-4Y=&xsec_source=pc_search,2025-05-26,2025-05-26,2026-03-25,4766,4766,https://www.xiaohongshu.com/search_result?keyword=%25E6%2596%25B0%25E7%2596%2586%25E6%2597%2585%25E6%25B8%25B8%25E6%2599%25AF%25E7%2582%25B9&source=web_explore_feed,https://www.xiaohongshu.com/search_result/68305217000000002202ca56?xsec_token=ABg_JYvT9JRyRkmljrcwXxZsLN-Q8ryuuu1TI23nVTC7k=&xsec_source=,https://sns-webpic-qc.xhscdn.com/202603251946/d0fb06378b75563c1b66b9052d14332f/1040g2sg31hqs82t2j8e05o7daong8vsf98jads0!nc_n_webp_mw_1,375fbee9cee5c987c0edc85756890eeb39d90bb8c36b3c8d9bdd8e19453ff635,https://www.xiaohongshu.com/search_result/68305217000000002202ca56?xsec_token=ABg_JYvT9JRyRkmljrcwXxZsLN-Q8ryuuu1TI23nVTC7k=&xsec_source=,否,否
小红书,小红书-东三省旅游景区.json,东三省旅游景区,东北旅游景点,,冬游东北（中一导游）,https://www.xiaohongshu.com/user/profile/672d9f58000000001d02d43e?channel_type=web_search_result_notes&parent_page_channel_type=web_profile_board&xsec_token=ABuAJjmxdnbIjrrV8ZH6ZSya8GWBbKDv3hzvzRqNX2ZVs=&xsec_source=pc_search,2025-11-20,2025-11-20,2026-03-25,4530,4530,https://www.xiaohongshu.com/search_result?keyword=%25E4%25B8%259C%25E5%258C%2597%25E6%2597%2585%25E6%25B8%25B8%25E6%2599%25AF%25E7%2582%25B9&source=web_explore_feed,https://www.xiaohongshu.com/search_result/691ed6c2000000000d03d0bc?xsec_token=ABSNx3goz98v3FMXjeFovxt9R09gkljfvlhOq94cLr3mo=&xsec_source=,https://sns-webpic-qc.xhscdn.com/202603251952/567c1309ff6c0063da1557da2f89e6f0/1040g2sg31p3ptsbf2ue05ppdjtc7dl1u0qnng90!nc_n_webp_mw_1,e42c9b4033da43149369a2486473f803342c8fa34da30a8e377fab6cba845a75,https://www.xiaohongshu.com/search_result/691ed6c2000000000d03d0bc?xsec_token=ABSNx3goz98v3FMXjeFovxt9R09gkljfvlhOq94cLr3mo=&xsec_source=,是,否
小红书,小红书-云南旅游景区.json,云南旅游景区,云南旅游景点,不爬玉龙雪山🏔️只去蓝月谷的姐妹看这里👀,Sunniva,https://www.xiaohongshu.com/user/profile/56593a9c82718c10cc40c320?channel_type=web_search_result_notes&parent_page_channel_type=web_profile_board&xsec_token=ABu1TGAyG01YQ_NapJyzx-DhqRqu6R6OixXh0qimXhxV0=&xsec_source=pc_search,02-23,2026-02-23,2026-03-25,4280,4280,https://www.xiaohongshu.com/search_result?keyword=%25E4%25BA%2591%25E5%258D%2597%25E6%2597%2585%25E6%25B8%25B8%25E6%2599%25AF%25E7%2582%25B9&source=web_explore_feed,https://www.xiaohongshu.com/search_result/699c5dd20000000028008f94?xsec_token=AB3oejaDO308W00WkJc3rKjshborlKzdnk_rYpfQ4eZp8=&xsec_source=,https://sns-webpic-qc.xhscdn.com/202603251947/a22d8e162c115269a6e74916bc0311d2/notes_pre_post/1040g3k831sucn1ek687043cukft9pgp06r6tp90!nc_n_webp_mw_1,d5dd5908b25d11a85b93a01dec5a458212343335cfd4cbf413bc0503fe8f3d24,https://www.xiaohongshu.com/search_result/699c5dd20000000028008f94?xsec_token=AB3oejaDO308W00WkJc3rKjshborlKzdnk_rYpfQ4eZp8=&xsec_source=,否,否
小红书,小红书-全国旅游景区2.json,全国旅游景区2,5A级景区,你心中的天花板是哪个？,亿点点百科,https://www.xiaohongshu.com/user/profile/5df0aff40000000001002159?channel_type=web_search_result_notes&parent_page_channel_type=web_profile_board&xsec_token=ABi9G6R0N7Wzll-ujRr_mT84a44sD5ayxMhxD6Y0qumfQ=&xsec_source=pc_search,03-02,2026-03-02,2026-03-25,4190,4190,https://www.xiaohongshu.com/search_result?keyword=5A%25E7%25BA%25A7%25E6%2599%25AF%25E5%258C%25BA&source=web_explore_feed,https://www.xiaohongshu.com/search_result/69a5074a000000001d010ba8?xsec_token=ABDSFwEzuai9s-wQtQ6_0Ef6CXb-TxYEXo34JMwGjB6BE=&xsec_source=,https://sns-webpic-qc.xhscdn.com/202603251936/10ab0dfbc5a85e8ff501a010c7de426b/spectrum/1040g0k031t6rc8omla005nfglvq088apvgfggf0!nc_n_webp_mw_1,4d34f671a0b2dcbd228dc3a4b4d828af7dce69bb0b7b83cd1e00c2623537c190,https://www.xiaohongshu.com/search_result/69a5074a000000001d010ba8?xsec_token=ABDSFwEzuai9s-wQtQ6_0Ef6CXb-TxYEXo34JMwGjB6BE=&xsec_source=,否,否
小红书,小红书-西安旅游景点.json,西安旅游景点,西安旅游景点,,椰丝mola,https://www.xiaohongshu.com/user/profile/5d9c337e000000000100119f?channel_type=web_search_result_notes&parent_page_channel_type=web_profile_board&xsec_token=ABf5qRg7-HqTFZC3kyMgG85Z75THkQg2JQxrl85jt0t4Y=&xsec_source=pc_search,01-20,2026-01-20,2026-03-25,4048,4048,https://www.xiaohongshu.com/search_result?keyword=%25E8%25A5%25BF%25E5%25AE%2589%25E6%2597%2585%25E6%25B8%25B8%25E6%2599%25AF%25E7%2582%25B9&source=web_explore_feed,https://www.xiaohongshu.com/search_result/696fa0ac000000000c034dc9?xsec_token=AB77uzi0EerVRpy94KBEYAZzq2LOQgUibtPOH1yy5VH3Y=&xsec_source=,https://sns-webpic-qc.xhscdn.com/202603251928/b1f16093109ca552c2e141cc840b00a5/cbcb8e12-4e9e-3c1c-887c-9783dfbb332a!nc_n_webp_mw_1,3e9e8004db5dfaae34284a8f43b833d6760fd7173a3b93a56ef3ffed59e2f6c3,https://www.xiaohongshu.com/search_result/696fa0ac000000000c034dc9?xsec_token=AB77uzi0EerVRpy94KBEYAZzq2LOQgUibtPOH1yy5VH3Y=&xsec_source=,是,否
小红书,小红书-西安旅游景点.json,西安旅游景点,西安旅游景点,支招！应该怎么安排路线啊,干饭第一名,https://www.xiaohongshu.com/user/profile/6093ba6e000000000100947d?channel_type=web_search_result_notes&parent_page_channel_type=web_profile_board&xsec_token=ABlAPyN3t_EHBypTqolESmcUXwlDh1WnxSaXOun2yAEBs=&xsec_source=pc_search,2025-07-12,2025-07-12,2026-03-25,4025,4025,https://www.xiaohongshu.com/search_result?keyword=%25E8%25A5%25BF%25E5%25AE%2589%25E6%2597%2585%25E6%25B8%25B8%25E6%2599%25AF%25E7%2582%25B9&source=web_explore_feed,https://www.xiaohongshu.com/search_result/6871379700000000120140e2?xsec_token=ABsl-s49AQGGHNdd3PNBN-7rSYt4xwOkDBiJJWNvPpb-A=&xsec_source=,https://sns-webpic-qc.xhscdn.com/202603251928/de82e56f20573a38bf9dbfefdeca8227/notes_pre_post/1040g3k831jq850022a7g5o4jn9n0953t3fldnng!nc_n_webp_mw_1,c305d626f0607b179d294a3f2565ed927574a11956d71b027e1ecd5bf0377c15,https://www.xiaohongshu.com/search_result/6871379700000000120140e2?xsec_token=ABsl-s49AQGGHNdd3PNBN-7rSYt4xwOkDBiJJWNvPpb-A=&xsec_source=,否,否
小红书,小红书-西安旅游景点.json,西安旅游景点,西安旅游景点,西安夜景指南｜🔟个超震撼机位📸,ATM.24,https://www.xiaohongshu.com/user/profile/5b02fe5911be10068be1f074?channel_type=web_search_result_notes&parent_page_channel_type=web_profile_board&xsec_token=ABL4vY0AubPmoKdBIn-xYds8ZIHuD6IMlkU_HQp0tfahM=&xsec_source=pc_search,2025-06-20,2025-06-20,2026-03-25,3997,3997,https://www.xiaohongshu.com/search_result?keyword=%25E8%25A5%25BF%25E5%25AE%2589%25E6%2597%2585%25E6%25B8%25B8%25E6%2599%25AF%25E7%2582%25B9&source=web_explore_feed,https://www.xiaohongshu.com/search_result/6855452d000000002203fbd2?xsec_token=ABHixcZPDj8w1aeleGERn2ygk1ikzqycBZo2-jS4J-BMI=&xsec_source=,https://sns-webpic-qc.xhscdn.com/202603251928/bef5a9485c24114d90258f1f40a4411d/notes_pre_post/1040g3k031iuui3mkh42g4a5h7ov5js3k7al2gbo!nc_n_webp_mw_1,ad714b0ce01e85b258c2d2016bb81fc16587cc4e0c1b64c8e3281b96a5642a24,https://www.xiaohongshu.com/search_result/6855452d000000002203fbd2?xsec_token=ABHixcZPDj8w1aeleGERn2ygk1ikzqycBZo2-jS4J-BMI=&xsec_source=,否,否
小红书,小红书-西安旅游景点2.json,西安旅游景点2,西安旅游景点,一篇讲清楚👉拍到西安钟鼓楼同框详细路线,Drinky小键键,https://www.xiaohongshu.com/user/profile/5cc8d5fe0000000017002564?channel_type=web_search_result_notes&parent_page_channel_type=web_profile_board&xsec_token=AByzNM4i0hkozbIvAXxrs6vf7BRdjcrUr2OOL-fo58ywQ=&xsec_source=pc_search,2025-06-15,2025-06-15,2026-03-25,3945,3945,https://www.xiaohongshu.com/search_result?keyword=%25E8%25A5%25BF%25E5%25AE%2589%25E6%2597%2585%25E6%25B8%25B8%25E6%2599%25AF%25E7%2582%25B9&source=web_explore_feed,https://www.xiaohongshu.com/search_result/684ed5d9000000000f03b386?xsec_token=ABqFlNku9lF0KowG9YnS7G4jRpVi3TJZM3U61MhHFCh98=&xsec_source=,https://sns-webpic-qc.xhscdn.com/202603251930/0b48079e1bfea50099afbb1dbde87dc1/1040g2sg31iolhrklhaqg5n68qnv5o9b4er86beo!nc_n_webp_mw_1,3ee1681a9a03e4d2e7d13173e9dae20aa04b115fdc67e942abad8437040ad4b8,https://www.xiaohongshu.com/search_result/684ed5d9000000000f03b386?xsec_token=ABqFlNku9lF0KowG9YnS7G4jRpVi3TJZM3U61MhHFCh98=&xsec_source=,否,否
小红书,小红书-西安旅游景点2.json,西安旅游景点2,西安旅游景点,耗时一年❗️我逛遍了西安的99个小众景点❗️,蔡启铭在西安,https://www.xiaohongshu.com/user/profile/66b249cb000000000b033bb8?channel_type=web_search_result_notes&parent_page_channel_type=web_profile_board&xsec_token=ABqlrJ0_4-lwQXnWMWLb_evXriz3rNbefgp44Rg3-8_Rk=&xsec_source=pc_search,2025-09-04,2025-09-04,2026-03-25,3928,3928,https://www.xiaohongshu.com/search_result?keyword=%25E8%25A5%25BF%25E5%25AE%2589%25E6%2597%2585%25E6%25B8%25B8%25E6%2599%25AF%25E7%2582%25B9&source=web_explore_feed,https://www.xiaohongshu.com/search_result/68b060e7000000001d00781d?xsec_token=AB0QbFbIDlnVmX1iMG3RddvmriUvr8b9woPQnFInGbfVc=&xsec_source=,https://sns-webpic-qc.xhscdn.com/202603251930/f6f0be396f7e5c62d202f41ed7da72c1/notes_pre_post/1040g3k831lntut6fku805pli975iuetos23go5o!nc_n_webp_mw_1,2f0be114de0ce78683426818466573ee929f9d1217d8ca70b7a5a359dae5c0a8,https://www.xiaohongshu.com/search_result/68b060e7000000001d00781d?xsec_token=AB0QbFbIDlnVmX1iMG3RddvmriUvr8b9woPQnFInGbfVc=&xsec_source=,否,否
小红书,小红书-东三省旅游景区.json,东三省旅游景区,东北旅游景点,一家3口👪6天共花6188✅畅玩东北+长白山,哈尔滨乐乎国际旅行社有限公司,https://www.xiaohongshu.com/user/profile/686ba117000000001b02341d?channel_type=web_search_result_notes&parent_page_channel_type=web_profile_board&xsec_token=ABTGjBbHcJP02LO_msG-om4Qup2vXoDjadeazDqH5gELo=&xsec_source=pc_search,2025-12-15,2025-12-15,2026-03-25,3893,3893,https://www.xiaohongshu.com/search_result?keyword=%25E4%25B8%259C%25E5%258C%2597%25E6%2597%2585%25E6%25B8%25B8%25E6%2599%25AF%25E7%2582%25B9&source=web_explore_feed,https://www.xiaohongshu.com/search_result/69033e650000000005030569?xsec_token=ABbkqkrep_DI5nDdYknqGUl1ompfcIrqE62JBmYFrd_WU=&xsec_source=,https://sns-webpic-qc.xhscdn.com/202603251952/2da9e542d58ef3093809237b53cf3251/spectrum/1040g0k031q427p3fmu005q3bk4bmsd0th46h6vg!nc_n_webp_mw_1,97d3a063571a2a131f3cd9012554e77fb439d0c4689642b848af02fdb79ff185,https://www.xiaohongshu.com/search_result/69033e650000000005030569?xsec_token=ABbkqkrep_DI5nDdYknqGUl1ompfcIrqE62JBmYFrd_WU=&xsec_source=,否,否
小红书,小红书-新疆旅游景区.json,新疆旅游景区,新疆旅游景点,唐布拉百里画廊|喀什河美到next level,CPH景珩,https://www.xiaohongshu.com/user/profile/5db24ec20000000001007cbe?channel_type=web_search_result_notes&parent_page_channel_type=web_profile_board&xsec_token=ABXOwcp9lJOUJG8SHyDaZiLxEi4o5nrUaZRSTmtkS9CA0=&xsec_source=pc_search,2025-06-30,2025-06-30,2026-03-25,3871,3871,https://www.xiaohongshu.com/search_result?keyword=%25E6%2596%25B0%25E7%2596%2586%25E6%2597%2585%25E6%25B8%25B8%25E6%2599%25AF%25E7%2582%25B9&source=web_explore_feed,https://www.xiaohongshu.com/search_result/6862615c0000000020018894?xsec_token=ABciwDZZ5Le6BJo7vLHlRbQ6ZWqOAnSUsucXJsCFmEWC4=&xsec_source=,https://sns-webpic-qc.xhscdn.com/202603251945/cea4eb2b37dc46aca73e21487d4e6b69/1040g00831jbla8v430005ndi9r108v5u4h75flg!nc_n_webp_mw_1,b237828adbc50880db9edeec3475567663003b7abc4eea42c7fbbd39ea5bc06c,https://www.xiaohongshu.com/search_result/6862615c0000000020018894?xsec_token=ABciwDZZ5Le6BJo7vLHlRbQ6ZWqOAnSUsucXJsCFmEWC4=&xsec_source=,否,否
小红书,小红书-新疆旅游景区.json,新疆旅游景区,新疆旅游景点,新疆小众景点推荐,甜瓜小艾,https://www.xiaohongshu.com/user/profile/632ae6d400000000230261ea?channel_type=web_search_result_notes&parent_page_channel_type=web_profile_board&xsec_token=ABIpT9oeTsa3TS3zhBZHn18PsLkd23937kcbcXe4ECQpM=&xsec_source=pc_search,2025-06-06,2025-06-06,2026-03-25,3794,3794,https://www.xiaohongshu.com/search_result?keyword=%25E6%2596%25B0%25E7%2596%2586%25E6%2597%2585%25E6%25B8%25B8%25E6%2599%25AF%25E7%2582%25B9&source=web_explore_feed,https://www.xiaohongshu.com/search_result/6842384b0000000020028ac9?xsec_token=ABkX1_GX8gyaln22kshi19i4EE19pMwe8mxrrXkQ5gCaI=&xsec_source=,https://sns-webpic-qc.xhscdn.com/202603251945/671693e162ccbcc144c9d79586346e5e/1040g00831icbic51ga005opasra8sofa6s3r420!nc_n_webp_mw_1,6f0a5aec3584fa00ed3d742b85553643aab037caf4294f4020b154ab631428e0,https://www.xiaohongshu.com/search_result/6842384b0000000020028ac9?xsec_token=ABkX1_GX8gyaln22kshi19i4EE19pMwe8mxrrXkQ5gCaI=&xsec_source=,否,否
小红书,小红书-西安旅游景点2.json,西安旅游景点2,西安旅游景点,,中国旅行推荐,https://www.xiaohongshu.com/user/profile/6535c7ac000000000301ef72?channel_type=web_search_result_notes&parent_page_channel_type=web_profile_board&xsec_token=ABQRcTg8oRYIvqLy4LE5AP-X0dgm1RBf1I0nvblUy4PLQ=&xsec_source=pc_search,2025-04-25,2025-04-25,2026-03-25,3725,3725,https://www.xiaohongshu.com/search_result?keyword=%25E8%25A5%25BF%25E5%25AE%2589%25E6%2597%2585%25E6%25B8%25B8%25E6%2599%25AF%25E7%2582%25B9&source=web_explore_feed,https://www.xiaohongshu.com/search_result/680b3756000000001e002a21?xsec_token=AB6CJ5dzF3itosqOJCEWdxYqBbnzKq3QYnSFapAaaeJeI=&xsec_source=,https://sns-webpic-qc.xhscdn.com/202603251930/4f44851a64f1cb1be9036901f6bd9784/1040g2sg31gmkm79bju005p9loum0rrrigp68v30!nc_n_webp_mw_1,71dfbb79007b56d9462f111897abba676ee2d3e34223b14d153a46db2b8415b3,https://www.xiaohongshu.com/search_result/680b3756000000001e002a21?xsec_token=AB6CJ5dzF3itosqOJCEWdxYqBbnzKq3QYnSFapAaaeJeI=&xsec_source=,是,否
小红书,小红书-云南旅游景区.json,云南旅游景区,云南旅游景点,云南十天九晚人均3k旅行攻略 ✈️🌿,管你爱来不来（见过泷泷版,https://www.xiaohongshu.com/user/profile/5b87e41164e23a0001d2871f?channel_type=web_search_result_notes&parent_page_channel_type=web_profile_board&xsec_token=ABYfunnNF9TgIlJ0B4hbAogBCOW9iF9prrHnQf2Ip8_EM=&xsec_source=pc_search,2025-08-19,2025-08-19,2026-03-25,3696,3696,https://www.xiaohongshu.com/search_result?keyword=%25E4%25BA%2591%25E5%258D%2597%25E6%2597%2585%25E6%25B8%25B8%25E6%2599%25AF%25E7%2582%25B9&source=web_explore_feed,https://www.xiaohongshu.com/search_result/68a40091000000001d012691?xsec_token=ABZ8EG7eEsOSRNACnMS57IMRHrA6bLVd-PU2RKsg08C_U=&xsec_source=,https://sns-webpic-qc.xhscdn.com/202603251947/9143f271bd5de894a388932afcad6371/notes_pre_post/1040g3k831lbr9kb350cg4amdr9i131ov36sqnf8!nc_n_webp_mw_1,7be758da369eeb69ca4929dbbf3ca57a516058e9adffa7cd9a754964945dfb79,https://www.xiaohongshu.com/search_result/68a40091000000001d012691?xsec_token=ABZ8EG7eEsOSRNACnMS57IMRHrA6bLVd-PU2RKsg08C_U=&xsec_source=,否,否
小红书,小红书-新疆5A旅游景区.json,新疆5A旅游景区,新疆5A级景区,去新疆前刷到就好了！伊犁环线超详细攻略！,六斤Libra,https://www.xiaohongshu.com/user/profile/6486e2c6000000001f006265?channel_type=web_search_result_notes&parent_page_channel_type=web_profile_board&xsec_token=ABqhmx9Bd9q4M1hHjcWsfmZLIB70o45wAMS3Tqa2dSAkQ=&xsec_source=pc_search,2025-07-22,2025-07-22,2026-03-25,3557,3557,https://www.xiaohongshu.com/search_result?keyword=%25E6%2596%25B0%25E7%2596%25865A%25E7%25BA%25A7%25E6%2599%25AF%25E5%258C%25BA&source=web_explore_feed,https://www.xiaohongshu.com/search_result/687b66a80000000024008c38?xsec_token=AB8pyaGSN-liqyHF0rJwblMUzUOsIxiKKeAEP3izLMhmQ=&xsec_source=,https://sns-webpic-qc.xhscdn.com/202603251943/f886844dec682d055397ae45aaef54eb/spectrum/1040g34o31k84grjuj6105p46sb37ooj5okk52n0!nc_n_webp_mw_1,fdbdb5cba9f2180112b52ecd65779abef33968e26143ebf48c8aba0126945078,https://www.xiaohongshu.com/search_result/687b66a80000000024008c38?xsec_token=AB8pyaGSN-liqyHF0rJwblMUzUOsIxiKKeAEP3izLMhmQ=&xsec_source=,否,否
小红书,小红书-西安旅游景点.json,西安旅游景点,西安旅游景点,西安四天三夜｜意满离保姆总结攻略,在途拾光,https://www.xiaohongshu.com/user/profile/558e01ec6b9f1641e6c86bf3?channel_type=web_search_result_notes&parent_page_channel_type=web_profile_board&xsec_token=AB2l2wSkle4YJLGPCLY73fvICXy4ADi8hlHfXpPE_rti4=&xsec_source=pc_search,2025-12-09,2025-12-09,2026-03-25,3528,3528,https://www.xiaohongshu.com/search_result?keyword=%25E8%25A5%25BF%25E5%25AE%2589%25E6%2597%2585%25E6%25B8%25B8%25E6%2599%25AF%25E7%2582%25B9&source=web_explore_feed,https://www.xiaohongshu.com/search_result/6935786a000000001e01145f?xsec_token=ABNAWfcwn4zvjjpBrow-78994DS0fWMtUZkP8iGoSXICg=&xsec_source=,https://sns-webpic-qc.xhscdn.com/202603251928/fbeeb3366ef1862c8504c145230675ed/notes_pre_post/1040g3k831ppt5rsg50dg40sku60uoqvjgs24ugg!nc_n_webp_mw_1,bd2e9f46a37f8f26e15da0e353ed70560f210fb6716f973bd9ff4fd16528064f,https://www.xiaohongshu.com/search_result/6935786a000000001e01145f?xsec_token=ABNAWfcwn4zvjjpBrow-78994DS0fWMtUZkP8iGoSXICg=&xsec_source=,否,否
小红书,小红书-新疆旅游景区.json,新疆旅游景区,新疆旅游景点,,新疆华仔📷,https://www.xiaohongshu.com/user/profile/5faf6568000000000101ce35?channel_type=web_search_result_notes&parent_page_channel_type=web_profile_board&xsec_token=ABeN_7p0HkqqP93X4V8LQIY3MnO1trfBjXpC3VIpLLsxo=&xsec_source=pc_search,2025-07-07,2025-07-07,2026-03-25,3475,3475,https://www.xiaohongshu.com/search_result?keyword=%25E6%2596%25B0%25E7%2596%2586%25E6%2597%2585%25E6%25B8%25B8%25E6%2599%25AF%25E7%2582%25B9&source=web_explore_feed,https://www.xiaohongshu.com/search_result/686b6aab0000000012016dd1?xsec_token=ABTGjBbHcJP02LO_msG-om4ew8vlxLUlENjsaqicjISn4=&xsec_source=,https://sns-webpic-qc.xhscdn.com/202603251945/b07c52e30d45dce20c047be7d161bf66/1040g2sg31jkhu7rbj67g5ntfclk0bjhl7cr1i9o!nc_n_webp_mw_1,2cb572780874ed213834dcf1f09455955e6e928e2b4a73f4ff8089adfa4acc41,https://www.xiaohongshu.com/search_result/686b6aab0000000012016dd1?xsec_token=ABTGjBbHcJP02LO_msG-om4ew8vlxLUlENjsaqicjISn4=&xsec_source=,是,否
小红书,小红书-西安旅游景点2.json,西安旅游景点2,西安旅游景点,西安路书| 整理了4天的行程安排‼️一定要看,肆意的樊晶,https://www.xiaohongshu.com/user/profile/66dae38f000000001d033782?channel_type=web_search_result_notes&parent_page_channel_type=web_profile_board&xsec_token=ABs-OwZ6PMitLTLEitMZL9uG4JpXMd9SxmFnYMRPI-Ews=&xsec_source=pc_search,2024-09-27,2024-09-27,2026-03-25,3475,3475,https://www.xiaohongshu.com/search_result?keyword=%25E8%25A5%25BF%25E5%25AE%2589%25E6%2597%2585%25E6%25B8%25B8%25E6%2599%25AF%25E7%2582%25B9&source=web_explore_feed,https://www.xiaohongshu.com/search_result/66f63a5e000000002c028a15?xsec_token=ABINPoa3J0bOMSX82qS2eKt0hKgOMy1TPTs92EKTCjLSk=&xsec_source=,https://sns-webpic-qc.xhscdn.com/202603251930/c981b356dda07715a2257204e25a282d/1040g00831884qcvnk6005pmqse7neds21rk0e9o!nc_n_webp_mw_1,2d85361f635ce46d07d20e70d1501fb1b1f793774c11062b9d4d3acbd483d09a,https://www.xiaohongshu.com/search_result/66f63a5e000000002c028a15?xsec_token=ABINPoa3J0bOMSX82qS2eKt0hKgOMy1TPTs92EKTCjLSk=&xsec_source=,否,否
小红书,小红书-西安旅游景点.json,西安旅游景点,西安旅游景点,西安洒金桥-湘子庙-碑林Citywalk吃逛路线！,大牛叔叔,https://www.xiaohongshu.com/user/profile/5d4eb1a700000000160181d2?channel_type=web_search_result_notes&parent_page_channel_type=web_profile_board&xsec_token=AB174tb3FlvKzqIBvkujWbs4-uRHbKsgNIUOSXx1JKVtQ=&xsec_source=pc_search,2025-07-02,2025-07-02,2026-03-25,3471,3471,https://www.xiaohongshu.com/search_result?keyword=%25E8%25A5%25BF%25E5%25AE%2589%25E6%2597%2585%25E6%25B8%25B8%25E6%2599%25AF%25E7%2582%25B9&source=web_explore_feed,https://www.xiaohongshu.com/search_result/6864e948000000001203e4a1?xsec_token=ABJL3s8KVb9llPEJdKXgdrR9rxj0l-pC9HyYyOHnoRitc=&xsec_source=,https://sns-webpic-qc.xhscdn.com/202603251928/a6fb2b79390e873e702e7849a31f4536/spectrum/1040g34o31je7ff44ie105naem6jlj0ei01uljs8!nc_n_webp_mw_1,b504b16c5984197705b9536d08877f53ddb0108c379dbed089a7d554dd469065,https://www.xiaohongshu.com/search_result/6864e948000000001203e4a1?xsec_token=ABJL3s8KVb9llPEJdKXgdrR9rxj0l-pC9HyYyOHnoRitc=&xsec_source=,否,否
小红书,小红书-新疆5A旅游景区.json,新疆5A旅游景区,新疆5A级景区,乌孙古道保姆级徒步攻略｜解锁6天5晚行程,蟹老板的户外Vlog,https://www.xiaohongshu.com/user/profile/61362d2d000000000201ae27?channel_type=web_search_result_notes&parent_page_channel_type=web_profile_board&xsec_token=ABUILXi-Me7CZcrD9CHVg1Ot_bnOQWfyimM1Hta-vbUdw=&xsec_source=pc_search,2025-08-01,2025-08-01,2026-03-25,3412,3412,https://www.xiaohongshu.com/search_result?keyword=%25E6%2596%25B0%25E7%2596%25865A%25E7%25BA%25A7%25E6%2599%25AF%25E5%258C%25BA&source=web_explore_feed,https://www.xiaohongshu.com/search_result/688c907a0000000003027585?xsec_token=ABkszoi_lYm0RvolnEfcbGPVJXzM6ACYRi7J0qMF4n4Fw=&xsec_source=,https://sns-webpic-qc.xhscdn.com/202603251943/f3d0f33a6628bf51f6972dedb6ca70ca/spectrum/1040g34o31kkupc8s36105o9m5kmgjbh7q1artc8!nc_n_webp_mw_1,57e0a3cb5bfdb8da10ca5aefa4914ea67b1fd908780d2557d563de38e4b0ba39,https://www.xiaohongshu.com/search_result/688c907a0000000003027585?xsec_token=ABkszoi_lYm0RvolnEfcbGPVJXzM6ACYRi7J0qMF4n4Fw=&xsec_source=,否,否
小红书,小红书-东三省旅游景区.json,东三省旅游景区,东北旅游景点,,lucky环游记,https://www.xiaohongshu.com/user/profile/64b4b293000000001001e342?channel_type=web_search_result_notes&parent_page_channel_type=web_profile_board&xsec_token=AB4uFoiyVgGwrWDOhSziqSbjvx_nm4pCNn09RmjTKlnK8=&xsec_source=pc_search,2024-11-01,2024-11-01,2026-03-25,3368,3368,https://www.xiaohongshu.com/search_result?keyword=%25E4%25B8%259C%25E5%258C%2597%25E6%2597%2585%25E6%25B8%25B8%25E6%2599%25AF%25E7%2582%25B9&source=web_explore_feed,https://www.xiaohongshu.com/search_result/6724de45000000001b0109fe?xsec_token=ABFxlztoU4k9OJt8a8k-EC6HWbSOVS24RQEsvB7Sww6CQ=&xsec_source=,https://sns-webpic-qc.xhscdn.com/202603251952/3bbe6a6af99613e8f9bd8d701773dab8/spectrum/1040g34o319lmbrmr6ueg5p5kma9k3oq21npgv7o!nc_n_webp_mw_1,4ed395792935b62c71959ab9c274d605767f40943b34f5e3e2ac511077ae9e02,https://www.xiaohongshu.com/search_result/6724de45000000001b0109fe?xsec_token=ABFxlztoU4k9OJt8a8k-EC6HWbSOVS24RQEsvB7Sww6CQ=&xsec_source=,是,否
小红书,小红书-新疆旅游景区.json,新疆旅游景区,新疆旅游景点,8月来新疆一定要慎重，有些景点就别去了,小茗导游丨途悠悠旅行,https://www.xiaohongshu.com/user/profile/5a2e908fdb2e607f851c2416?channel_type=web_search_result_notes&parent_page_channel_type=web_profile_board&xsec_token=ABEmc0KuKCooQUYpZLesWJt5NxHJpJdgJvLIn8V_gDBG8=&xsec_source=pc_search,2025-07-23,2025-07-23,2026-03-25,3354,3354,https://www.xiaohongshu.com/search_result?keyword=%25E6%2596%25B0%25E7%2596%2586%25E6%2597%2585%25E6%25B8%25B8%25E6%2599%25AF%25E7%2582%25B9&source=web_explore_feed,https://www.xiaohongshu.com/search_result/6880b246000000001d00dac9?xsec_token=ABzpBHDHoDpC680tjuBqgj141VFid1xZlEhgmI_iKzINo=&xsec_source=,https://sns-webpic-qc.xhscdn.com/202603251945/3ace77602d78cfecdca9a62ad11f0682/1040g00831k9bu7cfj2704a07i988u90mduq1h40!nc_n_webp_mw_1,1231998c93f834dc5d2a60145e42cfdaf0520b09e40bc5b6b11d957a3468c655,https://www.xiaohongshu.com/search_result/6880b246000000001d00dac9?xsec_token=ABzpBHDHoDpC680tjuBqgj141VFid1xZlEhgmI_iKzINo=&xsec_source=,否,否
小红书,小红书-全国旅游景区2.json,全国旅游景区2,5A级景区,3.21实拍！！！春天的九寨沟真的杀疯了！！🌸,金小鱼,https://www.xiaohongshu.com/user/profile/565f12b750c4b43989f27252?channel_type=web_search_result_notes&parent_page_channel_type=web_profile_board&xsec_token=ABYuRfOA5zw80Ap_yliSpE4i_0MhP2vj04OEdTyaL3eRo=&xsec_source=pc_search,3天前,2026-03-22,2026-03-25,3296,3296,https://www.xiaohongshu.com/search_result?keyword=5A%25E7%25BA%25A7%25E6%2599%25AF%25E5%258C%25BA&source=web_explore_feed,https://www.xiaohongshu.com/search_result/69be9247000000001a023524?xsec_token=ABqItCO4Ir_VAvM3EXd_-pNWt2KI2uja5f2I_KZw5LH8k=&xsec_source=,https://sns-webpic-qc.xhscdn.com/202603251936/70f3e1a8488a0402821aa6d4da963f14/notes_pre_post/1040g3k031tvoic0cn81g43l0829besiilfadov8!nc_n_webp_mw_1,28d7a64dc1f467a62f39b3fe751ad0661a0b4c1b2be769c03096e06de9fa5784,https://www.xiaohongshu.com/search_result/69be9247000000001a023524?xsec_token=ABqItCO4Ir_VAvM3EXd_-pNWt2KI2uja5f2I_KZw5LH8k=&xsec_source=,否,否
小红书,小红书-江苏省旅游景区.json,江苏省旅游景区,江苏省5A级景区,江苏盐城📍旅游攻略来了！！这条路线超好逛～,奔跑的熊同学,https://www.xiaohongshu.com/user/profile/6551ee3c0000000004039e50?channel_type=web_search_result_notes&parent_page_channel_type=web_profile_board&xsec_token=ABGb0QD7HtT5zyBMuxgmnHqNog2TAby4byPxyMtEqDPh4=&xsec_source=pc_search,2025-06-18,2025-06-18,2026-03-25,3290,3290,https://www.xiaohongshu.com/search_result?keyword=%25E6%25B1%259F%25E8%258B%258F%25E7%259C%25815A%25E7%25BA%25A7%25E6%2599%25AF%25E5%258C%25BA&source=web_explore_feed,https://www.xiaohongshu.com/search_result/68522ffc000000002301325c?xsec_token=ABpt6DYBSy-fd5Q0FaZmGV0OTVqToJofGCEqbAm3FJm-c=&xsec_source=,https://sns-webpic-qc.xhscdn.com/202603251940/9e051ae34b7750f5e8a8b9f262b5a143/1040g00831irui0t40s005pahtou177igcs6lpkg!nc_n_webp_mw_1,8c825a8aaa1f6b5e3cf2d90cbb8a18fecaa30be1e8a9d5f77fb667c8a36a0c9d,https://www.xiaohongshu.com/search_result/68522ffc000000002301325c?xsec_token=ABpt6DYBSy-fd5Q0FaZmGV0OTVqToJofGCEqbAm3FJm-c=&xsec_source=,否,否
小红书,小红书-东三省旅游景区.json,东三省旅游景区,东北旅游景点,终于轮到我拍这个机位了！！！,宁小宁,https://www.xiaohongshu.com/user/profile/618222180000000010008c19?channel_type=web_search_result_notes&parent_page_channel_type=web_profile_board&xsec_token=ABMxpjSr4DbuCQK9ODYoVmfajR-w31WGFf6aS4k3iLp6U=&xsec_source=pc_search,2025-02-08,2025-02-08,2026-03-25,3274,3274,https://www.xiaohongshu.com/search_result?keyword=%25E4%25B8%259C%25E5%258C%2597%25E6%2597%2585%25E6%25B8%25B8%25E6%2599%25AF%25E7%2582%25B9&source=web_explore_feed,https://www.xiaohongshu.com/search_result/6796e963000000002a00dba8?xsec_token=ABWO2vjpjLjoT0Sq7KDRhq38p9n4Xsy1jcLve-IS7Bkzo=&xsec_source=,https://sns-webpic-qc.xhscdn.com/202603251952/a0a7acc2af4570d739217a1a3d8fb9ba/1040g00831d527eg0gc005oc248c4130p0is7an0!nc_n_webp_mw_1,6f732a8cc80c95e2523779d1020296713d06d2ff8df08914cf9d0a3ade40883b,https://www.xiaohongshu.com/search_result/6796e963000000002a00dba8?xsec_token=ABWO2vjpjLjoT0Sq7KDRhq38p9n4Xsy1jcLve-IS7Bkzo=&xsec_source=,否,否
小红书,小红书-全国旅游景区2.json,全国旅游景区2,5A级景区,,辉Lune,https://www.xiaohongshu.com/user/profile/6893b97d0000000028028f5a?channel_type=web_search_result_notes&parent_page_channel_type=web_profile_board&xsec_token=ABABWE0yYGFnUlE5a7GIvsbhsiQR_BOB2rJUDc3ZJV_1I=&xsec_source=pc_search,01-26,2026-01-26,2026-03-25,3232,3232,https://www.xiaohongshu.com/search_result?keyword=5A%25E7%25BA%25A7%25E6%2599%25AF%25E5%258C%25BA&source=web_explore_feed,https://www.xiaohongshu.com/search_result/6976f4ab000000000e00f67f?xsec_token=ABmRRO4EzMJQtmkeiQvZlkbGBRBE04kgNNCHmDqirMHbc=&xsec_source=,https://sns-webpic-qc.xhscdn.com/202603251936/af6b3fddf3ebe52fe701bf4c9bfc542e/1040g00831rprirmv2g5g5q4jn5uq53qq9h7b3g0!nc_n_webp_mw_1,b0482aeae44c9e8fecb92fc2999e5633930c8e1006fac2db68c72f7bdec196a0,https://www.xiaohongshu.com/search_result/6976f4ab000000000e00f67f?xsec_token=ABmRRO4EzMJQtmkeiQvZlkbGBRBE04kgNNCHmDqirMHbc=&xsec_source=,是,否
小红书,小红书-西安旅游景点2.json,西安旅游景点2,西安旅游景点,西安四日三晚游,cherry,https://www.xiaohongshu.com/user/profile/57f9a909a9b2ed5a6e74ad1f?channel_type=web_search_result_notes&parent_page_channel_type=web_profile_board&xsec_token=ABm4BTibmZuB07qSrtKhoJNwyphxOGSUrPyRLhck4eBMU=&xsec_source=pc_search,2025-11-20,2025-11-20,2026-03-25,3218,3218,https://www.xiaohongshu.com/search_result?keyword=%25E8%25A5%25BF%25E5%25AE%2589%25E6%2597%2585%25E6%25B8%25B8%25E6%2599%25AF%25E7%2582%25B9&source=web_explore_feed,https://www.xiaohongshu.com/search_result/69134ba2000000000300cce4?xsec_token=ABaCJKeer2QDKfsBHKe1Dkaz1EXBii-U3twzWeeqoov2s=&xsec_source=,https://sns-webpic-qc.xhscdn.com/202603251930/e94df42efff40fd7d3b833f07e5b448b/notes_pre_post/1040g3k831ooh791j580048offokgjb8vsv8igno!nc_n_webp_mw_1,26ed52212002f8a54ef2eb4389cc2b870c39d41c0db096ecdc16d3e26ad30258,https://www.xiaohongshu.com/search_result/69134ba2000000000300cce4?xsec_token=ABaCJKeer2QDKfsBHKe1Dkaz1EXBii-U3twzWeeqoov2s=&xsec_source=,否,否
小红书,小红书-全国旅游景区2.json,全国旅游景区2,5A级景区,最有可能升6A的十大景区，你最看好哪一个？,国旅臻选,https://www.xiaohongshu.com/user/profile/6355ef65000000001901d2ec?channel_type=web_search_result_notes&parent_page_channel_type=web_profile_board&xsec_token=ABHjMeI6Ra5gLNNM6_a4j5v2nZIaNpQuI3DdyQiQ_8cTY=&xsec_source=pc_search,2025-12-03,2025-12-03,2026-03-25,3195,3195,https://www.xiaohongshu.com/search_result?keyword=5A%25E7%25BA%25A7%25E6%2599%25AF%25E5%258C%25BA&source=web_explore_feed,https://www.xiaohongshu.com/search_result/6930177a000000001f00a284?xsec_token=ABMA4ykMGOvP_9OmZPVi9Kg1VZGzMWwYyBwap1nCLrxnM=&xsec_source=,https://sns-webpic-qc.xhscdn.com/202603251936/bf2926301c627acedcda80645fd6e3ef/spectrum/1040g0k031pkl2n4j3u705oqlttimbknckhtjpo8!nc_n_webp_mw_1,51b8a2e12921ad65e3e87c33710783661cb030147705f25a1db7ec2d7b794996,https://www.xiaohongshu.com/search_result/6930177a000000001f00a284?xsec_token=ABMA4ykMGOvP_9OmZPVi9Kg1VZGzMWwYyBwap1nCLrxnM=&xsec_source=,否,否
小红书,小红书-西安旅游景点2.json,西安旅游景点2,西安旅游景点,西安一日游保姆级攻略,暴躁小帅-攻略版,https://www.xiaohongshu.com/user/profile/6652c0ab0000000007006634?channel_type=web_search_result_notes&parent_page_channel_type=web_profile_board&xsec_token=AB_7IUq2eU_s_Af1l72mPLY_9uEcusl5r_AKQIZBMiBTU=&xsec_source=pc_search,03-07,2026-03-07,2026-03-25,3192,3192,https://www.xiaohongshu.com/search_result?keyword=%25E8%25A5%25BF%25E5%25AE%2589%25E6%2597%2585%25E6%25B8%25B8%25E6%2599%25AF%25E7%2582%25B9&source=web_explore_feed,https://www.xiaohongshu.com/search_result/69ac06920000000015022a4f?xsec_token=AB24gsfBgxqg7GfPxa3femYeTgsSaqay2L05mmhpXBDNw=&xsec_source=,https://sns-webpic-qc.xhscdn.com/202603251930/70d997745e7421812e78a67b4ad6e34b/1040g2sg31tdlvuplls705piio2lhophkrs6qnl8!nc_n_webp_mw_1,54168c1c3fccf3e2e19385cf79a3ff7024eb0be38d19acbe4fc6236c4890b231,https://www.xiaohongshu.com/search_result/69ac06920000000015022a4f?xsec_token=AB24gsfBgxqg7GfPxa3femYeTgsSaqay2L05mmhpXBDNw=&xsec_source=,否,否
小红书,小红书-全国旅游景区1.json,全国旅游景区1,全国5A级景区,中国含金量超高的30个5A景区，你去过几个？,中国旅游推荐官,https://www.xiaohongshu.com/user/profile/6471cdce000000001f005b0e?channel_type=web_search_result_notes&parent_page_channel_type=web_profile_board&xsec_token=ABZ_CkUNMGg-0MQLJT9kSJ0oZJ13Zdi-belLs96S40jaM=&xsec_source=pc_search,2025-07-03,2025-07-03,2026-03-25,3187,3187,https://www.xiaohongshu.com/search_result?keyword=%25E5%2585%25A8%25E5%259B%25BD5A%25E7%25BA%25A7%25E6%2599%25AF%25E5%258C%25BA&source=web_explore_feed,https://www.xiaohongshu.com/search_result/6865ea14000000002201d68c?xsec_token=ABoeTg2SMVEzObN7ppiXYoErVHNoTSN8pxJnmStnGEWyU=&xsec_source=,https://sns-webpic-qc.xhscdn.com/202603251933/df7a56e615c463c267937e65769c449f/1040g00831jf71jj1io005p3hpn77omoevs2pof0!nc_n_webp_mw_1,5fb054619937e14ae9cb3ff5840e1e1ee7ff45270ab095c9dd6d35888c25a82b,https://www.xiaohongshu.com/search_result/6865ea14000000002201d68c?xsec_token=ABoeTg2SMVEzObN7ppiXYoErVHNoTSN8pxJnmStnGEWyU=&xsec_source=,否,否
小红书,小红书-西安旅游景点2.json,西安旅游景点2,西安旅游景点,西安经典一日游citywalk路线，热门逛街地！,轻工探店日记（重生版）,https://www.xiaohongshu.com/user/profile/6801c121000000000e0135d6?channel_type=web_search_result_notes&parent_page_channel_type=web_profile_board&xsec_token=ABn8fxMNJU7LG7sDdem_ms77VbYarI1UUkiZG4fZMVk8w=&xsec_source=pc_search,2025-09-27,2025-09-27,2026-03-25,3139,3139,https://www.xiaohongshu.com/search_result?keyword=%25E8%25A5%25BF%25E5%25AE%2589%25E6%2597%2585%25E6%25B8%25B8%25E6%2599%25AF%25E7%2582%25B9&source=web_explore_feed,https://www.xiaohongshu.com/search_result/68d64bc8000000001003d0f1?xsec_token=ABFkPAQR4_skZK-K8ByrOzuFBI_8q_C0iJavePa1mGvwA=&xsec_source=,https://sns-webpic-qc.xhscdn.com/202603251930/4da7129b296bfc097d645cf0175f9a46/notes_pre_post/1040g3k031msuqc645i0g5q01o4gjidem3q8oqsg!nc_n_webp_mw_1,47fafcdb66e94afb0a6848d5f1889826542f15166893f4eb0af5bbeca2e92113,https://www.xiaohongshu.com/search_result/68d64bc8000000001003d0f1?xsec_token=ABFkPAQR4_skZK-K8ByrOzuFBI_8q_C0iJavePa1mGvwA=&xsec_source=,否,否
小红书,小红书-新疆旅游景区.json,新疆旅游景区,新疆旅游景点,,剥了皮吐了核吃,https://www.xiaohongshu.com/user/profile/5d944ae0000000000100aaf4?channel_type=web_search_result_notes&parent_page_channel_type=web_profile_board&xsec_token=ABV5h94rCb4t_mNIy7sF7VxeOEt7GoWxUzY5FN3pJaDJg=&xsec_source=pc_search,2025-08-12,2025-08-12,2026-03-25,3070,3070,https://www.xiaohongshu.com/search_result?keyword=%25E6%2596%25B0%25E7%2596%2586%25E6%2597%2585%25E6%25B8%25B8%25E6%2599%25AF%25E7%2582%25B9&source=web_explore_feed,https://www.xiaohongshu.com/search_result/689af510000000001b01cdc0?xsec_token=AB4KF_RibBysdnl4RpeTg7Wj_vF_eElqjtAD_kWaYybYY=&xsec_source=,https://sns-webpic-qc.xhscdn.com/202603251945/5d3263e6f837b0584ceb7360e35073e4/notes_pre_post/1040g3k831l30itu2j4005nck9bg09ankevvnn88!nc_n_webp_mw_1,77ae312cd91f6bc637d5aa9788934388454e8d10590ac7ca52cd97878aded2d4,https://www.xiaohongshu.com/search_result/689af510000000001b01cdc0?xsec_token=AB4KF_RibBysdnl4RpeTg7Wj_vF_eElqjtAD_kWaYybYY=&xsec_source=,是,否
小红书,小红书-新疆5A旅游景区.json,新疆5A旅游景区,新疆5A级景区,我在新疆赛里木湖，很想和你交换春天！,H.先森,https://www.xiaohongshu.com/user/profile/60fa3d13000000002002e0c0?channel_type=web_search_result_notes&parent_page_channel_type=web_profile_board&xsec_token=AB64WmdScfW6PHQhFdzi4qeQcZ-Uf7iOasf26P_u_XNx0=&xsec_source=pc_search,3天前,2026-03-22,2026-03-25,3051,3051,https://www.xiaohongshu.com/search_result?keyword=%25E6%2596%25B0%25E7%2596%25865A%25E7%25BA%25A7%25E6%2599%25AF%25E5%258C%25BA&source=web_explore_feed,https://www.xiaohongshu.com/search_result/69bf64010000000023027837?xsec_token=ABCqUKelMSCKMCxkEYIRl5HIKjwK8y3N8sgD6hzA8E2r0=&xsec_source=,https://sns-webpic-qc.xhscdn.com/202603251944/56b5556643aa67fddd8f69095e6d4fcf/1040g00831u0iln9pha6g5o7q7k9o5o603ndegc0!nc_n_webp_mw_1,5dc9afe95ddf29d7e27c71ffa42934f32afc1266b70059465be0bfc247313144,https://www.xiaohongshu.com/search_result/69bf64010000000023027837?xsec_token=ABCqUKelMSCKMCxkEYIRl5HIKjwK8y3N8sgD6hzA8E2r0=&xsec_source=,否,否
小红书,小红书-东三省旅游景区.json,东三省旅游景区,东北旅游景点,就为了这24张Live图🌊我要去趟淡季的大连！！,长野青一,https://www.xiaohongshu.com/user/profile/5c246609000000000701f3bd?channel_type=web_search_result_notes&parent_page_channel_type=web_profile_board&xsec_token=ABZu5JdkgM9POlIQ5ewjzOfionyuaTZkES4n-GPouF17U=&xsec_source=pc_search,2025-09-25,2025-09-25,2026-03-25,3001,3001,https://www.xiaohongshu.com/search_result?keyword=%25E4%25B8%259C%25E5%258C%2597%25E6%2597%2585%25E6%25B8%25B8%25E6%2599%25AF%25E7%2582%25B9&source=web_explore_feed,https://www.xiaohongshu.com/search_result/68d34093000000001101e407?xsec_token=ABYqAvfJTKFza1KzEXML9QNZbRTt2kI6FIJ5iJIqjrBGY=&xsec_source=,https://sns-webpic-qc.xhscdn.com/202603251952/1f963b322d187ecce81c3a7b8fd01b4d/notes_pre_post/1040g3k831mpv8cf96ga05n14co4hrsttl61dlh8!nc_n_webp_mw_1,44b327fd47a1ced79b168706c352b54f96f1d390b829f3d74bcd3b2c00439085,https://www.xiaohongshu.com/search_result/68d34093000000001101e407?xsec_token=ABYqAvfJTKFza1KzEXML9QNZbRTt2kI6FIJ5iJIqjrBGY=&xsec_source=,否,否
小红书,小红书-东三省旅游景区.json,东三省旅游景区,东北旅游景点,东北9个最值得去的城市🔥东北游玩攻略,沈阳团建王大拿,https://www.xiaohongshu.com/user/profile/65dc2f0c0000000005008ba6?channel_type=web_search_result_notes&parent_page_channel_type=web_profile_board&xsec_token=ABBaMu1zAj7mT_IAA6ydozHW58b0uEvFTIv6iYUSh2WGc=&xsec_source=pc_search,2025-04-29,2025-04-29,2026-03-25,2854,2854,https://www.xiaohongshu.com/search_result?keyword=%25E4%25B8%259C%25E5%258C%2597%25E6%2597%2585%25E6%25B8%25B8%25E6%2599%25AF%25E7%2582%25B9&source=web_explore_feed,https://www.xiaohongshu.com/search_result/6810453a000000002102c833?xsec_token=ABvXHv48z1KzpxHfiNY8psZXfo_GS5zuY6r_XJfKm-6M4=&xsec_source=,https://sns-webpic-qc.xhscdn.com/202603251952/0e3cb21c43c5fc9d111c4fcdd800fa08/1040g2sg31gril0rg3sng5pes5s6192t6b397nvg!nc_n_webp_mw_1,0207678d233da468cf0852625804c3f430fbe36e63f370d374c2c380235c2d6b,https://www.xiaohongshu.com/search_result/6810453a000000002102c833?xsec_token=ABvXHv48z1KzpxHfiNY8psZXfo_GS5zuY6r_XJfKm-6M4=&xsec_source=,否,否
小红书,小红书-东三省旅游景区.json,东三省旅游景区,东北旅游景点,没有一座城市能在冬天战胜哈尔滨！,一个人的莎士比亚,https://www.xiaohongshu.com/user/profile/5ff85c680000000001003842?channel_type=web_search_result_notes&parent_page_channel_type=web_profile_board&xsec_token=ABVBwoFls8Hor8tMNEsn7DAS-dNQcSKfQfJZ35VPu4Qe4=&xsec_source=pc_search,03-11,2026-03-11,2026-03-25,2802,2802,https://www.xiaohongshu.com/search_result?keyword=%25E4%25B8%259C%25E5%258C%2597%25E6%2597%2585%25E6%25B8%25B8%25E6%2599%25AF%25E7%2582%25B9&source=web_explore_feed,https://www.xiaohongshu.com/search_result/6795ba17000000001800c264?xsec_token=ABO8wY1CzBejov0yBUpmhywBUFrYc-dzwBgpCMKvqU-qs=&xsec_source=,https://sns-webpic-qc.xhscdn.com/202603251952/73aad68592d1f75ed50444d481df01e6/spectrum/1040g34o31tij2t8v5e105nvobhk08e22n3otk7g!nc_n_webp_mw_1,b1331f76f18a4c5dd3209e3c44428c9720504ce0b6029e85d35919e00b86f3b3,https://www.xiaohongshu.com/search_result/6795ba17000000001800c264?xsec_token=ABO8wY1CzBejov0yBUpmhywBUFrYc-dzwBgpCMKvqU-qs=&xsec_source=,否,否
小红书,小红书-新疆旅游景区.json,新疆旅游景区,新疆旅游景点,盘点6个新疆【不值得】去的景点,胡子大叔玩新疆,https://www.xiaohongshu.com/user/profile/5e17d8a10000000001005796?channel_type=web_search_result_notes&parent_page_channel_type=web_profile_board&xsec_token=ABXHB_618SbdeQBMCc3n_0tUczNkIYeg1vTJjLog5aE34=&xsec_source=pc_search,2025-06-06,2025-06-06,2026-03-25,2735,2735,https://www.xiaohongshu.com/search_result?keyword=%25E6%2596%25B0%25E7%2596%2586%25E6%2597%2585%25E6%25B8%25B8%25E6%2599%25AF%25E7%2582%25B9&source=web_explore_feed,https://www.xiaohongshu.com/search_result/6842c8aa00000000210094ef?xsec_token=ABkX1_GX8gyaln22kshi19ixSRChEgrrFKGScLIcz-kVc=&xsec_source=,https://sns-webpic-qc.xhscdn.com/202603251945/dcde0795efad8210b4e7c4c3ea40f924/spectrum/1040g0k031icsodv77s005ngnr2gg8lsmhqokfeg!nc_n_webp_mw_1,3ec391d86a53dc4f8bf37b0b6390da64fb91af78947b9529f0fe53573347cb59,https://www.xiaohongshu.com/search_result/6842c8aa00000000210094ef?xsec_token=ABkX1_GX8gyaln22kshi19ixSRChEgrrFKGScLIcz-kVc=&xsec_source=,否,否
小红书,小红书-新疆旅游景区.json,新疆旅游景区,新疆旅游景点,,米米旅行日记,https://www.xiaohongshu.com/user/profile/68467a3c000000001b022679?channel_type=web_search_result_notes&parent_page_channel_type=web_profile_board&xsec_token=ABFT1QC_qroL0-8e9GUhBEZUDQA1D_VocmKI5djGaLAO8=&xsec_source=pc_search,2025-06-27,2025-06-27,2026-03-25,2698,2698,https://www.xiaohongshu.com/search_result?keyword=%25E6%2596%25B0%25E7%2596%2586%25E6%2597%2585%25E6%25B8%25B8%25E6%2599%25AF%25E7%2582%25B9&source=web_explore_feed,https://www.xiaohongshu.com/search_result/685e5e27000000000d0180b0?xsec_token=AB27uU-IMGJcgdNpTkby_jSc2jl_sJU_6_PzHRUunuStU=&xsec_source=,https://sns-webpic-qc.xhscdn.com/202603251945/7359fdc341c514a554e29912f8775992/1040g2sg31j7r6cih2a505q26f8u6s9jp3fkf17o!nc_n_webp_mw_1,a9014699fe66a95d6be041e9e2213ba34d8b197c12419c274ac634f337ffcf35,https://www.xiaohongshu.com/search_result/685e5e27000000000d0180b0?xsec_token=AB27uU-IMGJcgdNpTkby_jSc2jl_sJU_6_PzHRUunuStU=&xsec_source=,是,否
小红书,小红书-东三省旅游景区.json,东三省旅游景区,东北旅游景点,,陶陶,https://www.xiaohongshu.com/user/profile/5e5147480000000001006af1?channel_type=web_search_result_notes&parent_page_channel_type=web_profile_board&xsec_token=AB5azhS0gG_qPT4jTsarY72NDNBfUEsSkq9Bch0QflO_c=&xsec_source=pc_search,2025-08-18,2025-08-18,2026-03-25,2662,2662,https://www.xiaohongshu.com/search_result?keyword=%25E4%25B8%259C%25E5%258C%2597%25E6%2597%2585%25E6%25B8%25B8%25E6%2599%25AF%25E7%2582%25B9&source=web_explore_feed,https://www.xiaohongshu.com/search_result/68a2c0eb000000001b0374c6?xsec_token=AB4bl6BaW2N0inJxCHSu7-3AL0NqFY-dz5cs-wGt2QRnQ=&xsec_source=,https://sns-webpic-qc.xhscdn.com/202603251952/3244da30ad687a6ac3850b2b857aff54/notes_pre_post/1040g3k831lak9di05mdg5nih8t408qnhalhs4m8!nc_n_webp_mw_1,9e7118c0e88c1a6ae4dcd0f4e6264059d45d38f17709027378158c36d096187a,https://www.xiaohongshu.com/search_result/68a2c0eb000000001b0374c6?xsec_token=AB4bl6BaW2N0inJxCHSu7-3AL0NqFY-dz5cs-wGt2QRnQ=&xsec_source=,是,否
小红书,小红书-东三省旅游景区.json,东三省旅游景区,东北旅游景点,求求了‼️这个冬天一定要来看童话镇❄️附攻略,盲桃酱旅行记,https://www.xiaohongshu.com/user/profile/5a41d9abe8ac2b7dd4986135?channel_type=web_search_result_notes&parent_page_channel_type=web_profile_board&xsec_token=ABq07n9-ivRZrdUuFb2e90YRGwFLzKP0CCadbAZ9NKrt4=&xsec_source=pc_search,2024-12-07,2024-12-07,2026-03-25,2657,2657,https://www.xiaohongshu.com/search_result?keyword=%25E4%25B8%259C%25E5%258C%2597%25E6%2597%2585%25E6%25B8%25B8%25E6%2599%25AF%25E7%2582%25B9&source=web_explore_feed,https://www.xiaohongshu.com/search_result/67457f39000000000702a967?xsec_token=ABU2RzOF4nKYD-mI5qycVOMHA0wmVooG-ObOkaaGNYufg=&xsec_source=,https://sns-webpic-qc.xhscdn.com/202603251952/770c51c8d314b2df702f763a2d64cc75/1040g00831ali0pajni004a0g5kcqmo9lq2poii8!nc_n_webp_mw_1,7cab4d7600aaf35d9cb2b5ce7b0cc0b7a0cdfa7df9e2fdcd58b08638684888ef,https://www.xiaohongshu.com/search_result/67457f39000000000702a967?xsec_token=ABU2RzOF4nKYD-mI5qycVOMHA0wmVooG-ObOkaaGNYufg=&xsec_source=,否,否
小红书,小红书-东三省旅游景区.json,东三省旅游景区,东北旅游景点,世界上只有辽宁才有的13大奇景,云南嘉宝国际旅行社,https://www.xiaohongshu.com/user/profile/68786507000000001d023385?channel_type=web_search_result_notes&parent_page_channel_type=web_profile_board&xsec_token=ABVGjSymSKIVuFvx6hwBiRdr8ZQ2s39RnjcTzaDXw4JZ0=&xsec_source=pc_search,2025-11-28,2025-11-28,2026-03-25,2643,2643,https://www.xiaohongshu.com/search_result?keyword=%25E4%25B8%259C%25E5%258C%2597%25E6%2597%2585%25E6%25B8%25B8%25E6%2599%25AF%25E7%2582%25B9&source=web_explore_feed,https://www.xiaohongshu.com/search_result/692961e7000000001e00d3ae?xsec_token=ABXZvSBk0ItZa7U__gH-nsIDPeg7r4blHA9aexhApz2Xg=&xsec_source=,https://sns-webpic-qc.xhscdn.com/202603251952/e778df72e7b5373dbce2ba1c976a88f2/spectrum/1040g34o31pe378vri8005q3ock3nccs541vbr7g!nc_n_webp_mw_1,27be009854859a68bb74ce0c63f8a6321c01330f3a36662c4b5adb68f283db63,https://www.xiaohongshu.com/search_result/692961e7000000001e00d3ae?xsec_token=ABXZvSBk0ItZa7U__gH-nsIDPeg7r4blHA9aexhApz2Xg=&xsec_source=,否,否
小红书,小红书-全国旅游景区1.json,全国旅游景区1,全国5A级景区,全国最顶的10个5A级景区，你去过哪一个？,中国旅行,https://www.xiaohongshu.com/user/profile/65a9ddef000000000800782d?channel_type=web_search_result_notes&parent_page_channel_type=web_profile_board&xsec_token=ABLojxw4xKG_bPupkO41yrtdV5hADl9-VDDlX_FKdP2o8=&xsec_source=pc_search,2025-09-30,2025-09-30,2026-03-25,2590,2590,https://www.xiaohongshu.com/search_result?keyword=%25E5%2585%25A8%25E5%259B%25BD5A%25E7%25BA%25A7%25E6%2599%25AF%25E5%258C%25BA&source=web_explore_feed,https://www.xiaohongshu.com/search_result/68db9e340000000003023e9a?xsec_token=ABHnzqJI49jS1IuEM51edAGTXm2p5pHsTkPPHrULuoht0=&xsec_source=,https://sns-webpic-qc.xhscdn.com/202603251933/8e8209b355e79bd7d5442805c1da316d/spectrum/1040g34o31n2556vgku0g5pd9rnni0u1d59pccfg!nc_n_webp_mw_1,cfb0e2439a64cdafa8407401aeca50b783dd7e7f1537a68c948f44f549803b66,https://www.xiaohongshu.com/search_result/68db9e340000000003023e9a?xsec_token=ABHnzqJI49jS1IuEM51edAGTXm2p5pHsTkPPHrULuoht0=&xsec_source=,否,否
小红书,小红书-全国旅游景区2.json,全国旅游景区2,5A级景区,走过路过不要错过这个深圳 5A 景区,喵喵安酱,https://www.xiaohongshu.com/user/profile/558bcae3484fb61a943b26aa?channel_type=web_search_result_notes&parent_page_channel_type=web_profile_board&xsec_token=ABt5MpeDE1E_DqC1yGfmF68GXxzYp1CXLp7xWw6TrE2wQ=&xsec_source=pc_search,3天前,2026-03-22,2026-03-25,2589,2589,https://www.xiaohongshu.com/search_result?keyword=5A%25E7%25BA%25A7%25E6%2599%25AF%25E5%258C%25BA&source=web_explore_feed,https://www.xiaohongshu.com/search_result/69bfb669000000002200132b?xsec_token=ABCqUKelMSCKMCxkEYIRl5HF1I2TwkhPeEA0uw24EUtHo=&xsec_source=,https://sns-webpic-qc.xhscdn.com/202603251936/0d52629e3e76d276ada85de15a6d0904/1040g2sg31u0sl167mus040sa7j5e69labe8fk50!nc_n_webp_mw_1,aacd71835098b1a14742cc5881df5553cd3c582565fc072e2f435d8a59188db0,https://www.xiaohongshu.com/search_result/69bfb669000000002200132b?xsec_token=ABCqUKelMSCKMCxkEYIRl5HF1I2TwkhPeEA0uw24EUtHo=&xsec_source=,否,否
小红书,小红书-全国旅游景区1.json,全国旅游景区1,全国5A级景区,大盘点 | 中国358个5A级景区最新整理,菜狗旅行版,https://www.xiaohongshu.com/user/profile/67a71b0d000000000e01f710?channel_type=web_search_result_notes&parent_page_channel_type=web_profile_board&xsec_token=ABtJP4dXf2Ov-5W1Pjw7pbE4S5WoQOpkVmwxvViPemkSs=&xsec_source=pc_search,2025-09-17,2025-09-17,2026-03-25,2538,2538,https://www.xiaohongshu.com/search_result?keyword=%25E5%2585%25A8%25E5%259B%25BD5A%25E7%25BA%25A7%25E6%2599%25AF%25E5%258C%25BA&source=web_explore_feed,https://www.xiaohongshu.com/search_result/68ca7d36000000001301660d?xsec_token=ABkIthCg-QntutkrBIY3StsHNWnevwy_A9uFpln_bpWb0=&xsec_source=,https://sns-webpic-qc.xhscdn.com/202603251933/15b11c8e67917cf25644d31d948b3ea5/spectrum/1040g34o31mhdvgdm4qe05pt73c6jjtogkcaqjs0!nc_n_webp_mw_1,4df4dafaff09ce6ce59ae801c0ee01615070953b38d4b92145953edc3d7c4419,https://www.xiaohongshu.com/search_result/68ca7d36000000001301660d?xsec_token=ABkIthCg-QntutkrBIY3StsHNWnevwy_A9uFpln_bpWb0=&xsec_source=,否,否
